site_spp,A,A(obs),CO2,Ci,Ci(obs),E,E(obs),PPFD,Patm,Pleaf,Pleaf(obs),Ps,Rublim(obs),Tair,Tleaf,Tleaf(obs),VPD,doy,gb,gb(obs),gs,gs(obs),hod
Corrigin_Eucalyptus_capillosa,10.9,12.646350287310257,34.83654825,23.811375,23.520124571346365,3.0,3.5840857625685723,1700.0,98.83,,-4.22126798980721,-3.3,True,20.87,20.32,23.11881193209723,1.7,89,2.84,2.84,0.183,0.183,9.0
Corrigin_Eucalyptus_capillosa,14.9,10.607397460396287,34.4768445,18.137175,24.194977415940343,4.64,5.436897355354684,2092.0,98.76,,-4.943831119067767,-3.3,True,27.11,26.76,29.566862364827603,2.84,89,2.84,2.84,0.168,0.168,9.0
Corrigin_Eucalyptus_capillosa,9.72,7.126603550183551,35.0037345,23.9127,28.13779467322132,4.45,4.033460476995471,268.0,98.76,,-4.365780615659322,-3.3,False,26.8,26.07,25.874908983785602,2.7,89,2.84,2.84,0.16899999999999998,0.16899999999999998,9.0
Corrigin_Eucalyptus_capillosa,14.8,13.615574464205412,34.799058,23.406075,25.536425934341676,3.94,4.590150277967725,1701.0,98.83,,-4.582549554437488,-3.3,True,20.92,20.34,22.88056125075011,1.7,89,2.84,2.84,0.245,0.245,9.0
Corrigin_Eucalyptus_capillosa,13.3,12.467016772421458,34.482924,21.27825,23.384533168154217,3.21,3.6650873255322782,1495.0,98.83,,-5.137430325900146,-3.8,True,21.76,21.04,23.545528671664467,1.8,89,2.84,2.84,0.184,0.184,9.0
Corrigin_Eucalyptus_capillosa,10.6,4.799201105145557,34.72103775,23.406075,30.195824309517906,2.98,2.7194149406574057,147.0,98.82,,-4.6864363787942835,-3.8,False,21.84,20.86,21.04910974418358,1.78,89,2.84,2.84,0.173,0.173,9.0
Corrigin_Eucalyptus_capillosa,12.4,10.588474896995587,35.09594025,18.2385,22.162312883220388,3.18,3.6928557096584718,1758.0,98.77,,-4.091196358127744,-3.2,True,25.27,24.71,27.55481403544529,2.43,89,2.84,2.84,0.132,0.132,9.0
Corrigin_Eucalyptus_capillosa,15.3,11.269602670212477,35.05845,17.326575,23.33035959646896,3.79,4.4235865886381465,1915.0,98.77,,-4.332562038454007,-3.2,True,25.23,24.92,27.63060378775375,2.47,89,2.84,2.84,0.156,0.156,9.0
Corrigin_Eucalyptus_capillosa,12.2,7.7605849447903035,35.4211935,10.74045,21.04426996864683,2.61,2.867062066237338,1286.0,98.7,,-4.748642440464057,-3.8,True,29.12,29.04,30.60871365963018,3.01,89,2.84,2.84,0.086,0.086,11.5
Corrigin_Eucalyptus_capillosa,9.72,6.929015332598818,35.4374055,11.855025,20.203071976533877,2.28,2.618030822829336,1639.0,98.69,,-4.639781832541952,-3.8,True,28.93,29.36,31.2242966663906,3.12,89,2.84,2.84,0.07200000000000001,0.07200000000000001,11.5
Corrigin_Eucalyptus_capillosa,10.8,7.633846280825389,35.12836425,13.17225,20.988640546684685,2.47,2.898729813920008,1730.0,98.68,,-3.868397268595808,-3.2,True,28.51,28.23,30.950918321734818,2.85,89,2.84,2.84,0.0858,0.0858,11.5
Corrigin_Eucalyptus_capillosa,9.24,6.534285575705836,35.011840500000005,9.48402,18.46375909354371,1.8,2.0017196736454164,1224.0,98.66,,-3.6455981790638723,-3.2,True,28.5,28.14,30.113067687642484,2.84,89,2.84,2.84,0.0624,0.0624,11.5
Corrigin_Eucalyptus_capillosa,6.59,3.85072930264732,35.2104375,20.366325,27.648763816600464,2.38,2.1823763738955706,170.0,98.58,,-3.8057941904823895,-3.3,False,30.45,29.29,29.79532070629884,2.91,89,2.84,2.84,0.0807,0.0807,13.0
Corrigin_Eucalyptus_capillosa,6.23,3.8433284158348457,35.36546475,8.9064675,20.579839359664355,1.57,1.9081330433846482,1941.0,98.49,,-4.375406070445411,-3.8,True,32.09,32.49,35.217525995039395,3.73,89,2.84,2.84,0.0408,0.0408,13.0
Corrigin_Eucalyptus_capillosa,12.4,5.470074026292785,35.16686775,2.7864375,21.959963739487094,2.4,2.671255965357644,1423.0,98.49,,-4.670884863376839,-3.8,True,32.15,31.92,33.964034607460675,3.57,89,2.84,2.84,0.0655,0.0655,13.0
Corrigin_Eucalyptus_capillosa,8.08,4.42197903307131,35.36951775,8.369444999999999,21.964663461539846,1.89,2.274128702253981,1872.0,98.49,,-3.7012979514468562,-3.2,True,32.4,31.85,35.30328778841173,3.55,89,2.84,2.84,0.0518,0.0518,13.0
Corrigin_Eucalyptus_capillosa,3.25,5.704922992192112,35.62688325,25.432575,21.076490388765173,1.9,1.8164987580163137,353.0,98.55,,-3.589898406680888,-3.2,False,30.5,29.72,30.3052766989359,3.01,89,2.84,2.84,0.0618,0.0618,13.0
Corrigin_Eucalyptus_capillosa,10.5,10.412404475200532,35.123298,19.0491,20.68247315376369,1.87,2.4195109116023867,1827.0,98.18,,-3.738431133035512,-3.2,True,23.0,23.39,25.894355925002774,1.62,306,2.84,2.84,0.115,0.115,8.0
Corrigin_Eucalyptus_capillosa,12.1,11.755698250361496,34.88113125,20.974275,22.791372662532428,2.53,3.1513869020468555,1736.0,98.19,,-3.94266363177312,-3.2,True,23.16,23.93,25.633261772882577,1.63,306,2.84,2.84,0.157,0.157,8.0
Corrigin_Eucalyptus_capillosa,12.1,11.720635515699868,34.969284,20.6703,22.453794437884437,2.13,2.6663394503058115,1556.0,98.22,,-3.9322427381029863,-3.3,True,22.62,22.85,24.874003304889587,1.43,306,2.84,2.84,0.151,0.151,8.0
Corrigin_Eucalyptus_capillosa,8.86,10.129804633896274,35.362425,20.6703,20.152793370941907,1.69,2.2145813218662678,1836.0,98.23,,-3.8238582687139036,-3.3,True,22.73,23.28,25.71012660664331,1.59,306,2.84,2.84,0.106,0.106,8.0
Corrigin_Eucalyptus_capillosa,9.87,2.880261769781125,35.12633775,21.582225,31.525168621141614,1.62,1.4876609590119556,93.0,98.2,,-3.7512313133739967,-3.4,False,22.35,21.27,21.83832738026357,1.28,306,2.84,2.84,0.128,0.128,8.0
Corrigin_Eucalyptus_capillosa,10.6,11.348599061950614,35.0280525,21.27825,21.538712459397665,1.72,2.2317430461962853,1566.0,98.2,,-3.944408535729695,-3.4,True,21.83,21.51,24.248977439677954,1.29,306,2.84,2.84,0.135,0.135,8.0
Corrigin_Eucalyptus_capillosa,7.88,11.449795069044642,35.38572975,25.73655,22.912776145314897,1.76,1.9274941492309592,761.0,98.22,,-3.751601955787848,-3.3,False,21.56,20.73,22.354917047158263,1.21,306,2.84,2.84,0.14800000000000002,0.14800000000000002,8.0
Corrigin_Eucalyptus_capillosa,15.4,12.97435685409177,34.37653275,21.379575,24.422172187855764,2.77,3.605235790047797,1844.0,98.23,,-4.22126798980721,-3.3,True,21.92,22.34,24.5001811554983,1.34,306,2.84,2.84,0.214,0.214,8.0
Corrigin_Eucalyptus_capillosa,11.5,11.684629525055803,34.932807000000004,21.379575,22.36553115283969,2.01,2.359759452957656,1146.0,98.19,,-4.114125911811888,-3.5,True,22.13,21.85,23.607039565256066,1.36,306,2.84,2.84,0.15,0.15,8.0
Corrigin_Eucalyptus_capillosa,11.7,11.498388123727029,34.886197499999994,20.46765,21.954162248932093,1.98,2.6577362682477563,1891.0,98.2,,-4.2164802304472015,-3.5,True,22.02,22.11,24.993561666797465,1.4,306,2.84,2.84,0.14300000000000002,0.14300000000000002,8.0
Corrigin_Eucalyptus_capillosa,12.9,11.288001470349837,34.989549,19.758375,23.173086723219328,3.46,3.8038263062383297,1351.0,98.12,,-4.1283295397164,-3.2,True,25.6,25.9,27.020305027422737,2.27,306,2.84,2.84,0.154,0.154,10.0
Corrigin_Eucalyptus_capillosa,10.6,10.006795187460098,34.98245625,19.150425,21.777193000367433,2.89,3.416106419134431,1788.0,98.13,,-4.016929994950432,-3.2,True,25.78,26.46,28.22079859637005,2.38,306,2.84,2.84,0.121,0.121,10.0
Corrigin_Eucalyptus_capillosa,11.0,10.227865171710725,35.50529325,18.84645,21.672701343983167,2.64,3.1915077165125814,1852.0,98.16,,-4.094819442186612,-3.3,True,25.02,25.71,27.675132779370227,2.23,306,2.84,2.84,0.118,0.118,10.0
Corrigin_Eucalyptus_capillosa,8.57,10.567842165368287,35.47489575,22.6968,21.6148110365549,2.45,2.6446095057650147,1002.0,98.17,,-3.9322427381029863,-3.3,True,24.78,24.56,25.809053529151353,2.01,306,2.84,2.84,0.122,0.122,10.0
Corrigin_Eucalyptus_capillosa,3.17,11.283265390139071,36.08081925,31.2081,22.380945923643363,2.02,2.4754751567780118,1446.0,98.17,,-4.014654798404495,-3.4,True,23.8,22.73,25.874435270929283,1.54,306,2.84,2.84,0.132,0.132,10.0
Corrigin_Eucalyptus_capillosa,7.65,3.1679539577790017,35.759619,22.595475,30.87422076727607,1.71,1.5685001804984564,107.0,98.17,,-3.7687928790426968,-3.4,False,23.91,23.26,23.361558671276907,1.65,306,2.84,2.84,0.103,0.103,10.0
Corrigin_Eucalyptus_capillosa,10.1,10.346618235500314,35.08580775,21.27825,22.796772247870216,3.03,3.686425287357282,1882.0,98.15,,-4.257396146270237,-3.3,True,26.11,25.83,28.688728513611604,2.26,306,2.84,2.84,0.135,0.135,10.0
Corrigin_Eucalyptus_capillosa,13.0,10.962057757243683,34.98650925,19.25175,23.21619756410473,3.47,3.917538150912701,1535.0,98.15,,-4.329652459196293,-3.3,True,26.13,26.16,27.902709857760282,2.33,306,2.84,2.84,0.15,0.15,10.0
Corrigin_Eucalyptus_capillosa,10.2,9.354989678059804,34.78993875,17.731875,20.759986980868675,2.43,2.831730348949629,1536.0,98.12,,-4.267657389764859,-3.5,True,26.09,25.89,28.181220853979546,2.28,306,2.84,2.84,0.106,0.106,10.0
Corrigin_Eucalyptus_capillosa,9.06,8.105791684551358,34.701786,16.718625,20.234310173198754,2.08,2.5975463671419203,1856.0,98.11,,-4.199421177341317,-3.5,True,26.89,26.1,29.740822815657662,2.33,306,2.84,2.84,0.0886,0.0886,10.0
Corrigin_Eucalyptus_capillosa,10.5,8.364475307866678,35.63093625,16.921275,22.373338056939765,2.85,3.4657433338803054,2040.0,98.02,,-4.0354965857447604,-3.2,True,28.11,28.43,31.044221760817283,2.82,306,2.84,2.84,0.1,0.1,12.0
Corrigin_Eucalyptus_capillosa,9.57,8.67905908319783,35.650188,17.63055,21.17725190772319,2.62,2.8769373282580104,1247.0,98.0,,-3.868397268595808,-3.2,True,27.96,27.99,29.38654844866641,2.72,306,2.84,2.84,0.0951,0.0951,12.0
Corrigin_Eucalyptus_capillosa,9.05,8.450350494773513,35.731248,18.745125,21.873912753383703,2.86,3.2650700133552197,1649.0,98.05,,-4.1128835204181255,-3.3,True,28.36,28.93,30.50931471597337,2.92,306,2.84,2.84,0.0966,0.0966,12.0
Corrigin_Eucalyptus_capillosa,9.74,8.957790972157483,35.629923,19.8597,23.0134868224145,3.24,3.7927389431716465,1843.0,98.05,,-4.293524302733265,-3.3,True,28.31,28.69,30.728246613868013,2.85,306,2.84,2.84,0.113,0.113,12.0
Corrigin_Eucalyptus_capillosa,6.96,5.657546463875298,35.208411,16.00935,21.557889756191575,2.42,2.621013010224388,1245.0,98.05,,-4.067339495410594,-3.4,True,32.08,31.67,33.519266049211716,3.61,306,2.84,2.84,0.0652,0.0652,12.0
Corrigin_Eucalyptus_capillosa,8.81,5.92274300165982,35.29251075,16.414649999999998,24.30597206343639,3.38,3.7069594627742166,1540.0,98.05,,-4.418570808784589,-3.4,True,32.92,32.65,34.663224159238226,3.89,306,2.84,2.84,0.0851,0.0851,12.0
Corrigin_Eucalyptus_capillosa,9.46,9.377233383581231,35.6805855,22.08885,24.02546197174797,3.24,3.5089053145904066,1124.0,98.03,,-4.185139833344182,-3.3,True,29.45,27.24,30.5044519019882,2.51,306,2.84,2.84,0.129,0.129,12.0
Corrigin_Eucalyptus_capillosa,9.94,8.0386984320893,35.8710765,14.5908,20.461086319840906,2.46,2.6404395040061046,1141.0,98.02,,-3.9322427381029863,-3.3,True,28.39,28.92,29.630321398695145,2.93,306,2.84,2.84,0.0824,0.0824,12.0
Corrigin_Eucalyptus_capillosa,9.47,7.217165354662575,35.3522925,13.070925,20.053333411454172,2.12,2.6256409532798104,2073.0,98.0,,-4.199421177341317,-3.5,True,27.54,28.38,30.79370354426703,2.8,306,2.84,2.84,0.0742,0.0742,12.0
Corrigin_Eucalyptus_capillosa,6.3,8.358194940420198,35.6805855,22.2915,20.353255165047237,2.23,2.3718904359796107,956.0,98.01,,-4.131184964917773,-3.5,True,27.88,27.24,28.84987800862961,2.55,306,2.84,2.84,0.0862,0.0862,12.0
Corrigin_Eucalyptus_capillosa,9.49,9.049013209817836,35.633976000000004,19.8597,22.662126247177138,3.32,3.4545104742350627,1018.0,97.9,,-4.016929994950432,-3.2,True,29.14,29.26,29.91055113638945,2.97,306,2.84,2.84,0.111,0.111,14.0
Corrigin_Eucalyptus_capillosa,5.1,6.554089857536893,35.83561275,21.176925,19.811412810514266,1.98,1.9386679665554565,485.0,97.9,,-3.627031588269544,-3.2,False,29.54,29.33,29.57134414295008,3.02,306,2.84,2.84,0.0641,0.0641,14.0
Corrigin_Eucalyptus_capillosa,5.86,7.174706539667988,35.92883175,25.027275,24.989954907764048,3.22,3.0148575706355305,392.0,97.94,,-4.0406272074920695,-3.3,False,31.07,29.58,30.67612923120656,3.05,306,2.84,2.84,0.104,0.104,14.0
Corrigin_Eucalyptus_capillosa,7.04,6.94121567359679,35.8467585,23.811375,26.084136434001252,3.66,3.3574100751631053,340.0,97.94,,-4.149011676881154,-3.3,False,30.82,30.29,30.205781929423022,3.19,306,2.84,2.84,0.113,0.113,14.0
Corrigin_Eucalyptus_capillosa,8.96,6.470289860664345,35.3685045,13.476225,21.390044203471405,2.65,2.9683545736101897,1592.0,97.9,,-4.172708889422792,-3.4,True,30.54,31.54,32.59614689170599,3.56,306,2.84,2.84,0.0727,0.0727,14.0
Corrigin_Eucalyptus_capillosa,6.63,5.899831329149124,35.7535395,23.30475,26.68148872514305,3.53,3.2250353161511915,267.0,97.9,,-4.260516717766293,-3.4,False,30.65,30.81,29.87446000273974,3.38,306,2.84,2.84,0.103,0.103,14.0
Corrigin_Eucalyptus_capillosa,6.05,5.661975325271308,35.48300175,13.57755,17.080113133722755,1.44,1.4620549187702991,668.0,97.91,,-3.6251534081672494,-3.3,True,28.81,28.81,29.36415600922368,2.9,306,2.84,2.84,0.048,0.048,14.0
Corrigin_Eucalyptus_capillosa,4.84,6.2620781601314235,35.84979825,23.811375,22.690425857307066,2.11,1.9956046277308148,308.0,97.91,,-3.751601955787848,-3.3,False,28.58,28.2,28.24293943370769,2.76,306,2.84,2.84,0.0748,0.0748,14.0
Corrigin_Eucalyptus_capillosa,7.54,6.6566539859678135,35.76265875,15.300075,19.76384459224298,2.08,2.425406631677027,1746.0,97.89,,-4.148244018023658,-3.5,True,28.65,29.66,31.229528329741697,3.1,306,2.84,2.84,0.0652,0.0652,14.0
Corrigin_Eucalyptus_capillosa,9.61,8.356503818068019,35.650188,18.2385,22.422942724391252,3.17,3.5859004157055696,1688.0,97.88,,-4.540602239459033,-3.5,True,28.91,29.96,31.03101353954059,3.12,306,2.84,2.84,0.1,0.1,14.0
Corrigin_Eucalyptus_capillosa,4.17,6.299927644283725,35.72415525,23.9127,21.30014329441629,2.44,2.764574091013809,1567.0,97.88,,-3.831264087007152,-3.2,True,30.54,31.29,32.61671454624518,3.46,306,2.84,2.84,0.0687,0.0687,16.0
Corrigin_Eucalyptus_capillosa,4.07,5.300910063872228,36.087912,21.176925,19.717317734806922,1.84,2.1156339692537367,1613.0,97.84,,-3.6641647698582,-3.2,True,30.45,31.36,32.801067429915925,3.52,306,2.84,2.84,0.0506,0.0506,16.0
Corrigin_Eucalyptus_capillosa,3.48,4.1497939668607104,36.049408500000006,18.44115,17.819787974851227,1.26,1.440417957396156,1482.0,97.89,,-3.6251534081672494,-3.3,True,30.61,31.32,32.89497790417597,3.41,306,2.84,2.84,0.0354,0.0354,16.0
Corrigin_Eucalyptus_capillosa,2.02,5.144732238120925,36.33007875,28.067025,20.33213736290649,1.62,1.6357214428491482,609.0,97.89,,-3.6612815646302783,-3.3,True,32.52,30.16,32.956275572761946,3.12,306,2.84,2.84,0.0502,0.0502,16.0
Corrigin_Eucalyptus_capillosa,7.29,2.864625509141205,35.9237655,19.961025,30.52541753830166,2.64,2.386867283220833,120.0,97.84,,-3.997093232735794,-3.4,False,29.41,30.48,28.540080217616893,3.09,306,2.84,2.84,0.0835,0.0835,16.0
Corrigin_Eucalyptus_capillosa,6.78,6.33251238300956,35.93491125,16.81995,20.2250521273077,2.07,2.4217375286872307,1765.0,97.85,,-3.997093232735794,-3.4,True,29.36,30.75,31.981897549328963,3.18,306,2.84,2.84,0.0631,0.0631,16.0
Corrigin_Eucalyptus_capillosa,1.96,1.356106098710164,36.1872105,27.9657,32.00803320956521,1.75,1.5988495828075109,75.0,97.89,,-3.6612815646302783,-3.3,False,30.39,30.67,29.585875136815854,3.35,306,2.84,2.84,0.0506,0.0506,16.0
Corrigin_Eucalyptus_capillosa,2.17,2.7888603246654866,36.120336,24.92595,24.655127710766287,1.29,1.2010996508510374,142.0,97.88,,-3.5709611734727087,-3.3,False,30.35,30.44,29.796469146277147,3.29,306,2.84,2.84,0.0378,0.0378,16.0
Corrigin_Eucalyptus_capillosa,6.98,5.7801300161034765,35.70389025,13.7802,19.603812173042236,2.03,2.273432881593949,1494.0,97.86,,-4.097066858706002,-3.5,True,30.08,31.22,32.12515267444642,3.49,306,2.84,2.84,0.0562,0.0562,16.0
Corrigin_Eucalyptus_capillosa,6.75,5.482986309276222,35.65728075,12.76695,19.112211155498105,1.87,2.1035925930623027,1491.0,97.86,,-4.0458896993883435,-3.5,True,30.06,31.25,32.146860016591894,3.49,306,2.84,2.84,0.0518,0.0518,16.0
Corrigin_Eucalyptus_capillosa,14.0,9.413813662382477,35.1982785,8.5416975,18.75570484995063,1.68,2.0621108474857177,1671.0,97.58,,-5.186648777029378,-4.3,True,22.39,24.14,25.025101540173782,1.84,45,2.84,2.84,0.0901,0.0901,7.5
Corrigin_Eucalyptus_capillosa,10.3,8.167882673896338,35.216516999999996,10.33515,17.065675412109222,1.3,1.6569578939420453,1845.0,97.57,,-4.978025535375408,-4.3,True,22.1,23.87,25.244283601349537,1.8,45,2.84,2.84,0.0704,0.0704,7.5
Corrigin_Eucalyptus_capillosa,10.1,8.562764556803224,35.36141175,12.868275,18.034887729365963,1.51,1.9024601762955735,1815.0,97.6,,-4.944780584140299,-4.2,True,23.05,24.5,26.043591681256284,1.91,45,2.84,2.84,0.0775,0.0775,7.5
Corrigin_Eucalyptus_capillosa,2.88,10.68551856825147,35.7981225,31.106775,21.18683869668906,2.25,2.6749231227680856,1574.0,97.61,,-5.3781074694582935,-4.2,True,23.5,24.57,25.73800185963251,1.93,45,2.84,2.84,0.116,0.116,7.5
Corrigin_Eucalyptus_capillosa,9.48,8.330268925205276,34.7605545,12.462975,16.719372636531173,1.13,1.4267391762636017,1547.0,97.65,,-5.0017491219468395,-4.4,True,21.15,22.37,23.74604924394709,1.53,45,2.84,2.84,0.0724,0.0724,7.5
Corrigin_Eucalyptus_capillosa,9.59,7.250033754346057,34.40287725,6.849569999999999,15.084291487233289,0.928,1.1660741656811793,1528.0,97.66,,-4.876384721541248,-4.4,True,20.6,22.34,23.22887055912037,1.55,45,2.84,2.84,0.0586,0.0586,7.5
Corrigin_Eucalyptus_capillosa,8.97,7.6814917018531395,33.872947499999995,12.868275,17.33154276234545,1.04,1.050296968741106,429.0,97.67,,-4.095478792931427,-3.8,False,21.15,21.55,21.43288032340489,1.4,45,2.84,2.84,0.0728,0.0728,7.5
Corrigin_Eucalyptus_capillosa,3.66,3.3887815434165787,34.41706275,18.745125,21.17114409012917,0.563,0.5377364586555098,124.0,97.67,,-3.9399636387569914,-3.8,False,21.07,21.33,20.820811249574792,1.38,45,2.84,2.84,0.0397,0.0397,7.5
Corrigin_Eucalyptus_capillosa,12.2,8.664357802614656,33.7067745,8.5619625,17.189248560579408,1.35,1.675326360586839,1528.0,97.64,,-5.127113522352429,-4.4,True,21.51,22.81,23.9785826009758,1.61,45,2.84,2.84,0.0825,0.0825,7.5
Corrigin_Eucalyptus_capillosa,9.14,8.032741768595981,33.903345,12.159,16.29380408057571,1.11,1.3976115570598795,1488.0,97.64,,-4.98921268190628,-4.4,True,21.37,22.29,23.847488472793447,1.53,45,2.84,2.84,0.0715,0.0715,7.5
Corrigin_Eucalyptus_capillosa,8.21,7.737467265062448,35.5752075,16.718625,19.896298271011407,2.25,2.6630352274843982,1807.0,97.5,,-5.564778402527201,-4.3,True,27.23,28.12,29.886501292082723,2.85,45,2.84,2.84,0.0773,0.0773,9.0
Corrigin_Eucalyptus_capillosa,7.01,8.959081721178132,37.1883015,21.8862,21.932104047316415,2.56,3.0306419820261143,1815.0,97.51,,-5.8646743124047855,-4.3,True,27.23,27.59,29.813779083685212,2.72,45,2.84,2.84,0.0924,0.0924,9.0
Corrigin_Eucalyptus_capillosa,10.3,8.760092809008189,34.872012,17.833199999999994,22.270664751961995,3.28,3.884300352075877,1979.0,97.57,,-6.461424682753275,-4.2,True,27.86,28.75,30.519188364530354,2.96,45,2.84,2.84,0.11,0.11,9.0
Corrigin_Eucalyptus_capillosa,9.02,8.561788792026514,35.0037345,18.84645,21.75301537015747,3.13,3.6324937910395967,1830.0,97.56,,-6.163512449097157,-4.2,True,27.95,28.95,30.35578429466325,3.04,45,2.84,2.84,0.102,0.102,9.0
Corrigin_Eucalyptus_capillosa,7.83,6.277142252664099,35.7778575,10.9431,17.777735501187184,1.57,1.9298177396695269,1972.0,97.58,,-5.27755080283914,-4.4,True,26.73,27.93,29.96451087516245,2.81,45,2.84,2.84,0.0543,0.0543,9.0
Corrigin_Eucalyptus_capillosa,10.3,6.8354891382691525,35.59445925,7.194075,18.38852096693248,1.74,2.1260405125989426,1932.0,97.58,,-5.402915203244731,-4.4,True,26.67,27.57,29.76881491892207,2.73,45,2.84,2.84,0.062,0.062,9.0
Corrigin_Eucalyptus_capillosa,9.52,7.577427141166183,35.54379675,11.95635,18.6282677963342,1.86,2.2096912183942004,1719.0,97.61,,-4.484266678367517,-3.8,True,26.19,27.07,28.815599919590422,2.59,45,2.84,2.84,0.0701,0.0701,9.0
Corrigin_Eucalyptus_capillosa,9.52,8.171872184100911,35.4860415,15.19875,19.85534486239764,2.21,2.662976838629085,1883.0,97.61,,-4.670884863376839,-3.8,True,26.38,27.14,29.2196932628697,2.64,45,2.84,2.84,0.0821,0.0821,9.0
Corrigin_Eucalyptus_capillosa,10.4,8.66538342968897,35.50428,14.894775,20.12569541321614,2.34,2.8183570220489136,1923.0,97.55,,-5.929445684948214,-4.4,True,25.84,27.02,28.72001371504467,2.59,45,2.84,2.84,0.0886,0.0886,9.0
Corrigin_Eucalyptus_capillosa,8.42,7.412632340313269,35.51745225,14.286825,18.79350017658161,1.9,2.344472329157871,2025.0,97.55,,-5.553352483731442,-4.4,True,26.09,27.35,29.324346248880524,2.68,45,2.84,2.84,0.0693,0.0693,9.0
Corrigin_Eucalyptus_capillosa,3.39,2.7706768983200183,35.2955505,18.745125,24.594741001994468,2.49,2.5083587988365683,1033.0,97.81,,-5.460466781700215,-4.3,True,37.67,39.04,38.48492234809443,5.87,45,2.84,2.84,0.0403,0.0403,10.25
Corrigin_Eucalyptus_capillosa,1.25,2.232409630228501,35.99367975,27.9657,27.88331812294756,2.63,2.9957946098968606,2087.0,97.8,,-5.83859640719804,-4.3,True,37.5,39.02,40.435666877644074,5.85,45,2.84,2.84,0.0428,0.0428,10.25
Corrigin_Eucalyptus_capillosa,3.23,3.0960739628448715,35.5306245,21.784875,25.604351100672,2.98,3.00707504176345,1082.0,97.84,,-5.594770912117291,-4.2,True,37.56,38.92,38.34858459176383,5.85,45,2.84,2.84,0.0487,0.0487,10.25
Corrigin_Eucalyptus_capillosa,2.07,1.9466229959410697,35.61472425,23.203425,27.173558690262876,2.22,2.5744231043813,2202.0,97.84,,-5.310400143627357,-4.2,True,37.47,39.16,40.769553003061695,5.88,45,2.84,2.84,0.0358,0.0358,10.25
Corrigin_Eucalyptus_capillosa,2.1,1.9346950447745976,35.21753025,18.137175,22.641899892951923,1.54,1.5651227026792065,1018.0,97.75,,-5.076967762190193,-4.4,True,38.14,38.62,39.15093975384939,6.1,45,2.84,2.84,0.0238,0.0238,10.25
Corrigin_Eucalyptus_capillosa,3.26,1.7931333586329137,35.24184825,16.718625,27.07242208997071,2.34,2.6294089287322517,1984.0,97.74,,-5.766471964420947,-4.4,True,38.22,39.73,40.95665956154571,6.51,45,2.84,2.84,0.0342,0.0342,10.25
Corrigin_Eucalyptus_capillosa,2.63,1.764739430319792,35.431326,20.06235,27.45236207788324,2.28,2.5814754728624254,1987.0,97.81,,-4.624230317124509,-3.8,True,38.32,39.1,41.11924405203085,6.28,45,2.84,2.84,0.0345,0.0345,10.25
Corrigin_Eucalyptus_capillosa,3.99,2.68784731934678,35.607631500000004,23.406075,29.800549871883568,4.71,5.031541571980147,1860.0,97.81,,-6.179381858868865,-3.8,True,38.34,39.02,40.19649495529414,6.25,45,2.84,2.84,0.0726,0.0726,10.25
Corrigin_Eucalyptus_capillosa,3.85,2.3812073192721632,35.38370325,19.150425,27.579206595922145,3.08,3.3473239027957034,1810.0,97.78,,-6.543731246935612,-4.4,True,37.9,38.84,40.104384878945154,6.18,45,2.84,2.84,0.0475,0.0475,10.25
Corrigin_Eucalyptus_capillosa,1.5,1.131185290090977,35.735301,24.824625,30.222279988697533,2.07,1.8569487804688796,81.0,97.78,,-5.239941482717462,-4.4,False,38.12,38.81,37.02261054147839,6.17,45,2.84,2.84,0.0318,0.0318,10.25
Corrigin_Eucalyptus_capillosa,2.48,1.7351373565079429,36.181131,18.6438,26.951986278146663,2.34,2.2653388554185305,842.0,97.68,,-5.303999350459737,-4.3,True,40.77,42.21,41.081998394846096,7.55,45,2.84,2.84,0.0291,0.0291,12.0
Corrigin_Eucalyptus_capillosa,1.52,1.3752159590977409,36.31386675,23.71005,28.93366876820488,2.37,2.4511705131941097,1416.0,97.68,,-5.421349923890097,-4.3,True,40.99,42.59,42.466397943341754,7.72,45,2.84,2.84,0.0289,0.0289,12.0
Corrigin_Eucalyptus_capillosa,1.15,1.1504675250169858,36.30778725,22.798125,26.84639841804789,1.43,1.5285386875552125,1548.0,97.73,,-4.768741536979866,-4.2,True,40.39,42.2,42.484114199896815,7.1,45,2.84,2.84,0.0188,0.0188,12.0
Corrigin_Eucalyptus_capillosa,1.56,2.1648909054105654,36.229766999999995,25.635225,26.951623054728746,2.52,2.4167602857396533,679.0,97.73,,-5.215609887464046,-4.2,True,40.16,40.77,40.227447538297696,6.58,45,2.84,2.84,0.0362,0.0362,12.0
Corrigin_Eucalyptus_capillosa,3.31,1.6946701229647263,36.16795875,11.3484,25.50696193142581,1.81,1.8444623940026004,1160.0,97.72,,-4.917697653807926,-4.2,True,39.54,41.24,40.69948931315976,6.92,45,2.84,2.84,0.0246,0.0246,12.0
Corrigin_Eucalyptus_capillosa,0.28,0.6312509795843215,36.278403000000004,27.459075,26.7453474166676,0.8690000000000001,0.9741991856055888,2026.0,97.66,,-4.788629641257334,-4.4,True,41.18,43.1,44.36720164978695,7.92,45,2.84,2.84,0.0102,0.0102,12.0
Corrigin_Eucalyptus_capillosa,0.863,0.7314309114908588,36.1264155,20.06235,26.242492206155447,0.942,1.0327995666629963,1742.0,97.65,,-4.813702521338452,-4.4,True,41.17,42.61,43.75257486394264,7.73,45,2.84,2.84,0.0114,0.0114,12.0
Corrigin_Eucalyptus_capillosa,0.974,0.8632670718061735,36.23280675,20.568975,26.29354180113484,1.12,1.246467568689041,1991.0,97.69,,-4.157684854601201,-3.8,True,40.24,42.79,43.24358070798064,7.83,45,2.84,2.84,0.0134,0.0134,12.0
Corrigin_Eucalyptus_capillosa,2.68,1.2788851275236692,36.128442,19.0491,30.034408669286915,2.61,2.8898808219798435,2117.0,97.7,,-4.764193955881501,-3.8,True,40.22,42.27,43.069911945834505,7.58,45,2.84,2.84,0.0325,0.0325,12.0
Corrigin_Eucalyptus_capillosa,0.77,1.8877970221381235,36.32602575,29.9922,30.450301316832395,3.52,3.826010079690501,1903.0,97.68,,-6.8947515680712685,-4.4,True,39.49,40.24,41.73676656598352,6.7,45,2.84,2.84,0.05,0.05,12.0
Corrigin_Eucalyptus_capillosa,1.61,1.191411714711135,35.9683485,15.908025,24.03453321977189,1.12,1.205863329459816,1496.0,97.68,,-4.888921161581807,-4.4,True,39.32,40.53,41.386991056361225,6.85,45,2.84,2.84,0.0154,0.0154,12.0
Corrigin_Eucalyptus_capillosa,0.423,0.6793984873987859,36.23483325,27.256425,29.800880591956684,1.51,1.6598346890157858,1973.0,97.53,,-4.978025535375408,-4.3,True,42.28,44.59,45.078734601667634,8.66,45,2.84,2.84,0.0163,0.0163,14.666666666666698
Corrigin_Eucalyptus_capillosa,0.418,1.0246519724847745,36.14769375,26.14185,23.244072453999944,1.08,0.9886293558365359,301.0,97.52,,-4.665090672894451,-4.3,True,42.0,43.61,41.41143042738465,8.19,45,2.84,2.84,0.0122,0.0122,14.666666666666698
Corrigin_Eucalyptus_capillosa,-0.161,1.001228883248565,36.329065500000006,32.525325,28.68166964065644,1.86,1.846231495863469,1108.0,97.57,,-4.917697653807926,-4.2,True,42.61,44.35,43.519519702189996,8.56,45,2.84,2.84,0.0202,0.0202,14.666666666666698
Corrigin_Eucalyptus_capillosa,0.268,0.5122940814885584,36.28346925,24.92595,24.092083359332207,0.607,0.6420831574570303,1590.0,97.53,,-4.650728800811184,-4.4,True,41.67,44.16,43.873462919739936,8.74,45,2.84,2.84,0.00645,0.00645,14.666666666666698
Corrigin_Eucalyptus_capillosa,-0.0291,0.4391447231798189,36.41519175,32.0187,24.051358986124587,0.521,0.5578466225069287,1722.0,97.53,,-4.613119480689504,-4.4,True,41.73,44.42,44.2264609668212,8.87,45,2.84,2.84,0.00545,0.00545,14.666666666666698
Corrigin_Eucalyptus_capillosa,0.12,0.20458973525127636,36.258138,23.000775,21.546293230890846,0.183,0.1983454918807929,1656.0,97.49,,-4.3651947630168655,-4.3,True,40.55,42.54,43.10474702937619,7.99,45,2.84,2.84,0.00213,0.00213,16.5
Corrigin_Eucalyptus_capillosa,1.02,1.5393983850942423,36.20240925,23.608725,24.10520081203837,1.67,1.5837964760734486,617.0,97.53,,-4.938908677565287,-4.3,True,40.61,42.41,40.52596744228696,7.97,45,2.84,2.84,0.0196,0.0196,16.5
Corrigin_Eucalyptus_capillosa,1.26,1.011859898486748,36.148707,21.987525,28.37180399690504,1.69,1.8159133747955252,1714.0,97.54,,-4.904156188641738,-4.2,True,41.1,42.25,43.374324167338116,7.86,45,2.84,2.84,0.0201,0.0201,16.5
Corrigin_Eucalyptus_capillosa,0.0322,0.8039894383377362,36.33615825,31.309425,25.939823660226857,1.01,1.1006572125897849,1751.0,97.53,,-4.592702489819432,-4.2,True,40.82,42.44,43.346646015077674,7.95,45,2.84,2.84,0.0119,0.0119,16.5
Corrigin_Eucalyptus_capillosa,1.01,1.2672568571548268,36.13756125,19.25175,19.908557598377808,0.8859999999999999,0.8219239886001669,268.0,97.54,,-4.7259474410545375,-4.4,True,39.13,39.97,38.59751304769793,6.91,45,2.84,2.84,0.012,0.012,16.5
Corrigin_Eucalyptus_capillosa,0.945,1.2160456981844916,36.156813,19.555725,20.049683878408274,0.878,0.8234947070766094,356.0,97.53,,-4.7259474410545375,-4.4,True,39.43,40.42,39.07074502502572,7.09,45,2.84,2.84,0.0116,0.0116,16.5
Corrigin_Eucalyptus_capillosa,0.7979999999999999,1.3092920501294028,36.24496575,22.49415,20.5200037592786,0.968,0.9068803633853476,353.0,97.55,,-4.0488242466790965,-3.8,True,39.53,40.45,39.148165217594894,7.09,45,2.84,2.84,0.0128,0.0128,16.5
Corrigin_Eucalyptus_capillosa,0.0191,0.3664535196555002,36.35844975,31.106775,19.178378305116556,0.262,0.24721452209727865,343.0,97.55,,-3.862206061669774,-3.8,True,39.79,41.39,39.48924991673104,7.5,45,2.84,2.84,0.0032700000000000003,0.0032700000000000003,16.5
Corrigin_Eucalyptus_capillosa,0.737,0.8552912972351878,36.262190999999994,21.784875,24.62117219666696,0.941,1.0230507422311967,1766.0,97.52,,-4.813702521338452,-4.4,True,40.08,42.02,42.658852649370715,7.77,45,2.84,2.84,0.0113,0.0113,16.5
Corrigin_Eucalyptus_capillosa,0.647,1.1336301473326615,36.26320425,26.14185,26.495116717231678,1.51,1.622511562635515,1723.0,97.52,,-5.102040642271311,-4.4,True,40.13,42.36,42.421734354758684,7.92,45,2.84,2.84,0.0179,0.0179,16.5
Corrigin_Eucalyptus_capillosa,0.5479999999999999,1.20187952145328,36.2925885,24.92595,20.223666829494732,0.8370000000000001,0.8429250499340545,907.0,97.57,,-4.612934862480957,-4.3,True,38.58,39.88,39.42437869999277,6.86,45,2.84,2.84,0.0115,0.0115,17.6666666666667
Corrigin_Eucalyptus_capillosa,1.26,1.591133768057488,36.27435,20.6703,21.77141277635225,1.25,1.2586583464449799,1014.0,97.57,,-4.782441246324809,-4.3,True,38.46,40.07,39.40589654802218,6.95,45,2.84,2.84,0.0169,0.0169,17.6666666666667
Corrigin_Eucalyptus_capillosa,0.416,0.6738389308907236,36.34629075,23.9127,22.62403260213882,0.5429999999999999,0.4981815745576602,90.0,97.58,,-4.362497581994248,-4.2,False,38.9,39.59,38.07199124473001,6.77,45,2.84,2.84,0.0075400000000000016,0.0075400000000000016,17.6666666666667
Corrigin_Eucalyptus_capillosa,0.557,0.639000365638947,36.15985275,16.6173,18.072339168699347,0.364,0.37933890953186217,1103.0,97.55,,-4.537900840446151,-4.4,True,37.28,38.38,38.724793988742974,6.32,45,2.84,2.84,0.00542,0.00542,17.6666666666667
Corrigin_Eucalyptus_capillosa,0.825,0.9050536620177224,36.23888625,19.758375,22.19478371459003,0.653,0.6014375457384585,103.0,97.56,,-4.625655920730066,-4.4,False,37.5,38.13,36.71380343653986,6.22,45,2.84,2.84,0.0099,0.0099,17.6666666666667
Corrigin_Eucalyptus_capillosa,0.3670000000000001,0.7596768980828081,36.256111499999996,23.811375,18.145738835331546,0.429,0.4012666961741684,200.0,97.6,,-3.9088606079221053,-3.8,False,37.65,38.3,37.12182816958282,6.28,45,2.84,2.84,0.00644,0.00644,17.6666666666667
Corrigin_Eucalyptus_capillosa,0.664,0.9989331373140296,36.27333675,21.4809,19.591703717981773,0.615,0.5696652719808127,151.0,97.59,,-3.955515154174436,-3.8,False,37.81,38.35,37.135638413801395,6.3,45,2.84,2.84,0.0092,0.0092,17.6666666666667
Corrigin_Eucalyptus_capillosa,0.262,0.7904692145375308,36.25104525,26.445825,18.58861926381125,0.495,0.5044183406860624,978.0,97.56,,-4.588046600608387,-4.4,True,38.02,39.61,39.10167897031829,6.78,45,2.84,2.84,0.00687,0.00687,17.6666666666667
Corrigin_Eucalyptus_capillosa,0.7340000000000001,1.5522666470098136,36.39695325,25.432575,21.548809988184146,1.17,1.1970022981033417,1158.0,97.56,,-4.888921161581807,-4.4,True,38.09,39.8,39.376068946679695,6.81,45,2.84,2.84,0.0161,0.0161,17.6666666666667
Richmond_Eucalyptus_cladocalyx,14.3,14.316054892800189,39.29206181,32.3733375,32.92642007755319,2.31,2.329799294215724,499.75,100.7,-1.9,-2.023259242716717,-1.3,False,18.4625,19.625,18.590843989526814,0.64825,20,4.64,4.64,0.38075,0.38075,8.8
Richmond_Eucalyptus_cladocalyx,14.325,14.324605329361304,39.35716313,32.44933125,32.964199054878264,2.31,2.3292039563099016,500.0,100.7,-2.0,-2.023259242716717,-1.3,False,18.4575,19.8625,18.586026875243572,0.6505,20,4.64,4.64,0.37925,0.37925,8.9
Richmond_Eucalyptus_cladocalyx,9.275,12.263704615795868,39.58945069,26.52181875,23.399439741362038,1.12,1.1511640312366131,500.0,100.7,-2.5,-1.7571070082930316,-1.4,False,19.71,21.675,20.01303102375252,0.9265,20,4.64,4.64,0.1225,0.1225,9.08333333333333
Richmond_Eucalyptus_cladocalyx,15.075,13.961042963636816,39.24165263,29.080275,30.509216403458204,2.075,2.0885578595947,501.75,100.7,-2.5,-2.0348569036320563,-1.4,False,19.095,21.005,19.251942143399464,0.81525,20,4.64,4.64,0.26525,0.26525,9.15
Richmond_Eucalyptus_cladocalyx,12.925,14.034381038669212,39.38198775,31.94270625,32.16800764375212,3.4025,3.3038069250150293,500.25,100.7,-2.6,-2.217089540065792,-1.2,False,21.6225,23.29,21.572295662072893,1.1,20,4.64,4.64,0.32625,0.32625,9.31666666666667
Richmond_Eucalyptus_cladocalyx,12.65,14.110802803384715,39.340444500000004,32.8293,32.94851341936188,3.8825,3.723276065370052,499.5,100.7,-2.5,-2.3798238664763183,-1.2,False,22.025,23.485,21.912938952902824,1.105,20,4.64,4.64,0.37325,0.37325,9.4
Richmond_Eucalyptus_cladocalyx,14.225,15.05620156641062,39.28547569,23.7607125,24.320674714839,3.47,3.8961111994307234,1801.5,100.6,-2.95,-2.5456131402343454,-1.3,True,26.7225,31.0,28.250482943573502,2.1275,20,4.64,4.64,0.16399999999999998,0.16399999999999998,10.8666666666667
Richmond_Eucalyptus_cladocalyx,16.45,17.93344619515187,39.12538219,27.6110625,27.87311449165237,4.355,4.919201340845608,1801.25,100.6,-3.05,-2.8670616925528862,-1.3,True,26.245,29.7725,27.61583885424148,1.6975,20,4.64,4.64,0.264,0.264,10.983333333333302
Richmond_Eucalyptus_cladocalyx,17.125,16.99970807654412,39.18111094,26.2938375,27.726484758614728,4.6325,5.1380583064085785,1799.75,100.6,-3.25,-3.066499372034148,-1.4,True,27.4375,31.1225,28.762927077550774,1.93,20,4.64,4.64,0.245,0.245,11.15
Richmond_Eucalyptus_cladocalyx,16.975,15.700138707775825,39.13146169,23.68471875,26.183029869451218,4.265,4.741152758618768,1800.25,100.6,-3.55,-2.9474637026031374,-1.4,True,27.645,32.05,29.026760972939318,2.1675,20,4.64,4.64,0.199,0.199,11.233333333333302
Richmond_Eucalyptus_cladocalyx,14.65,15.375557566830018,39.25355831,26.26850625,27.24951587705398,5.0425,5.487239643165183,1799.75,100.6,-4.05,-2.9493940089131616,-1.2,True,28.81,33.1175,30.05387270067728,2.42,20,4.64,4.64,0.21075,0.21075,11.3833333333333
Richmond_Eucalyptus_cladocalyx,15.575,16.499824259567145,39.11448975,27.1044375,28.007738351594053,5.5175,5.929846120774433,1799.75,100.6,-4.1,-3.1121283353236877,-1.2,True,28.345,32.515,29.517548369957684,2.2925,20,4.64,4.64,0.24525,0.24525,11.466666666666699
Richmond_Eucalyptus_cladocalyx,5.465,9.597592599254316,39.60718256,27.99103125,22.81209945243069,3.02,3.3383247431355554,1999.5,100.4,-2.95,-2.3447077950352577,-1.3,True,30.6525,35.9725,32.49337500018362,3.22,20,4.64,4.64,0.091775,0.091775,13.45
Richmond_Eucalyptus_cladocalyx,11.6,12.662490683065975,39.41770481,26.14185,26.898713589861565,4.65,5.0969825999863065,2000.75,100.4,-3.05,-2.9474238306325216,-1.3,True,30.705,35.0875,32.27084700330186,2.8175,20,4.64,4.64,0.16425,0.16425,13.55
Richmond_Eucalyptus_cladocalyx,8.03,10.308723234827088,39.63606019,25.96453125,24.592829097449712,3.4475,3.829057048039152,1999.0,100.4,-3.25,-2.6300352507871088,-1.4,True,31.0825,35.9325,32.85508643988412,3.0625,20,4.64,4.64,0.1105,0.1105,13.683333333333302
Richmond_Eucalyptus_cladocalyx,13.45,12.653784039363124,39.28952869,26.01519375,28.439608076509234,5.165,5.669287200212544,2000.75,100.4,-3.55,-3.2648921544191656,-1.4,True,31.445,35.4725,32.927918442635985,2.715,20,4.64,4.64,0.19025,0.19025,13.75
Richmond_Eucalyptus_cladocalyx,8.2675,10.753061227726542,39.62162138,27.12976875,25.81367620030333,3.675,4.121062062094003,2001.0,100.4,-4.05,-2.5018746112842134,-1.2,True,31.335,36.33,33.07820283961142,2.8725,20,4.64,4.64,0.126,0.126,13.933333333333302
Richmond_Eucalyptus_cladocalyx,10.25,12.720748243722696,39.47520675,29.0296125,28.664015505669084,5.135,5.637401935250697,2000.25,100.4,-4.1,-3.0307611721184253,-1.2,True,31.47,35.8075,32.96161347287715,2.6675,20,4.64,4.64,0.192,0.192,14.0
Richmond_Eucalyptus_cladocalyx,7.3325,9.612761707198805,39.62846081,29.20693125,29.033774459524214,5.5925,5.968843308831889,1999.75,100.2,-3.45,-3.2286913139112445,-1.3,True,33.665,37.19,35.04262249111486,3.745,20,4.64,4.64,0.14725,0.14725,15.85
Richmond_Eucalyptus_cladocalyx,10.3,10.680811519737409,39.44075625,28.4216625,30.494228469970004,7.2825,7.589857150089752,2000.75,100.2,-3.4,-3.871588418548326,-1.3,True,33.785,37.005,34.89493390080251,3.7425,20,4.64,4.64,0.1945,0.1945,15.933333333333302
Richmond_Eucalyptus_cladocalyx,8.6425,8.890862633887556,39.49192538,25.86320625,28.266756359600212,5.78,6.042324175464628,1999.75,100.2,-3.5,-3.3839278238501764,-1.4,True,34.0025,38.375,35.30962992736165,4.435,20,4.64,4.64,0.128,0.128,16.1166666666667
Richmond_Eucalyptus_cladocalyx,4.4,6.962613779433452,39.71053406,27.68705625,25.62038235252069,4.085,4.2834247366424005,2000.25,100.2,-3.15,-2.7887494766951235,-1.4,True,34.28,39.6175,35.83428935038287,5.0175,20,4.64,4.64,0.07905,0.07905,16.216666666666697
Richmond_Eucalyptus_cladocalyx,7.0575,9.278618575874482,39.54740081,29.10560625,29.732528396068282,7.5075,7.673191511548594,1998.75,100.2,-3.5,-3.7630656409657948,-1.2,True,34.4875,38.875,35.49403664321202,4.8375,20,4.64,4.64,0.1535,0.1535,16.85
Richmond_Eucalyptus_cladocalyx,5.7825,9.108864355557095,39.53600175,30.47349375,29.826058005735607,7.2175,7.16960260861446,1499.0,100.2,-2.6,-3.710864142389056,-1.3,True,35.155,36.755,35.61281450240274,4.725,20,4.64,4.64,0.152,0.152,18.6666666666667
Richmond_Eucalyptus_cladocalyx,3.05,7.93157225827837,39.8349105,32.04403125,27.643665804638907,5.2925,5.335889055329416,1500.0,100.2,-3.3,-3.0277859687121564,-1.3,True,35.045,37.12,35.76819772966147,4.99,20,4.64,4.64,0.1045,0.1045,18.733333333333302
Richmond_Eucalyptus_cladocalyx,4.3575,7.586491566901968,39.70673437,29.2322625,26.926946107982808,4.9675,5.0102036559986685,1499.0,100.25,-2.65,-3.0268208155571443,-1.4,True,35.0325,37.34,35.79263708009525,5.13,20,4.64,4.64,0.095225,0.095225,18.85
Richmond_Eucalyptus_cladocalyx,5.5725,5.513204050614432,39.735611999999996,20.44231875,23.533240529178954,2.755,2.8543732026675808,1501.0,100.3,-3.5,-2.312606798971081,-1.4,True,35.075,36.495,36.21604779554168,4.97,20,4.64,4.64,0.054175,0.054175,18.9333333333333
Richmond_Eucalyptus_cladocalyx,4.7825,9.402828979818972,39.66645769,31.917375,29.81968441019588,6.865,6.8812799085565945,1501.25,100.3,-3.05,-3.478280569747373,-1.2,True,34.8725,35.5075,35.40363694649407,4.4225,20,4.64,4.64,0.155,0.155,19.1166666666667
Richmond_Eucalyptus_cladocalyx,5.6125,9.496412098600349,39.69457538,31.18276875,29.779892990271723,6.67,6.727679839151246,1501.0,100.3,-2.95,-3.39691340654211,-1.2,True,34.76,35.1125,35.325709558124224,4.295,20,4.64,4.64,0.1555,0.1555,19.2
Richmond_Eucalyptus_cladocalyx,11.225,14.118144647921245,39.32043281,33.36125625,32.630230536242216,3.0925,3.0289916298095774,499.0,101.7,-2.3,-1.6071190327507423,-0.7,False,21.3025,22.44,21.31003637390349,0.922,41,4.64,4.64,0.3595,0.3595,8.83333333333333
Richmond_Eucalyptus_cladocalyx,10.6775,14.083186519175019,39.32549906,33.46258125,32.486890270165745,3.505,3.3911449321965135,498.0,101.7,-1.5,-1.7367074660008484,-0.7,False,21.3275,22.6725,21.262009612011518,1.07,41,4.64,4.64,0.35025,0.35025,8.91666666666667
Richmond_Eucalyptus_cladocalyx,9.9,14.220980939827893,39.59679675,34.42516875,33.06795203132989,3.4,3.2997764244684515,500.75,101.8,-2.1,-1.7377324271117849,-0.75,False,21.2925,22.4525,21.254199989572932,0.98125,41,4.64,4.64,0.37225,0.37225,9.03333333333333
Richmond_Eucalyptus_cladocalyx,8.5425,14.342069875806752,39.63758006,35.46375,33.62698531236938,3.515,3.4119873348097856,502.0,101.8,-1.5,-1.7806773152470796,-0.75,False,21.16,22.12,21.111027456614455,0.92925,41,4.64,4.64,0.4105,0.4105,9.11666666666667
Richmond_Eucalyptus_cladocalyx,8.555,14.202315345704891,39.64315294,35.05845,33.04818727494252,3.1875,3.114947546902733,499.0,101.8,-2.1,-1.6947875389764897,-0.75,False,21.1,22.035,21.091699288597702,0.932,41,4.64,4.64,0.36775,0.36775,9.26666666666667
Richmond_Eucalyptus_cladocalyx,6.5425,13.93703016227919,39.7173735,35.18510625,31.438305812087197,2.66,2.6238089807676026,499.0,101.8,-1.8,-1.5659528745706046,-0.75,False,21.025,22.2125,21.086528860493324,0.9905,41,4.64,4.64,0.28325,0.28325,9.33333333333333
Richmond_Eucalyptus_cladocalyx,12.2,20.34431317832001,39.37058869,33.133275,30.42384327945684,4.9925,5.655026132272308,1800.5,101.7,-2.3,-2.4710419210847827,-0.7,False,23.7225,26.2275,24.964282649247945,1.3775,41,4.64,4.64,0.38925,0.38925,10.7
Richmond_Eucalyptus_cladocalyx,12.075,20.448631881358335,39.41871806,33.43725,30.730951420469328,5.135,5.813169304535384,1800.5,101.6,-2.25,-2.514238065501485,-0.7,False,23.915,26.3875,25.13032333371972,1.37,41,4.64,4.64,0.4035,0.4035,10.783333333333301
Richmond_Eucalyptus_cladocalyx,11.3,19.72921862734271,39.40605244,32.8293,29.585117372468147,4.7625,5.380123530649617,1799.5,101.7,-2.7,-2.4248506372765046,-0.75,False,24.495,27.0275,25.783003478164353,1.48,41,4.64,4.64,0.341,0.341,10.9
Richmond_Eucalyptus_cladocalyx,11.625,19.83573727165661,39.4498755,32.8799625,29.856467813675785,4.665,5.322851512707464,1801.0,101.6,-2.55,-2.381905749141209,-0.75,False,24.5675,26.9925,25.87059080726147,1.41,41,4.64,4.64,0.35125,0.35125,10.983333333333302
Richmond_Eucalyptus_cladocalyx,11.025,20.221391561213537,39.4458225,33.5892375,30.3491774343417,4.97,5.6261349948628645,1800.0,101.6,-2.75,-2.5107404135470945,-0.75,False,24.1025,26.5625,25.34946478712819,1.4,41,4.64,4.64,0.3795,0.3795,11.15
Richmond_Eucalyptus_cladocalyx,9.7675,20.35245515406755,39.45620831,34.24785,30.466203043026567,5.005,5.65746730554388,1800.0,101.6,-2.5,-2.5107404135470945,-0.75,False,23.7575,26.1175,24.998098320798288,1.385,41,4.64,4.64,0.387,0.387,11.233333333333302
Richmond_Eucalyptus_cladocalyx,9.46,17.885938679344736,39.41770481,33.8932125,31.033174654910912,5.8875,6.53137930754728,1800.0,101.4,-3.35,-2.7302187875849957,-0.7,False,28.71,30.5625,29.81827043367792,1.715,41,4.64,4.64,0.36225,0.36225,13.733333333333302
Richmond_Eucalyptus_cladocalyx,9.66,17.782537043648432,39.49521844,33.7918875,30.994005124503012,5.805,6.438159658155276,1800.75,101.4,-3.3,-2.7302187875849957,-0.7,False,28.7725,30.7675,29.897764952706275,1.72,41,4.64,4.64,0.35475,0.35475,13.85
Richmond_Eucalyptus_cladocalyx,8.805,17.37378974049255,39.54588094,34.01986875,30.878046657131534,5.7725,6.401096600645768,1801.25,101.4,-2.95,-2.7684097423588643,-0.75,False,29.0975,31.2475,30.22947410427096,1.7875,41,4.64,4.64,0.339,0.339,13.966666666666699
Richmond_Eucalyptus_cladocalyx,9.505,17.049095499040288,39.47647331,33.133275,30.22152323217626,5.41,6.015846417609678,1800.75,101.4,-3.15,-2.6395750779529794,-0.75,True,29.015,31.3625,30.20971449137798,1.8175,41,4.64,4.64,0.31,0.31,14.066666666666698
Richmond_Eucalyptus_cladocalyx,8.2825,17.263980370216355,39.51548344,34.349175,31.151849311438852,5.9875,6.604184971222672,1798.5,101.4,-3.05,-2.8113546304941592,-0.75,False,29.3625,31.4475,30.45866218607384,1.7975,41,4.64,4.64,0.34975,0.34975,14.2
Richmond_Eucalyptus_cladocalyx,10.375,17.191062532920814,39.47723325,33.61456875,31.66645044205638,6.3225,6.946606041219272,1800.0,101.4,-3.25,-2.940189294900044,-0.75,False,29.71,31.6325,30.754785975722005,1.78,41,4.64,4.64,0.3745,0.3745,14.283333333333301
Richmond_Eucalyptus_cladocalyx,10.6,16.304302581016998,39.43315688,32.04403125,30.19004578792489,6.0375,6.56516439657164,1800.5,101.2,-3.07,-2.773414932001697,-0.7,True,29.7625,31.17,30.854021839329466,2.125,41,4.64,4.64,0.2955,0.2955,16.3833333333333
Richmond_Eucalyptus_cladocalyx,8.51,17.25267261147993,39.53068219,34.22251875,31.36931393107388,6.8575,7.376691299918871,1799.75,101.2,-3.15,-3.0325917985019086,-0.7,False,29.605,30.7725,30.566237214405042,2.015,41,4.64,4.64,0.358,0.358,16.45
Richmond_Eucalyptus_cladocalyx,12.4,16.059167706226184,39.301941,30.8028,30.10928861301346,6.2025,6.69704236199999,1801.0,101.2,-3.15,-2.8542995186294537,-0.75,True,29.96,31.2275,31.02753123526789,2.2,41,4.64,4.64,0.2925,0.2925,16.6166666666667
Richmond_Eucalyptus_cladocalyx,9.88,16.263501012815322,39.512696999999996,32.7786375,30.93249131037245,7.37,7.75375648276061,1800.0,101.1,-3.15,-3.240803511847109,-0.75,True,30.3225,32.265,31.2058377714413,2.41,41,4.64,4.64,0.3185,0.3185,16.766666666666698
Richmond_Eucalyptus_cladocalyx,7.7775,14.035620296641216,39.67051069,32.0693625,28.716546261089768,4.9775,5.4489650667020175,1799.75,101.2,-3.1,-2.4248506372765046,-0.75,True,30.71,31.905,31.98206421012701,2.3975,41,4.64,4.64,0.2115,0.2115,16.9166666666667
Richmond_Eucalyptus_cladocalyx,16.7,12.673768190805495,39.25659806,32.322675,34.31948905200786,2.8225,2.738107498764806,399.0,102.4,-1.95,-1.833772134565196,-1.0,False,15.4925,16.6325,15.405207719008546,0.69825,57,4.64,4.64,0.447,0.447,8.96666666666667
Richmond_Eucalyptus_cladocalyx,15.725,12.658084478913677,39.28851544,32.4746625,34.138706149060674,2.69,2.6176884820925266,399.0,102.4,-1.6,-1.7920835278369365,-1.0,False,15.5275,16.695,15.459435115517767,0.6945,57,4.64,4.64,0.4265,0.4265,9.05
Richmond_Eucalyptus_cladocalyx,17.05,12.643130906228187,39.12614212,31.48674375,33.81169574988693,2.975,2.8702063334181966,399.0,102.4,-2.35,-2.041671961087042,-1.14,False,16.7125,17.705,16.599696025286967,0.79175,57,4.64,4.64,0.41175,0.41175,9.35
Richmond_Eucalyptus_cladocalyx,16.9,12.681879732858064,39.12183581,32.14535625,34.23452146218565,2.95,2.8506597129437368,399.0,102.4,-1.7,-2.086144322896088,-1.19,False,16.135,17.345,16.030662027295286,0.7215,57,4.64,4.64,0.45225,0.45225,9.43333333333333
Richmond_Eucalyptus_cladocalyx,16.85,12.7321141274266,39.22772044,33.10794375,34.91453364044232,3.1725,3.0479187662981486,398.25,102.4,-2.7,-1.6071190327507423,-0.7,False,16.175,17.3175,16.044557808625456,0.6835,57,4.64,4.64,0.5205,0.5205,9.56666666666667
Richmond_Eucalyptus_cladocalyx,16.25,12.732215981354413,39.18060431,33.335925,34.93423783359792,3.2275,3.094980196038109,398.0,102.4,-2.1,-1.6503151771674442,-0.7,False,16.365,17.49,16.228021405087812,0.6845,57,4.64,4.64,0.5295,0.5295,9.68333333333333
Richmond_Eucalyptus_cladocalyx,23.275,18.89038278412943,38.87080313,29.6375625,31.91460301693175,4.7925,4.921692250846879,1001.0,102.4,-2.88,-2.5424784489456127,-1.0,False,21.2825,22.7275,21.62207746872592,1.11,57,4.64,4.64,0.47525,0.47525,11.65
Richmond_Eucalyptus_cladocalyx,25.75,18.726025256057707,38.66232694,27.83904375,31.282237736541727,4.6475,4.7904474337418534,1001.5,102.4,-2.4,-2.500789842217353,-1.0,False,21.2775,22.83,21.634989746640738,1.155,57,4.64,4.64,0.4415,0.4415,11.733333333333302
Richmond_Eucalyptus_cladocalyx,25.575,18.794997174598546,38.74718663,28.29500625,31.553838048594667,4.7575,4.900161589805812,999.25,102.4,-2.6,-2.6731620305482444,-1.11,False,21.4225,22.8475,21.760936606935992,1.15,57,4.64,4.64,0.45575,0.45575,11.8666666666667
Richmond_Eucalyptus_cladocalyx,23.2,18.78007645338656,38.86092394,29.05494375,31.486226917905803,4.62,4.763793525531419,1000.25,102.35,-2.75,-2.689011112262196,-1.18,False,21.435,22.8,21.79706107229612,1.1425,57,4.64,4.64,0.443,0.443,11.95
Richmond_Eucalyptus_cladocalyx,23.6,18.754044246731645,38.80874156,28.7763,31.38963218268055,4.7075,4.847195778966211,999.0,102.3,-2.75,-2.6645890017094316,-1.15,False,21.585,23.12,21.930509023008828,1.175,57,4.64,4.64,0.43925,0.43925,12.033333333333301
Richmond_Eucalyptus_cladocalyx,24.375,18.707930590282114,38.72362856,29.10560625,31.83147054986216,4.545,4.778289996928662,999.25,102.3,-3.0,-2.1686689101678684,-0.7,False,24.325,23.84,24.70941445831629,1.055,57,4.64,4.64,0.47475,0.47475,12.25
Richmond_Eucalyptus_cladocalyx,20.45,17.030108451039045,38.92450537,25.2805875,28.05621584193274,2.55,2.852008493052064,1000.25,102.3,-2.35,-1.5639228883340404,-0.7,False,25.16,24.3375,25.873766909032412,1.0175,57,4.64,4.64,0.26425,0.26425,12.35
Richmond_Eucalyptus_cladocalyx,19.85,19.753274026704823,39.04001588,28.34566875,29.33533063026766,5.0125,5.599970902544573,1801.0,102.1,-2.65,-2.750921482586912,-1.0,False,24.095,26.305,25.34208775000216,1.54,57,4.64,4.64,0.34725,0.34725,14.066666666666698
Richmond_Eucalyptus_cladocalyx,26.65,20.24293216763368,38.61343762,26.8004625,30.32340614598506,5.8375,6.4536931472782575,1800.25,102.1,-3.2,-3.08443033641299,-1.0,False,24.275,26.4325,25.37735314537838,1.5,57,4.64,4.64,0.422,0.422,14.15
Richmond_Eucalyptus_cladocalyx,25.475,20.078591901318603,38.76035888,26.87645625,30.158286967122702,6.0175,6.58329175949395,1799.5,102.1,-3.15,-3.3415564581053068,-1.18,False,24.59,27.1775,25.6661424545708,1.615,57,4.64,4.64,0.402,0.402,14.3
Richmond_Eucalyptus_cladocalyx,26.825,20.13426133489056,38.62027706,26.57248125,30.28318773683906,6.1075,6.6877310412022934,1801.0,102.1,-2.95,-2.9421690298803265,-0.81,False,24.6475,27.335,25.70966231614285,1.585,57,4.64,4.64,0.417,0.417,14.3666666666667
Richmond_Eucalyptus_cladocalyx,20.725,19.37206337913104,38.94021075,27.2057625,28.869241713590103,5.1275,5.677457075784608,1801.0,102.1,-3.1,-2.4710419210847827,-0.7,False,24.5975,27.285,25.827461072126468,1.665,57,4.64,4.64,0.327,0.327,14.516666666666698
Richmond_Eucalyptus_cladocalyx,25.825,20.34324898714205,38.68664494,27.5604,30.646359171304155,6.17,6.769835494810799,1799.5,102.1,-3.0,-2.8166110764183987,-0.7,False,24.505,26.8675,25.553094275615248,1.53,57,4.64,4.64,0.4385,0.4385,14.583333333333302
Richmond_Eucalyptus_cladocalyx,19.8,18.096079880542323,38.99416631,25.5339,27.65056110252802,4.57,4.962331726454876,1499.75,101.9,-2.65,-2.5424784489456127,-1.0,False,25.34,26.88,26.296055310434948,1.79,57,4.64,4.64,0.26825,0.26825,16.1166666666667
Richmond_Eucalyptus_cladocalyx,25.625,19.875736702830306,38.669672999999996,27.78838125,31.023014902536307,6.995,7.326918287777062,1500.5,101.9,-2.9,-3.4533663259174614,-1.05,False,25.3775,27.015,25.955294155527703,1.6875,57,4.64,4.64,0.45125,0.45125,16.25
Richmond_Eucalyptus_cladocalyx,24.375,19.75249277094933,38.76061219,27.83904375,30.7327746754725,6.615,6.964155657301334,1500.0,101.9,-2.7,-3.4567227808026493,-1.17,False,25.2975,26.865,25.931860060391497,1.6825,57,4.64,4.64,0.42525,0.42525,16.3166666666667
Richmond_Eucalyptus_cladocalyx,21.575,18.99938717034101,38.87409619,26.92711875,29.29165817017012,5.695,6.0537855401643075,1500.75,101.9,-2.8,-2.6006303543348888,-0.7,False,25.4,27.2625,26.175667527554484,1.7925,57,4.64,4.64,0.3375,0.3375,16.516666666666698
Richmond_Eucalyptus_cladocalyx,25.425,18.3542090312725,38.7122295,29.1309375,32.132785571373944,3.3325,3.6151478219237965,999.0,102.3,-1.8,-1.6924664244879022,-0.6,False,17.61,19.065,18.1675023527738,0.758,77,4.64,4.64,0.4885,0.4885,9.91666666666667
Richmond_Eucalyptus_cladocalyx,26.775,18.245199778550454,38.48171513,28.2190125,31.828601773080386,3.48,3.7378206635028937,999.0,102.3,-1.2,-1.7361650814674183,-0.6,False,17.4625,18.8025,17.996405679282034,0.80525,77,4.64,4.64,0.4795,0.4795,9.98333333333333
Richmond_Eucalyptus_cladocalyx,20.95,17.71817904494391,38.91665269,27.07910625,29.38241504964619,2.67,2.8878555536596626,999.0,102.4,-1.6,-1.7412898870220992,-0.85,False,17.7325,19.5475,18.4052064635956,0.9055,77,4.64,4.64,0.31625,0.31625,10.1333333333333
Richmond_Eucalyptus_cladocalyx,27.45,18.3011039904704,38.60203856,27.5604,31.59115001704825,3.44,3.689984655659942,999.0,102.4,-1.8,-1.9959441404569849,-0.85,False,17.9025,19.67,18.44398643055802,0.8345,77,4.64,4.64,0.455,0.455,10.2
Richmond_Eucalyptus_cladocalyx,21.4,18.101854113148047,38.93945081,29.00428125,30.972623574865604,3.0725,3.3138014214330798,1000.0,102.4,-1.6,-1.5166268994735936,-0.5,False,17.65,19.41,18.254206540047427,0.855,77,4.64,4.64,0.39175,0.39175,10.3666666666667
Richmond_Eucalyptus_cladocalyx,19.7,18.349988202362685,38.94274388,29.890875,31.006894173104676,3.2225,3.4717213088383754,1001.0,102.4,-1.3,-1.5608280690159235,-0.5,False,18.7525,19.63,19.33331471436195,0.8805,77,4.64,4.64,0.39925,0.39925,10.4333333333333
Richmond_Eucalyptus_cladocalyx,21.85,20.173950883549317,38.80038225,28.04169375,29.62783593419765,4.9975,5.585307333042321,1800.75,102.3,-3.25,-2.3042476222011268,-0.6,False,22.1275,24.6325,23.37414491827156,1.4275,77,4.64,4.64,0.378,0.378,11.783333333333301
Richmond_Eucalyptus_cladocalyx,27.55,20.44339574699445,38.59519912,26.4964875,30.28358921087129,6.0325,6.589447448924383,1799.25,102.3,-3.3,-2.6538368780372563,-0.6,False,22.925,25.4575,23.995721174637595,1.5425,77,4.64,4.64,0.42625,0.42625,11.8666666666667
Richmond_Eucalyptus_cladocalyx,26.15,19.661268956837468,38.47791544,24.69796875,28.79922943701199,5.185,5.7308396863562825,1800.75,102.3,-2.9,-2.6325797740441983,-0.85,False,23.4625,26.15,24.680958183274022,1.5975,77,4.64,4.64,0.34725,0.34725,12.016666666666698
Richmond_Eucalyptus_cladocalyx,30.6,20.47720739791313,38.3879895,25.7872125,30.522597579846874,6.02,6.644623180711662,1802.0,102.3,-2.8,-2.9721187786240457,-0.85,False,23.6625,25.65,24.733946238915237,1.455,77,4.64,4.64,0.45325,0.45325,12.1
Richmond_Eucalyptus_cladocalyx,30.375,20.60897204739309,38.41534725,26.3445,30.80051079907279,6.2575,6.861118581099339,1800.0,102.3,-2.65,-2.6216561380318475,-0.5,False,23.6175,25.82,24.650012672650536,1.4525,77,4.64,4.64,0.47275,0.47275,12.216666666666699
Richmond_Eucalyptus_cladocalyx,21.15,19.591867386541267,38.90500031,27.053775,28.804003331953282,4.835,5.400868606062668,1800.0,102.2,-2.65,-2.135443273066216,-0.5,False,23.645,26.0475,24.92238506442183,1.56,77,4.64,4.64,0.33025,0.33025,12.283333333333301
Richmond_Eucalyptus_cladocalyx,20.15,16.457143453048626,38.9148795,27.3070875,30.568528588032226,7.425,7.829885223898837,1800.0,102.0,-2.8,-3.090823447832417,-0.6,True,30.045,31.8275,30.917760645270505,2.34,77,4.64,4.64,0.33525,0.33525,14.583333333333302
Richmond_Eucalyptus_cladocalyx,28.875,16.716350010630194,38.49438075,23.9633625,30.80085974107841,7.4125,7.890505356710329,1800.0,102.0,-2.9,-3.396542534348855,-0.85,True,29.9475,31.025,30.82304338704844,2.125,77,4.64,4.64,0.37175,0.37175,14.783333333333301
Richmond_Eucalyptus_cladocalyx,22.4,16.960969269605588,38.76365194,27.35775,31.101778447132464,7.77,8.181167359808795,1799.0,102.0,-2.12,-3.1078690029974783,-0.5,False,29.91,31.0,30.73415412429037,2.18,77,4.64,4.64,0.37925,0.37925,14.933333333333302
Richmond_Eucalyptus_dunnii,3.415,11.09912464377216,39.79792687,32.09469375,16.904613548791414,0.6459999999999999,0.6696000825794686,500.0,100.65,-1.2,-1.1312294289686702,-0.95,False,15.46,16.7625,15.835382169149153,0.83825,20,4.64,4.64,0.077725,0.077725,8.01666666666667
Richmond_Eucalyptus_dunnii,6.6675,14.07088282131757,39.75942338,32.39866875,25.612955331695773,1.2825,1.3092212262880645,500.0,100.7,-1.2,-1.2671515006951728,-0.95,False,15.2875,16.86,15.555124040938944,0.81125,20,4.64,4.64,0.162,0.162,8.1
Richmond_Eucalyptus_dunnii,11.55,14.191367909076845,39.46102125,27.88970625,26.105914647436318,1.2725,1.3058169394181125,501.0,100.6,-1.4,-1.1706690886348716,-0.85,False,15.86,17.4575,16.137670239488582,0.75325,20,4.64,4.64,0.17325,0.17325,8.26666666666667
Richmond_Eucalyptus_dunnii,10.175,13.778135051053992,39.57703838,27.68705625,24.39277242822916,1.045,1.0792406809350708,499.0,100.6,-1.35,-1.1248592188298898,-0.85,False,15.52,17.2475,15.835509530206366,0.72375,20,4.64,4.64,0.14725,0.14725,8.36666666666667
Richmond_Eucalyptus_dunnii,12.85,13.993566402391133,39.38578744,25.81254375,25.434885252705413,1.3125,1.345123903941337,501.25,100.6,-1.4,-1.562006596630808,-1.21,False,17.0975,18.7175,17.366556993891148,0.8235,20,4.64,4.64,0.16325,0.16325,8.53333333333333
Richmond_Eucalyptus_dunnii,12.25,14.329825520250886,39.43290356,28.04169375,26.94012695887223,1.39,1.4265499029326534,501.0,100.6,-1.4,-1.562006596630808,-1.21,False,16.9425,18.725,17.203002873321847,0.763,20,4.64,4.64,0.1875,0.1875,8.61666666666667
Richmond_Eucalyptus_dunnii,11.25,13.966221268052394,39.41491838,21.75954375,19.380773128622266,2.4675,2.779760005216074,1800.0,100.6,-1.4,-1.5371480470747247,-0.85,True,25.0725,29.5725,26.780680498540324,2.195,20,4.64,4.64,0.1125,0.1125,10.0
Richmond_Eucalyptus_dunnii,12.575,13.368292924205846,39.29712806,18.56780625,18.87526108256171,2.355,2.6441076790406832,1799.0,100.6,-1.5,-1.5371480470747247,-0.85,True,25.1425,29.69,26.872045014719944,2.2225,20,4.64,4.64,0.1055,0.1055,10.1666666666667
Richmond_Eucalyptus_dunnii,8.1025,10.249198710070253,39.60110306,19.63171875,16.488631978004328,1.79,1.997641193230424,1801.0,100.6,-1.7,-1.4483809296638432,-0.95,True,25.44,30.7075,27.266440719305486,2.495,20,4.64,4.64,0.071,0.071,10.3166666666667
Richmond_Eucalyptus_dunnii,9.835,11.868024727178982,39.61047563,19.93569375,17.782328413310168,2.0125,2.262938894048212,1800.0,100.6,-1.6,-1.5389956441481785,-0.95,True,25.395,30.515,27.19205044376286,2.2825,20,4.64,4.64,0.087325,0.087325,10.4
Richmond_Eucalyptus_dunnii,13.025,14.827038555035744,39.35235019,21.3289125,20.494824783281725,2.69,3.0383032068889424,1800.0,100.6,-1.7,-2.0020148424193183,-1.21,True,25.5075,30.3275,27.17921194483571,2.115,20,4.64,4.64,0.12725,0.12725,10.5666666666667
Richmond_Eucalyptus_dunnii,14.575,15.699863050815392,39.25609144,21.1262625,21.313042777491173,3.0625,3.421045774608193,1799.0,100.6,-1.8,-2.09001649157702,-1.21,True,25.4975,30.52,27.094656781612958,2.16,20,4.64,4.64,0.142,0.142,10.65
Richmond_Eucalyptus_dunnii,9.6625,12.502492807745266,39.52460269,25.35658125,23.649482256442184,3.96,4.363786611106608,1998.75,100.5,-1.6,-1.9494368753195597,-0.85,True,30.3625,34.2025,32.02891533700656,3.08,20,4.64,4.64,0.1275,0.1275,12.766666666666698
Richmond_Eucalyptus_dunnii,3.135,5.8688997659480355,39.88202663,25.5339,17.221251855332305,1.53,1.6948291513024014,1998.75,100.5,-1.55,-1.3577662151795082,-0.95,True,30.5625,36.005,32.66009850640615,3.6075,20,4.64,4.64,0.0412,0.0412,12.933333333333302
Richmond_Eucalyptus_dunnii,2.4275,5.835738378640473,39.90507806,28.1176875,17.26327315597667,1.5525,1.7159286900371764,2000.5,100.5,-1.4,-1.403073572421676,-0.95,True,30.64,36.3225,32.72951451246497,3.68,20,4.64,4.64,0.041,0.041,13.016666666666698
Richmond_Eucalyptus_dunnii,7.6275,10.051718085149883,39.59882325,23.811375,21.321109051261075,2.6325,2.9786068209739103,2001.0,100.4,-2.4,-2.0020148424193183,-1.21,True,30.4825,34.9525,32.41609638376099,2.9275,20,4.64,4.64,0.08825,0.08825,13.183333333333302
Richmond_Eucalyptus_dunnii,9.0075,11.344520026045377,39.514723499999995,24.1660125,22.47500406400821,3.0225,3.429283144990719,1999.25,100.4,-1.95,-2.09001649157702,-1.21,True,30.315,34.255,32.17560169667604,2.78,20,4.64,4.64,0.10725,0.10725,13.266666666666698
Richmond_Eucalyptus_dunnii,3.37,7.489084861422245,39.74878425,30.87879375,24.95404069021131,2.8425,3.1803659900004093,2001.5,100.3,-1.9,-1.6745776564896695,-0.85,True,34.105,39.31,36.01474284931439,3.38,20,4.64,4.64,0.081125,0.081125,15.033333333333301
Richmond_Eucalyptus_dunnii,1.375,5.786964786397271,39.90077175,33.15860625,21.3362372902942,1.8325,2.0609275540433933,1999.75,100.3,-1.35,-1.3539085678547977,-0.85,True,33.62,38.2125,35.705983661891985,3.5575,20,4.64,4.64,0.0496,0.0496,15.15
Richmond_Eucalyptus_dunnii,2.5675,5.61886519462356,39.95371406,28.75096875,21.082020654701047,1.9775,2.1769360055036047,1999.5,100.3,-1.9,-1.7820107195250634,-1.21,True,33.6925,38.7075,35.70952926754801,4.025,20,4.64,4.64,0.04735,0.04735,15.533333333333301
Richmond_Eucalyptus_dunnii,3.8125,5.3760189033490136,39.86404144,23.9633625,20.83025092557081,1.7525,1.9625057902983176,1999.0,100.2,-1.5,-1.6940090703673607,-1.21,True,33.7,37.8525,35.78211595910051,3.7725,20,4.64,4.64,0.04485,0.04485,15.6333333333333
Richmond_Eucalyptus_dunnii,2.435,7.2976659172630995,39.7862745,31.41075,24.27218547550091,3.9875,4.1812585583086594,1999.0,100.2,-1.85,-2.310020614471275,-1.21,True,34.3425,38.9025,35.89942935585883,5.1575,20,4.64,4.64,0.075175,0.075175,17.75
Richmond_Eucalyptus_dunnii,0.7390000000000001,4.423952258538208,40.05275925,33.335925,20.473779637537145,2.0325,2.0926891803639482,1501.0,100.2,-1.5,-1.4936882869060109,-0.95,True,35.185,38.5925,36.40032367073599,5.5025,20,4.64,4.64,0.0358,0.0358,18.0833333333333
Richmond_Eucalyptus_dunnii,2.5025,5.519660652492648,39.93978188,28.49765625,22.107448666217216,2.785,2.8439906088911626,1498.75,100.2,-1.4,-1.6749177158746809,-0.95,True,35.2125,38.5075,36.29773193934379,5.4975,20,4.64,4.64,0.049175,0.049175,18.1666666666667
Richmond_Eucalyptus_dunnii,3.0,7.082790017209352,39.85340231,30.16951875,24.42196677164475,3.8175,3.8953604339237913,1499.0,100.2,-1.7,-2.2220189653135733,-1.21,True,35.1325,37.4275,36.08286127719102,5.095,20,4.64,4.64,0.073275,0.073275,18.3166666666667
Richmond_Eucalyptus_dunnii,3.97,7.517141916121801,39.84630956,28.75096875,25.031619148128986,4.42,4.4623140871221265,1500.25,100.2,-1.85,-2.3980222636289765,-1.21,True,35.175,38.19,36.008725663803276,5.33,20,4.64,4.64,0.081125,0.081125,18.45
Richmond_Eucalyptus_dunnii,18.725,15.096783263882411,38.973648,30.87879375,33.03479636560531,4.495,4.272614663873071,499.25,101.7,-0.5,-1.2796764321920082,-0.2,False,20.875,21.5325,20.66967183040083,1.1175,41,4.64,4.64,0.439,0.439,8.15
Richmond_Eucalyptus_dunnii,19.35,15.286702334321987,38.99923256,32.24668125,34.16963017358512,4.9375,4.636310376319401,500.0,101.7,-0.5,-1.3287526336552815,-0.2,False,20.9275,21.4525,20.687437674589614,0.98775,41,4.64,4.64,0.55775,0.55775,8.23333333333333
Richmond_Eucalyptus_dunnii,4.9525,14.526374369529238,39.82021838,35.767725,29.940106228536767,2.595,2.561516735226812,501.0,101.7,-0.6,-0.7912569506808418,-0.15,False,20.9,22.07,20.960643195493557,1.1075,41,4.64,4.64,0.2455,0.2455,8.36666666666667
Richmond_Eucalyptus_dunnii,12.475,14.921691073118401,39.38122781,32.62665,32.091243094423454,3.21,3.1338455215456222,499.75,101.7,-0.5,-0.9392393239148822,-0.15,False,20.85,21.705,20.831836671258305,0.9875,41,4.64,4.64,0.348,0.348,8.43333333333333
Richmond_Eucalyptus_dunnii,15.475,15.236240171971472,39.26622394,33.133275,33.797673195945414,3.8575,3.707999582550682,501.0,101.7,-1.25,-1.2681262197619878,-0.35,False,20.8525,21.54,20.761860402461977,0.8740000000000001,41,4.64,4.64,0.485,0.485,8.56666666666667
Richmond_Eucalyptus_dunnii,15.05,15.293117344353492,39.27838294,33.6905625,34.181886868253066,3.91,3.7547898942429883,501.0,101.7,-1.05,-1.2681262197619878,-0.35,False,20.8675,21.5025,20.775927481475435,0.82375,41,4.64,4.64,0.526,0.526,8.65
Richmond_Eucalyptus_dunnii,26.325,24.345589848021856,38.61774394,30.77746875,32.0954459349928,7.2575,7.928448209239561,1799.75,101.7,-1.9,-2.212124259994197,-0.2,False,23.1775,25.025,24.038269131471672,1.23,41,4.64,4.64,0.67,0.67,9.98333333333333
Richmond_Eucalyptus_dunnii,26.4,23.635899650420235,38.60457169,28.85229375,30.62690627529993,6.19,6.8609946264718555,1798.75,101.7,-1.3,-1.9176670512145584,-0.2,False,23.385,25.48,24.419117845670023,1.315,41,4.64,4.64,0.5185,0.5185,10.0666666666667
Richmond_Eucalyptus_dunnii,2.0575,18.267212849276103,39.90735788,36.9329625,22.894369251876935,2.8825,3.329936193428249,1799.25,101.7,-1.95,-0.9885667816595624,-0.15,True,23.435,26.8025,25.07482544544545,1.67,41,4.64,4.64,0.17725,0.17725,10.2333333333333
Richmond_Eucalyptus_dunnii,11.675,23.06149946449575,39.46051463,33.6399,29.63018451637836,4.97,5.644222436164731,1800.25,101.7,-1.45,-1.5311688168510438,-0.15,False,23.3475,25.555,24.59093127052475,1.33,41,4.64,4.64,0.4025,0.4025,10.3166666666667
Richmond_Eucalyptus_dunnii,25.575,24.097290738790413,38.63395594,30.3975,31.608437992221084,6.5525,7.280128654015162,1801.5,101.7,-2.0,-2.2345748721430283,-0.35,False,23.46,25.435,24.42975435383695,1.205,41,4.64,4.64,0.6095,0.6095,10.45
Richmond_Eucalyptus_dunnii,21.6,24.30620427492218,38.88473531,32.04403125,32.092409795139915,7.1,7.770401191061229,1800.25,101.625,-1.7,-2.331219737381132,-0.35,False,23.4675,25.4275,24.355055042768946,1.2525,41,4.64,4.64,0.6385,0.6385,10.5666666666667
Richmond_Eucalyptus_dunnii,14.075,20.38614768712504,39.0526815,31.68939375,29.99413804899979,6.47,7.0542197517039416,1801.5,101.5,-1.9,-1.9667432526778317,-0.2,False,28.465,30.21,29.482706457197622,1.7875,41,4.64,4.64,0.384,0.384,12.933333333333302
Richmond_Eucalyptus_dunnii,25.475,22.1426828953303,38.62812975,30.27084375,32.23206967261504,8.8925,9.373187801055954,1801.0,101.4,-2.05,-2.653810073163656,-0.2,False,28.345,29.7175,28.999935849774214,1.61,41,4.64,4.64,0.6135,0.6135,13.033333333333301
Richmond_Eucalyptus_dunnii,16.275,20.981740551875745,39.10917019,31.6640625,30.979037923875488,7.2675,7.839171639213518,1801.0,101.4,-2.2,-2.1230983097872054,-0.15,False,28.57,30.0475,29.461147766704087,1.7575,41,4.64,4.64,0.4445,0.4445,13.166666666666698
Richmond_Eucalyptus_dunnii,13.975,20.09652123883343,39.11423644,31.43608125,29.771481276784822,6.43,6.998529871290921,1800.5,101.4,-2.05,-1.9257884788084847,-0.15,False,28.5975,30.485,29.620800471670066,1.86,41,4.64,4.64,0.3655,0.3655,13.3
Richmond_Eucalyptus_dunnii,21.25,22.235266085218164,38.73680081,31.68939375,32.440545112818235,8.8725,9.356380253750713,1800.0,101.4,-2.25,-2.8144440635716514,-0.35,False,28.35,29.575,29.007632448770966,1.5725,41,4.64,4.64,0.62725,0.62725,13.466666666666699
Richmond_Eucalyptus_dunnii,23.225,21.936990848935384,38.73097463,30.60015,32.01342361438631,8.405,8.939462434907172,1799.75,101.4,-2.15,-2.669476765714496,-0.35,False,28.37,29.355,29.089976226588014,1.6125,41,4.64,4.64,0.575,0.575,13.566666666666698
Richmond_Eucalyptus_dunnii,19.875,15.02275034593715,38.84572519,28.97895,32.42012800912177,8.1225,8.584706565175209,1799.75,101.2,-2.4,-2.40842906584729,-0.2,True,33.22,34.335,34.0228264708091,2.14,41,4.64,4.64,0.3985,0.3985,15.6333333333333
Richmond_Eucalyptus_dunnii,17.3,18.229639539349467,39.00556537,30.7521375,31.714073735448967,8.545,8.920750987841393,1800.25,101.2,-2.05,-2.5065814687738364,-0.2,False,31.1825,33.4775,31.909828814118573,2.115,41,4.64,4.64,0.4285,0.4285,15.733333333333302
Richmond_Eucalyptus_dunnii,5.555,16.20617603945827,39.78602119,34.551825,28.727503184132104,5.29,5.814687709003368,1799.25,101.2,-2.05,-1.5804962745957238,-0.15,True,30.805,32.715,32.02641161961912,2.23,41,4.64,4.64,0.24325,0.24325,15.8666666666667
Richmond_Eucalyptus_dunnii,1.55,11.689516630354685,39.92584969,36.1223625,23.25525141082879,2.865,3.26192911860197,1801.0,101.2,-2.25,-0.9392393239148822,-0.15,True,30.6675,33.015,32.318519080250645,2.5125,41,4.64,4.64,0.114,0.114,15.95
Richmond_Eucalyptus_dunnii,19.75,20.67822414909198,38.93185144,32.19601875,33.10918811026988,10.85,11.12860882108965,1799.0,101.2,-2.5,-3.3943132550002764,-0.35,False,30.2,31.82,30.59936009431607,1.9,41,4.64,4.64,0.633,0.633,16.1
Richmond_Eucalyptus_dunnii,17.725,19.957467207522768,39.07623956,30.87879375,31.334374470655852,8.52,8.890406593062666,1799.0,101.2,-2.0,-2.669476765714496,-0.35,False,29.8025,31.68,30.521559268338144,2.0525,41,4.64,4.64,0.443,0.443,16.216666666666697
Richmond_Eucalyptus_dunnii,17.25,13.258831788948116,39.20720213,30.2455125,32.620724153871386,1.93,1.9191685572972677,399.0,102.3,-0.75,-0.7857368890045902,-0.3,False,15.2975,16.1525,15.348526012842386,0.607,57,4.64,4.64,0.344,0.344,8.06666666666667
Richmond_Eucalyptus_dunnii,16.025,13.09184993169474,39.27205013,29.66289375,31.7224718522563,1.545,1.5658361471706963,401.0,102.3,-0.6,-0.6885895112036722,-0.3,False,17.26,16.105,17.383618597497414,0.5635,57,4.64,4.64,0.29375,0.29375,8.18333333333333
Richmond_Eucalyptus_dunnii,12.975,13.389825493316193,39.25457156,34.0958625,34.25205137161446,1.9775,1.9807012483644584,399.0,102.4,-1.2,-0.548299703074942,-0.05,False,16.52,15.8125,16.580308543183722,0.4695,57,4.64,4.64,0.46775,0.46775,8.33333333333333
Richmond_Eucalyptus_dunnii,14.575,13.414114688071349,39.20036269,33.3865875,34.20609701342299,2.6075,2.5452762709484777,400.0,102.4,-1.0,-0.6479596436899305,-0.05,False,16.5175,16.0775,16.47543298260165,0.61675,57,4.64,4.64,0.4695,0.4695,8.46666666666667
Richmond_Eucalyptus_dunnii,16.15,13.497743360799468,39.18795038,33.96920625,35.11523804496972,2.765,2.6887120344936033,399.0,102.3,-1.6,-0.9335492325461248,-0.25,False,16.1275,16.0825,16.070174203711268,0.53225,57,4.64,4.64,0.59075,0.59075,8.61666666666667
Richmond_Eucalyptus_dunnii,14.6,11.866221233187678,39.27888956,26.36983125,29.174198561371412,1.305,1.3387786547865852,401.0,102.3,-1.15,-0.5917746162730624,-0.25,False,22.3075,18.79,22.485700977025076,0.69925,57,4.64,4.64,0.1955,0.1955,8.73333333333333
Richmond_Eucalyptus_dunnii,28.775,21.17361191551221,38.390015999999996,29.080275,32.050248687081464,6.285,6.261638430037078,1000.25,102.4,-2.15,-1.9029317337151483,-0.3,False,21.4825,23.0575,21.609279977425583,1.19,57,4.64,4.64,0.59675,0.59675,10.966666666666699
Richmond_Eucalyptus_dunnii,24.675,21.164309624472967,38.74819988,30.27084375,32.06695050181336,5.585,5.65772541045505,1000.0,102.4,-2.18,-1.7086369781133115,-0.3,False,21.295,22.63,21.518304757782673,1.115,57,4.64,4.64,0.56275,0.56275,11.066666666666698
Richmond_Eucalyptus_dunnii,20.175,21.320271366770363,38.98986,32.3733375,32.682547233726076,5.715,5.7822810567081655,999.0,102.4,-1.82,-1.4950691389173316,-0.05,False,21.2975,22.445,21.504240975074573,1.07,57,4.64,4.64,0.60475,0.60475,11.2
Richmond_Eucalyptus_dunnii,21.525,21.192058798273912,38.91665269,31.43608125,32.205046508361676,5.715,5.75824676671989,999.0,102.4,-1.8,-1.4950691389173316,-0.05,False,21.3325,22.88,21.537096395940818,1.1425,57,4.64,4.64,0.56075,0.56075,11.283333333333301
Richmond_Eucalyptus_dunnii,22.075,21.120082055101353,38.68715156,30.87879375,31.878019504709247,5.525,5.6001974359056375,1000.25,102.3,-2.15,-1.6659234102741158,-0.25,False,21.515,23.2075,21.748024430018376,1.125,57,4.64,4.64,0.54925,0.54925,11.45
Richmond_Eucalyptus_dunnii,22.15,21.16423967320113,38.82292706,31.08144375,32.06945154503617,5.285,5.4042057508947,1000.0,102.3,-2.18,-1.6170984650922495,-0.25,False,21.2825,22.78,21.548592024544945,1.0675,57,4.64,4.64,0.5555,0.5555,11.516666666666698
Richmond_Eucalyptus_dunnii,32.3,24.012505121132325,38.23042913,28.49765625,31.582510763281746,7.56,8.169691699989787,1801.0,102.2,-2.55,-2.388668622719738,-0.3,False,24.16,25.8175,24.98571387060731,1.3175,57,4.64,4.64,0.64925,0.64925,13.416666666666698
Richmond_Eucalyptus_dunnii,32.125,23.769109537987145,38.33226075,27.73771875,31.06454058230506,6.96,7.605352893748507,1801.0,102.2,-2.1,-2.2429475560183607,-0.3,False,24.0425,25.54,24.95831456644352,1.34,57,4.64,4.64,0.58125,0.58125,13.5
Richmond_Eucalyptus_dunnii,22.0,22.15129980017578,38.83559269,27.43374375,28.291011966243246,5.215,5.805186399493955,1801.0,102.2,-2.05,-1.4950691389173316,-0.05,False,24.13,26.44,25.341069395867834,1.555,57,4.64,4.64,0.3595,0.3595,13.6333333333333
Richmond_Eucalyptus_dunnii,17.9,23.51307097432231,39.10283738,31.89204375,30.724370327814388,6.31,6.937960269251075,1799.0,102.2,-1.9,-1.7940489607622971,-0.05,False,24.1375,25.955,25.15942393673869,1.41,57,4.64,4.64,0.49125,0.49125,13.7
Richmond_Eucalyptus_dunnii,30.075,24.0859443899274,38.46119681,29.3335875,31.753314022355234,7.1575,7.849923212526402,1799.0,102.1,-2.35,-2.2518227524565093,-0.25,False,24.06,25.425,24.935108526026173,1.26,57,4.64,4.64,0.64425,0.64425,13.85
Richmond_Eucalyptus_dunnii,30.125,23.72060230936112,38.47335581,28.19368125,31.009557397248734,6.705,7.378552954425023,1799.5,102.1,-2.35,-2.1053479169109104,-0.25,False,24.0625,25.675,25.013851309816047,1.33,57,4.64,4.64,0.5625,0.5625,13.916666666666698
Richmond_Eucalyptus_dunnii,30.075,23.505065533777188,38.41104094,30.296175,32.682396324576835,8.33,8.678586842451912,1499.75,102.0,-2.3,-3.0281819324601376,-0.7,False,25.215,26.2975,25.60838119954277,1.28,57,4.64,4.64,0.74975,0.74975,15.25
Richmond_Eucalyptus_dunnii,29.0,23.28961488438565,38.5406525,29.7219999966225,32.085837705979884,7.723333332999999,8.124319719434858,1501.0,102.0,-2.25,-2.388668622719738,-0.3,False,25.02,26.0,25.492886301258572,1.35,57,4.64,4.64,0.648333333,0.648333333,15.35
Richmond_Eucalyptus_dunnii,30.925,23.352352085755648,38.36139169,29.38425,32.184440639532035,8.07,8.418039315679389,1499.25,102.0,-2.25,-2.485816000520656,-0.3,False,25.0025,25.9075,25.429121865808487,1.345,57,4.64,4.64,0.68325,0.68325,15.416666666666698
Richmond_Eucalyptus_dunnii,22.0,22.261341540134012,38.87814919,29.2322625,30.09255120700389,6.4425,6.826891550609803,1500.25,102.0,-1.7,-1.744218990454803,-0.05,False,25.14,26.745,25.801477355538484,1.59,57,4.64,4.64,0.4395,0.4395,15.533333333333301
Richmond_Eucalyptus_dunnii,28.625,22.884273236788438,38.4852615,28.59898125,31.26746306796197,7.3225,7.703382361006372,1500.0,102.0,-2.1,-1.9933688419922742,-0.05,False,25.12,26.2675,25.65141703454467,1.45,57,4.64,4.64,0.5615,0.5615,15.6166666666667
Richmond_Eucalyptus_dunnii,27.7,22.646135331818453,38.53009781,28.269675,30.88882512766137,7.26,7.628485791826647,1499.0,101.9,-2.4,-2.2029978072746426,-0.25,False,25.2925,26.72,25.83019810493338,1.54,57,4.64,4.64,0.52075,0.52075,15.733333333333302
Richmond_Eucalyptus_dunnii,19.675,23.495486892081374,38.85180469,32.8293,32.70348605661084,8.865,9.070870982827373,1499.25,101.9,-2.1,-2.5935973687295717,-0.25,False,25.295,26.69,25.61998126216669,1.4625,57,4.64,4.64,0.69075,0.69075,15.85
Richmond_Eucalyptus_dunnii,19.45,20.581649685463113,38.92551863,32.525325,32.71039694517161,4.235,4.458478945380583,999.0,102.3,-1.0,-1.4614159502381958,-0.35,False,16.85,17.635,17.26301924983669,0.815,77,4.64,4.64,0.59,0.59,9.21666666666667
Richmond_Eucalyptus_dunnii,20.75,20.608685295089842,38.90576025,31.8667125,32.42398185625612,3.915,4.169082224032592,1000.0,102.3,-0.95,-1.364771085000092,-0.35,False,17.095,17.9625,17.55899370209579,0.784,77,4.64,4.64,0.564,0.564,9.26666666666667
Richmond_Eucalyptus_dunnii,18.475,20.65781140298003,39.022284,32.49999375,32.33806826622437,4.0375,4.269443260893163,1001.75,102.4,-1.0,-1.4575658794281892,-0.4,False,17.3425,18.445,17.79028129966333,0.8305,77,4.64,4.64,0.54725,0.54725,9.43333333333333
Richmond_Eucalyptus_dunnii,19.625,20.838167034756978,38.96402213,33.10794375,33.253745950976146,4.3375,4.580802529442893,1001.0,102.4,-1.25,-1.553708232103479,-0.4,False,17.3025,18.1875,17.702990043885762,0.757,77,4.64,4.64,0.65825,0.65825,9.5
Richmond_Eucalyptus_dunnii,19.975,20.76193115836478,38.94857006,32.24668125,32.47267808203289,3.8875,4.152330812793837,1000.0,102.3,-1.3,-1.4575658794281892,-0.4,False,17.6325,18.39,18.101492633208572,0.77075,77,4.64,4.64,0.56925,0.56925,9.63333333333333
Richmond_Eucalyptus_dunnii,17.85,20.550425591970246,39.04508213,32.120025,31.656055437642447,3.5825,3.8350609135724474,1001.25,102.3,-1.35,-1.3614235267528991,-0.4,False,17.5025,18.9475,18.022527815076668,0.81725,77,4.64,4.64,0.487,0.487,9.71666666666667
Richmond_Eucalyptus_dunnii,27.75,23.91587176855851,38.56454831,29.282925,31.15711564386568,5.7375,6.478635167439313,1801.25,102.3,-1.75,-1.9929627090477682,-0.35,False,21.3125,23.1675,22.41199192439694,1.125,77,4.64,4.64,0.57375,0.57375,11.233333333333302
Richmond_Eucalyptus_dunnii,26.575,23.575334301533772,38.600772,28.674975,30.39300683444187,5.295,6.0051870430518095,1799.0,102.3,-1.35,-1.847995411190612,-0.35,False,21.2,23.1275,22.37723386056048,1.165,77,4.64,4.64,0.5045,0.5045,11.3
Richmond_Eucalyptus_dunnii,26.225,23.226251525381503,38.657514,27.7123875,29.61559868569376,5.035,5.697243413423543,1799.25,102.3,-1.55,-1.8421352901293488,-0.4,False,21.3075,23.475,22.53725406938648,1.235,77,4.64,4.64,0.44675,0.44675,11.4
Richmond_Eucalyptus_dunnii,22.1,22.723257802598802,38.87612269,28.14301875,28.60782704059239,4.43,5.063877839598648,1801.0,102.3,-1.35,-1.6498505847787688,-0.4,False,21.415,23.57,22.75800829347733,1.2575,77,4.64,4.64,0.3805,0.3805,11.466666666666699
Richmond_Eucalyptus_dunnii,23.8,24.022849335145374,38.75782575,30.77746875,31.39266227964608,5.7425,6.498582762897242,1799.25,102.3,-1.85,-2.0344199954799285,-0.4,False,21.5325,23.3775,22.62647263091836,1.115,77,4.64,4.64,0.58025,0.58025,11.583333333333302
Richmond_Eucalyptus_dunnii,27.525,24.4488649369484,38.58380006,31.08144375,32.47423233648891,6.78,7.521402576151108,1800.0,102.3,-1.95,-2.3228470535057983,-0.4,False,21.5325,23.3175,22.456502443480858,1.075,77,4.64,4.64,0.72975,0.72975,11.65
Richmond_Eucalyptus_dunnii,24.225,17.527902054935087,38.61875719,22.46881875,27.801625637088886,5.29,5.8524572282388965,1800.0,102.0,-3.25,-1.847995411190612,-0.35,True,29.5,30.8425,30.714877676982514,2.025,77,4.64,4.64,0.2725,0.2725,13.9
Richmond_Eucalyptus_dunnii,17.3,14.479038940313634,39.16261913,20.4169875,24.599840852785434,3.6775,4.172898594895723,1800.0,102.0,-2.05,-1.364771085000092,-0.35,True,29.6,31.4575,31.09232804905684,2.285,77,4.64,4.64,0.1645,0.1645,14.016666666666698
Richmond_Eucalyptus_dunnii,13.9,14.695838990828252,39.30244763,24.49531875,25.085430438281808,3.9725,4.4543718540210095,1800.0,102.0,-2.35,-1.5056370557658345,-0.4,True,29.7675,31.7475,31.20538652702742,2.3675,77,4.64,4.64,0.17125,0.17125,14.2
Richmond_Eucalyptus_dunnii,18.15,15.633026782344048,39.0648405,22.41815625,25.89566967763077,4.5425,4.996565458493328,1801.25,102.0,-2.5,-1.6498505847787688,-0.4,True,29.74,31.63,31.08362236151192,2.365,77,4.64,4.64,0.197,0.197,14.266666666666698
Richmond_Eucalyptus_dunnii,20.425,17.13396871474577,38.92678519,24.24200625,27.71404446847416,5.59,6.073388970259338,1799.75,102.0,-2.95,-1.9382776428046389,-0.4,True,29.785,31.29,30.949510968646678,2.265,77,4.64,4.64,0.25625,0.25625,14.3833333333333
Richmond_Eucalyptus_saligna,16.275,15.550421423370711,39.15223331,21.05026875,22.973335325359468,2.2475,2.468729882674437,1547.75,100.5,-1.6,-2.0372801737025026,-1.33,True,15.6475,21.38,17.089898828883044,1.4675,20,4.64,4.64,0.156,0.156,8.2
Richmond_Eucalyptus_saligna,19.85,13.79325244258206,38.95034325,27.94036875,31.91996184902638,3.5625,3.4559792170621044,492.5,100.5,-1.5,-2.0669426061336877,-1.08,False,15.725,20.2825,15.597834697847748,1.1475,20,4.64,4.64,0.3285,0.3285,8.28333333333333
Richmond_Eucalyptus_saligna,14.64,13.049446550533435,39.24053805,19.555725,22.79598802811513,1.958,1.9525865346845737,596.0,100.5,-1.6,-1.609578959388808,-1.08,False,15.69,22.59,15.902475576110499,1.548,20,4.64,4.64,0.1282,0.1282,8.38333333333333
Richmond_Eucalyptus_saligna,16.925,13.969646599676,39.12411563,22.2408375,26.100406492581936,2.2375,2.2381835847353777,596.0,100.5,-1.65,-1.8336564067601795,-1.2,False,15.9925,21.6625,16.18468212923007,1.3125,20,4.64,4.64,0.17475,0.17475,8.5
Richmond_Eucalyptus_saligna,11.66,12.284736904971256,39.38928315,20.34606,20.56730421250707,1.374,1.3915125799959989,595.6,100.5,-1.8,-1.575500092894921,-1.2,False,16.076,21.752,16.409098443530677,1.3219999999999998,20,4.64,4.64,0.105,0.105,8.58333333333333
Richmond_Eucalyptus_saligna,9.76,9.893235525386418,39.087537299999994,16.049879999999998,17.443535628482124,1.824,2.0437840289694864,1800.8,100.5,-2.2,-1.7867188951483142,-1.2,True,25.122,28.422,26.938295119614377,2.4819999999999998,20,4.64,4.64,0.07314,0.07314,9.91666666666667
Richmond_Eucalyptus_saligna,8.645,7.841578307307747,39.03165656,11.47505625,15.557834173667764,1.345,1.5116665761489405,1799.0,100.5,-2.2,-1.6224376045067859,-1.2,True,25.1275,28.665,27.03751921880448,2.4975,20,4.64,4.64,0.05325,0.05325,10.0
Richmond_Eucalyptus_saligna,9.402,9.199166433947338,38.96088105,14.651595,16.88216882102934,1.694,1.896112460370552,1801.0,100.4,-2.0,-1.609578959388808,-1.08,True,25.314,29.106,27.15498488065332,2.524,20,4.64,4.64,0.06652000000000001,0.06652000000000001,10.1833333333333
Richmond_Eucalyptus_saligna,9.698333332999999,10.58525784165888,38.93801537,18.2553875033775,18.255133078902933,2.121666667,2.3559499922550717,1800.0,100.4,-2.3,-2.014464684228228,-1.33,True,25.36666667,29.16333333,27.11779393978231,2.575,20,4.64,4.64,0.08195,0.08195,10.35
Richmond_Eucalyptus_saligna,11.6,11.545113594724386,38.929065,17.40256875,19.212242147107773,2.3725,2.6356904580630296,1801.0,100.4,-2.4,-2.105726642125325,-1.33,True,25.3025,28.845,27.00927022976507,2.52,20,4.64,4.64,0.093975,0.093975,10.4
Richmond_Eucalyptus_saligna,0.996,2.307180821929924,39.36020288,25.60989375,13.649901316973006,0.63225,0.6500754334410477,2000.75,100.3,-2.3,-1.5125239157941943,-1.33,True,29.1525,34.705,30.274404324425674,4.345,20,9.29,9.29,0.01415,0.01415,12.6
Richmond_Eucalyptus_saligna,0.74975,1.8807454356640547,39.40478587,26.54715,14.063669625898974,0.5329999999999999,0.5476569230549717,2000.75,100.3,-1.95,-1.2244306252878567,-1.08,True,29.93,35.45,31.062639128683625,4.4175,20,9.29,9.29,0.0117,0.0117,12.833333333333302
Richmond_Eucalyptus_saligna,1.3145,2.4549355585084363,39.40174613,23.2540875,14.303079631553215,0.7240000000000001,0.7413547282131598,2000.5,100.3,-1.9,-1.2725741670504758,-1.08,True,30.3375,35.8975,31.44840969106385,4.545,20,9.29,9.29,0.015425,0.015425,12.966666666666699
Richmond_Eucalyptus_saligna,3.805,4.255894974257121,39.30954038,15.02143125,14.963867779403353,1.205,1.2368140767209563,2000.25,100.3,-2.55,-1.5520313370889884,-1.2,True,29.735,34.975,30.814822894121022,4.24,20,9.29,9.29,0.0276,0.0276,13.1166666666667
Richmond_Eucalyptus_saligna,0.10075,1.3120423501101035,39.52992225,34.754475,14.602758058195755,0.3895,0.3996583195722642,2000.25,100.3,-1.6,-1.3173437790296627,-1.2,True,30.2325,35.705,31.372679285002423,4.5475,20,9.29,9.29,0.008295,0.008295,13.216666666666699
Richmond_Eucalyptus_saligna,0.792,1.254274785545303,39.39997294,21.0249375,14.913118777826135,0.409,0.44016993288649614,2000.5,100.1,-1.65,-1.3173437790296627,-1.2,True,29.81,35.2775,31.980421068746384,4.92,20,4.64,4.64,0.0080625,0.0080625,15.033333333333301
Richmond_Eucalyptus_saligna,1.429,1.3604933872914875,39.38553413,12.017145,16.272836460337352,0.5195,0.5590598831451424,2000.75,100.1,-1.8,-1.3642812906415278,-1.2,True,32.925,37.46,35.06882701248789,5.4125,20,4.64,4.64,0.0092675,0.0092675,15.166666666666698
Richmond_Eucalyptus_saligna,0.2225,1.1167913044315119,39.45468844,31.48674375,16.604713681450466,0.44775,0.4796804118914337,2000.5,100.1,-1.6,-1.200358854406547,-1.08,True,33.2575,38.4425,35.39933315181043,5.605,20,4.64,4.64,0.0076925,0.0076925,15.3666666666667
Richmond_Eucalyptus_saligna,0.654,1.3841328656714815,39.46355438,25.229925,16.438976425943967,0.5485,0.5869787299863882,1998.25,100.1,-1.8,-1.248502396169166,-1.08,True,33.225,38.4675,35.34665772606886,5.58,20,4.64,4.64,0.009465,0.009465,15.45
Richmond_Eucalyptus_saligna,0.15725,1.1592236094109702,39.45747488,32.85463125,16.57820672594027,0.46825,0.5003434103947055,2001.0,100.1,-1.8,-1.4668929368456456,-1.33,True,33.285,38.66,35.419729364846056,5.645,20,4.64,4.64,0.007975,0.007975,15.6166666666667
Richmond_Eucalyptus_saligna,1.7625,1.571450415338428,39.36349594,10.28955375,16.36845798154733,0.65875,0.6795176974640511,1483.0,99.9875,-1.8,-1.5125239157941943,-1.33,True,33.8325,37.55,35.19170463332389,5.92,20,4.64,4.64,0.01075,0.01075,17.766666666666698
Richmond_Eucalyptus_saligna,0.320375,2.05595508536477,39.36501581,32.3733375,16.771170885704276,0.843,0.8743232539563252,1491.5,99.9925,-2.2,-1.5809703842170166,-1.33,True,34.025,37.2275,35.39130477077635,5.7,20,4.64,4.64,0.014325,0.014325,17.8333333333333
Richmond_Eucalyptus_saligna,1.09375,1.606062095787136,39.40883888,20.44231875,16.54111398488876,0.66825,0.6895794061706707,1481.0,100.0,-1.7,-1.2725741670504758,-1.08,True,34.0625,38.105,35.4318877088664,5.8325,20,4.64,4.64,0.01105,0.01105,17.983333333333302
Richmond_Eucalyptus_saligna,0.34075,1.4490527974955212,39.45696825,30.5494875,16.537280632635778,0.5905,0.6107466009752883,1483.0,100.0,-1.85,-1.248502396169166,-1.08,True,34.06,37.9475,35.458520090700006,5.7225,20,4.64,4.64,0.009945,0.009945,18.05
Richmond_Eucalyptus_saligna,0.26325,1.262611954697793,39.47799319,31.2587625,16.49669428826316,0.4955,0.514943276113871,1482.0,100.0,-1.65,-1.3408125348355953,-1.2,True,33.8825,37.4675,35.314667032315114,5.5325,20,4.64,4.64,0.00864,0.00864,18.216666666666697
Richmond_Eucalyptus_saligna,0.821,2.9273439655947024,39.42859725,29.9922,17.505319740844573,1.16,1.2049485756511729,1485.0,100.0,-2.45,-1.528562581283056,-1.2,True,33.8375,36.9825,35.174515847780015,5.34,20,4.64,4.64,0.02105,0.02105,18.283333333333303
Richmond_Eucalyptus_saligna,0.16058,1.9293722658179435,39.4024554,35.24083500000001,19.292588422100923,0.6152,0.589106423016655,192.8,100.1,-1.65,-1.3642812906415278,-1.2,False,32.83,32.408,32.61165393806582,3.9739999999999998,20,4.64,4.64,0.015119999999999996,0.015119999999999996,19.5833333333333
Richmond_Eucalyptus_saligna,1.2336,2.135634423474896,39.35280615,23.122365,16.076928876697064,0.6864,0.7281675705816938,1501.0,100.1,-1.7,-1.2725741670504758,-1.08,True,32.908,34.776,34.41562118070339,4.614,20,4.64,4.64,0.01446,0.01446,19.6333333333333
Richmond_Eucalyptus_saligna,22.5,19.361872192234088,38.783157,26.445825,28.82217608864371,3.164,3.942074788378055,1846.6,101.5,-2.0,-1.2705550200958868,-0.22,False,22.951999999999998,25.594,24.569636081661827,1.02,41,4.64,4.64,0.3286,0.3286,10.0333333333333
Richmond_Eucalyptus_saligna,23.4,21.081875867874967,38.73229185,31.45128,32.72422760299692,5.106,6.101435599050717,1843.8,101.5,-1.25,-1.8526451231762493,-0.2,False,23.128,25.528,24.34528741592434,0.9162,41,4.64,4.64,0.6238,0.6238,10.3
Richmond_Eucalyptus_saligna,26.42,21.10376191737318,38.63501985,30.701475,32.81731005354942,5.62,6.561894785867566,1838.0,101.5,-1.15,-1.995114530346616,-0.2,False,23.346,25.946,24.478737085652337,0.9754,41,4.64,4.64,0.6474,0.6474,10.4666666666667
Richmond_Eucalyptus_saligna,25.66,20.09540801135879,38.67757635,27.459075,30.463649811784986,4.242,5.064686974406975,1835.8,101.5,-1.55,-1.605646007327979,-0.25,False,23.392,26.418000000000006,24.78844504566771,1.0859999999999999,41,4.64,4.64,0.4202,0.4202,10.65
Richmond_Eucalyptus_saligna,27.98,20.56293084285672,38.50816095,28.33047,31.54353067431502,4.724,5.616021793251835,1831.0,101.5,-1.5,-1.7751017582439763,-0.25,False,23.502,26.418000000000006,24.792633980344572,1.0,41,4.64,4.64,0.5154,0.5154,10.8
Richmond_Eucalyptus_saligna,27.875,19.70360033697018,38.43611888,29.35891875,32.759007001518356,9.1625,9.353784379582082,1811.75,101.3,-2.25,-3.0742625152666228,-0.25,False,27.84,28.56,28.20799061161519,1.64,41,9.29,9.29,0.58225,0.58225,12.933333333333302
Richmond_Eucalyptus_saligna,22.8,17.69391833387106,38.81254125,26.3445,30.136774177099,6.765,7.235466986291728,1806.0,101.3,-1.3,-2.2834690109919684,-0.25,False,28.23,30.7275,29.20685177613628,2.0625,41,4.64,4.64,0.345,0.345,13.066666666666698
Richmond_Eucalyptus_saligna,20.2,16.56018910840698,38.87308294,25.10326875,28.69562221980894,5.6,6.068819628978821,1803.5,101.3,-1.3,-1.8526451231762493,-0.2,True,28.405,31.525,29.57077721440231,2.1275,41,4.64,4.64,0.27175,0.27175,13.216666666666699
Richmond_Eucalyptus_saligna,23.95,17.576963613784162,38.68613831,25.86320625,30.2736900617451,7.3225,7.717418724853058,1799.5,101.3,-1.4,-2.3655349889895683,-0.2,False,28.5325,31.725,29.418343889447748,2.175,41,4.64,4.64,0.354,0.354,13.35
Richmond_Eucalyptus_saligna,9.6925,11.29900920017252,39.44024963,22.67146875,21.696893075115128,2.515,2.841078582739365,1804.0,101.2,-1.25,-0.9582278519592718,-0.22,True,28.2525,32.0775,29.962506051441288,2.4325,41,4.64,4.64,0.10325,0.10325,13.566666666666698
Richmond_Eucalyptus_saligna,13.85,13.435481495043256,39.25254506,22.6968,24.524473688651444,3.1625,3.6094173347645784,1804.0,101.2,-1.35,-1.1853748833313555,-0.22,True,28.325,31.5525,29.922307027999896,2.1325,41,4.64,4.64,0.14925,0.14925,13.7
Richmond_Eucalyptus_saligna,13.525,12.294448351431846,39.23455987,20.163675,23.496212328710183,3.5475,3.899687496218542,1803.5,101.0,-1.3,-1.2421616411743763,-0.22,True,28.8475,31.8725,30.339152705315236,2.8125,41,4.64,4.64,0.127,0.127,15.75
Richmond_Eucalyptus_saligna,10.55,11.818953446828864,39.29839463,23.48206875,23.402485460976024,3.1425,3.4985301825098283,1801.0,101.0,-1.35,-1.156981504409845,-0.22,True,29.1375,31.94,30.71946711546273,2.6,41,4.64,4.64,0.12075,0.12075,15.833333333333302
Richmond_Eucalyptus_saligna,12.625,12.055548479698286,38.85357788,21.6328875,23.904922200085412,3.355,3.729880204708985,1796.0,101.0,-2.55,-1.1972858501925645,-0.2,True,29.31,32.63,30.849937432198733,2.555,41,4.64,4.64,0.13125,0.13125,16.0
Richmond_Eucalyptus_saligna,9.26,9.78650710533774,39.01747106,20.34099375,21.117410801684088,2.4275,2.7090934648405898,1796.25,101.0,-0.85,-0.9123470358518316,-0.2,True,29.345,33.155,31.05336286394267,2.725,41,4.64,4.64,0.088225,0.088225,16.0833333333333
Richmond_Eucalyptus_saligna,17.6,15.687177722906153,38.4731025,26.445825,29.002335985373588,5.9475,6.4172108457615735,1794.5,101.0,-2.65,-2.001042759465306,-0.25,True,29.4975,32.1175,30.597192729615106,2.2225,41,4.64,4.64,0.276,0.276,16.216666666666697
Richmond_Eucalyptus_saligna,11.8,12.709951928016185,38.77809075,24.419325,24.981954473128877,3.8825,4.2819518080595715,1791.0,101.0,-1.25,-1.3797050061066491,-0.25,True,29.4875,33.0625,30.921939586420518,2.5925,41,4.64,4.64,0.1505,0.1505,16.283333333333303
Richmond_Eucalyptus_saligna,10.425,12.013926017030338,39.02101744,29.0296125,27.97883737712898,0.922,0.9517127739532694,410.0,102.1,-0.45,-0.504183626373996,-0.25,False,14.855,15.9925,15.087365411525345,0.53375,57,4.64,4.64,0.18025,0.18025,7.91666666666667
Richmond_Eucalyptus_saligna,8.62,12.119008248650847,39.10030425,31.18276875,28.62117584801764,0.9335,0.9668864787614098,411.0,102.1,-0.5,-0.504183626373996,-0.25,False,14.8375,16.05,15.071079190200605,0.509,57,4.64,4.64,0.192,0.192,7.98333333333333
Richmond_Eucalyptus_saligna,11.38,12.543159843499513,38.91670335,32.38347,32.16149552400595,1.686,1.6937393582960545,410.0,102.2,-1.15,-1.0044964868918085,-0.55,False,15.164000000000001,16.832,15.269255297713046,0.5738,57,4.64,4.64,0.3154,0.3154,8.63333333333333
Richmond_Eucalyptus_saligna,13.375,17.23833181658317,38.72160206,29.0296125,27.3369513975662,3.525,3.6613127992027854,1020.0,102.2,-1.95,-1.5391982361762888,-0.55,False,20.9725,22.6625,21.510443248451573,1.4625,57,4.64,4.64,0.2545,0.2545,11.083333333333302
Richmond_Eucalyptus_saligna,17.65,17.804428298057967,38.54175019,28.16835,28.932431591901196,4.135,4.2588451902792785,1019.0,102.2,-2.0,-1.699608760961633,-0.55,False,21.0775,22.7625,21.521504379855838,1.4025,57,4.64,4.64,0.31475,0.31475,11.183333333333302
Richmond_Eucalyptus_saligna,23.825,18.723185475020767,38.53947038,29.61223125,32.06598682871167,5.205,5.335804706496184,1019.0,102.2,-1.48,-1.984248906009708,-0.5,False,21.14,22.0225,21.43413828891337,1.14,57,4.64,4.64,0.508,0.508,11.433333333333302
Richmond_Eucalyptus_saligna,15.275,18.280074724801146,38.63775563,31.106775,30.48243120616496,4.4525,4.590881747190842,1017.0,102.2,-1.45,-1.4644328815646481,-0.25,False,21.16,22.6725,21.561079112882275,1.25,57,4.64,4.64,0.3855,0.3855,11.55
Richmond_Eucalyptus_saligna,20.85,18.52361524180544,38.45917031,29.7388875,31.326193717585408,4.735,4.8829851836501765,1018.75,102.2,-1.41,-1.5491607570226469,-0.25,False,21.05,22.1425,21.413961760883808,1.15,57,4.64,4.64,0.45175,0.45175,11.6333333333333
Richmond_Eucalyptus_saligna,25.85,20.585484991492397,38.45917031,28.9282875,31.572282003949642,7.2,7.792920608428072,1835.0,102.0,-1.75,-2.452924761907966,-0.25,False,23.84,24.9425,24.761443163252515,1.52,57,4.64,4.64,0.52525,0.52525,13.45
Richmond_Eucalyptus_saligna,27.8,20.65538937169755,38.43789206,28.472325,31.685325028416568,7.1425,7.744131581936507,1833.0,102.0,-2.1,-2.452924761907966,-0.25,False,23.63,24.75,24.55772602449525,1.4725,57,4.64,4.64,0.53875,0.53875,13.516666666666698
Richmond_Eucalyptus_saligna,20.15,20.603847116499963,38.64003544,30.8534625,31.606332528140513,7.1025,7.681587926895737,1833.25,102.0,-1.7,-2.7668528746330088,-0.5,False,23.715,25.0925,24.651595444980263,1.5275,57,4.64,4.64,0.51375,0.51375,13.6333333333333
Richmond_Eucalyptus_saligna,24.375,20.277640867988307,38.43206588,28.39633125,30.850929840932878,6.4925,7.1058749066199525,1832.0,102.0,-1.9,-2.55096212466796,-0.5,False,23.7275,24.9075,24.757376493357075,1.53,57,4.64,4.64,0.46525,0.46525,13.7
Richmond_Eucalyptus_saligna,15.925,18.66289622664803,38.54048363,28.19368125,27.725512898974646,5.1375,5.6335229265608335,1827.0,102.0,-1.5,-2.127370160389217,-0.55,False,23.8675,26.255,25.12322949750337,1.8675,57,4.64,4.64,0.29125,0.29125,13.833333333333302
Richmond_Eucalyptus_saligna,22.575,20.23521444725613,38.59038619,28.9282875,30.78106789907147,6.465,7.05296488775946,1831.0,102.0,-2.25,-2.6086017347452497,-0.55,False,23.745,25.06,24.7808450089913,1.57,57,4.64,4.64,0.4495,0.4495,13.9
Richmond_Eucalyptus_saligna,17.8,16.67269419284635,38.41408069,23.22875625,25.32438291273309,4.2425,4.547317177732047,1521.0,101.9,-1.8,-1.779814023354305,-0.55,True,24.8375,27.445,25.86576000645316,2.075,57,4.64,4.64,0.212,0.212,15.283333333333301
Richmond_Eucalyptus_saligna,18.45,18.22272150429907,38.45841038,26.648475,27.889495591393146,5.0925,5.467971668204408,1522.0,101.8,-2.0,-2.0738999854607694,-0.55,False,24.72,26.4225,25.611104616444038,1.85,57,4.64,4.64,0.29075,0.29075,15.35
Richmond_Eucalyptus_saligna,25.625,19.663740257720924,38.30996925,27.53506875,30.780357067181225,6.7175,7.120853849734316,1524.0,101.8,-1.8,-2.2269837606866356,-0.25,False,24.69,25.705,25.329474514847984,1.62,57,4.64,4.64,0.453,0.453,15.466666666666699
Richmond_Eucalyptus_saligna,21.575,18.833450186535245,38.65675406,26.62314375,29.04848035945601,5.4325,5.835268086674375,1523.0,101.8,-2.4,-2.1191806247378637,-0.5,False,24.6325,25.905,25.47133695818767,1.7375,57,4.64,4.64,0.333,0.333,15.516666666666698
Richmond_Eucalyptus_saligna,23.65,19.363274258331515,38.51895206,27.28175625,30.179190335246833,6.58,6.926208632374912,1520.75,101.8,-1.5,-2.170498510381304,-0.25,False,24.7875,26.325,25.44372431949214,1.78,57,4.64,4.64,0.399,0.399,15.6166666666667
Richmond_Eucalyptus_saligna,26.75,20.02207419489297,38.29375725,28.472325,31.63713071242271,7.455,7.8080923999597465,1521.0,101.8,-1.65,-2.452924761907966,-0.25,False,24.7325,25.4375,25.264275515453072,1.56,57,4.64,4.64,0.5285,0.5285,15.683333333333302
Richmond_Eucalyptus_saligna,16.6,17.037283659416836,39.19073681,27.9657,28.15270212960253,1.445,1.7167796350184426,1032.0,102.2,-0.9,-1.095953773323969,-0.65,False,16.85,18.575,17.794174063646356,0.58975,77,4.64,4.64,0.2595,0.2595,9.58333333333333
Richmond_Eucalyptus_saligna,16.95,17.663476977716684,39.09549131,30.296175,30.341122739204053,1.7675,2.1016928662454712,1030.0,102.2,-1.3,-1.2008840729296089,-0.65,False,17.0125,18.795,17.884173370103472,0.5529999999999999,77,4.64,4.64,0.34425,0.34425,9.68333333333333
Richmond_Eucalyptus_saligna,17.45,17.147546652348318,39.14260744,27.73771875,28.349914605659126,1.46,1.7430887213618689,1028.25,102.2,-1.5,-1.0502251301078886,-0.6,False,17.1175,19.1025,18.0528391096559,0.57925,77,4.64,4.64,0.2675,0.2675,9.78333333333333
Richmond_Eucalyptus_saligna,20.55,17.32687057650476,38.97694106,26.62314375,28.8860471298768,1.56,1.8590165798270024,1027.0,102.2,-0.7,-1.1031927924735228,-0.6,False,17.23,19.29,18.14254129975755,0.57225,77,4.64,4.64,0.29025,0.29025,9.86666666666667
Richmond_Eucalyptus_saligna,16.225,19.087872364443193,39.06433388,28.90295625,28.018469821019078,3.485,4.080709846539212,1840.0,102.1,-2.15,-1.7123209096783136,-0.6,False,21.195,24.42,22.76621798214271,1.265,77,4.64,4.64,0.292,0.292,11.216666666666699
Richmond_Eucalyptus_saligna,21.975,19.62688733001821,38.77783744,27.256425,29.160250324352063,3.94,4.587246451744383,1836.0,102.1,-2.3,-1.8712238967752155,-0.6,False,21.24,24.45,22.715630124783694,1.21,77,4.64,4.64,0.34825,0.34825,11.3
Richmond_Eucalyptus_saligna,22.3,20.334969324966565,38.7843729,29.363984999999996,30.828290131992606,4.47,5.228682800133644,1835.6,102.1,-1.95,-2.119024194478957,-0.65,False,21.488000000000003,24.276,22.850234014240268,1.1,77,4.64,4.64,0.4434,0.4434,11.45
Richmond_Eucalyptus_saligna,17.2,17.809156248202324,39.10663706,25.35658125,25.66842285001317,2.7475,3.2898583735735536,1831.0,102.1,-1.45,-1.5419075466479382,-0.65,True,21.415,25.1625,23.12095905116309,1.295,77,4.64,4.64,0.22125,0.22125,11.6333333333333
Richmond_Eucalyptus_saligna,24.18,20.160487721191547,38.7369528,28.067025,30.402593342202398,4.092,4.847071257607901,1831.0,102.1,-2.4,-2.0510285682401515,-0.7,False,21.434,24.324,22.859272926995835,1.062,77,4.64,4.64,0.4178,0.4178,11.7
Richmond_Eucalyptus_saligna,26.475,20.448968401783446,38.50451325,28.269675,31.109909919026755,4.505,5.31266319694793,1826.75,102.1,-2.25,-2.206916479960169,-0.7,False,21.545,24.4,22.88101806615453,1.025,77,4.64,4.64,0.483,0.483,11.833333333333302
Richmond_Eucalyptus_saligna,24.2,17.18405149545137,38.7106083,27.094305,31.401823183307037,8.796,9.212003548002675,1803.6,101.8,-2.5,-3.9476648275003634,-0.7,False,29.625999999999998,29.678,30.282283277231265,2.332,77,4.64,4.64,0.4054,0.4054,14.1166666666667
Richmond_Eucalyptus_saligna,13.95,13.887475778142205,39.23152013,25.229925,26.90275853834927,5.11,5.527796013293039,1803.0,101.8,-2.5,-2.2848604358201774,-0.7,True,29.7325,31.235,30.952129866609283,2.81,77,4.64,4.64,0.18675,0.18675,14.25
Richmond_Eucalyptus_saligna,22.04,16.60394662713235,38.8163916,26.648475,30.69749311007573,8.06,8.488844313270894,1803.4,101.8,-2.15,-3.480001092340312,-0.7,True,29.715999999999998,30.3,30.477733612483807,2.45,77,4.64,4.64,0.3492,0.3492,14.316666666666698
