site_spp,A(const),E(const),gb(const),Ci(const),Tleaf(const),Pleaf(const),Rublim(const),Ps,PPFD,Tair,VPD,Patm,CO2,doy,hod,A,E,Ci,gs,gb,Pleaf,Tleaf
Richmond_Eucalyptus_cladocalyx,1.8774902670018685,0.07116060596213503,4.64,9.553694113145376,18.97892204329622,-1.3401810690398177,True,-1.3,499.75,18.4625,0.64825,100.7,39.29206181,20,8.8,14.3,2.31,32.3733375,0.38075,4.64,-1.9,19.625
Richmond_Eucalyptus_cladocalyx,1.8811822892238563,0.0713819847599876,4.64,9.560316592691107,18.9739456959616,-1.3401810690398177,True,-1.3,500.0,18.4575,0.6505,100.7,39.35716313,20,8.9,14.325,2.31,32.44933125,0.37925,4.64,-2.0,19.8625
Richmond_Eucalyptus_cladocalyx,1.8681052036635373,0.09879015551866112,4.64,9.99972921380272,20.196839353594388,-1.4396785564770034,True,-1.4,500.0,19.71,0.9265,100.7,39.58945069,20,9.08333333333333,9.275,1.12,26.52181875,0.1225,4.64,-2.5,21.675
Richmond_Eucalyptus_cladocalyx,1.8620646783165369,0.0877279017299268,4.64,9.747612322640588,19.595455540591107,-1.4396785564770034,True,-1.4,501.75,19.095,0.81525,100.7,39.24165263,20,9.15,15.075,2.075,29.080275,0.26525,4.64,-2.5,21.005
Richmond_Eucalyptus_cladocalyx,1.8124886905234288,0.11658531707711907,4.64,10.673160459291855,22.09973405097267,-1.2406835816026316,True,-1.2,500.25,21.6225,1.1,100.7,39.38198775,20,9.31666666666667,12.925,3.4025,31.94270625,0.32625,4.64,-2.6,23.29
Richmond_Eucalyptus_cladocalyx,1.800125634013473,0.11726846255920605,4.64,10.827430130600646,22.50363573107153,-1.2406835816026316,True,-1.2,499.5,22.025,1.105,100.7,39.3404445,20,9.4,12.65,3.8825,32.8293,0.37325,4.64,-2.5,23.485
Richmond_Eucalyptus_cladocalyx,1.6483268749310551,0.2589742755925353,4.64,13.201262085341101,28.929072721367213,-1.3803621380796351,True,-1.3,1801.5,26.7225,2.1275,100.6,39.28547569,20,10.8666666666667,14.225,3.47,23.7607125,0.16399999999999998,4.64,-2.95,31.0
Richmond_Eucalyptus_cladocalyx,1.6519022984495026,0.21632991795044174,4.64,12.984570480815403,28.50329902155674,-1.3803621380796351,True,-1.3,1801.25,26.245,1.6975,100.6,39.12538219,20,10.983333333333302,16.45,4.355,27.6110625,0.264,4.64,-3.05,29.7725
Richmond_Eucalyptus_cladocalyx,1.6206996353114749,0.2419110055125396,4.64,13.534004390429992,29.675680508088274,-1.4793571129540068,True,-1.4,1799.75,27.4375,1.93,100.6,39.18111094,20,11.15,17.125,4.6325,26.2938375,0.245,4.64,-3.25,31.1225
Richmond_Eucalyptus_cladocalyx,1.612704639860408,0.2653171483610435,4.64,13.610882429086717,29.85477571398869,-1.4793571129540068,True,-1.4,1800.25,27.645,2.1675,100.6,39.13146169,20,11.233333333333302,16.975,4.265,23.68471875,0.199,4.64,-3.55,32.05
Richmond_Eucalyptus_cladocalyx,1.5852693173992232,0.2928927636902188,4.64,14.167084833176501,30.99981562674838,-1.2813671632052632,True,-1.2,1799.75,28.81,2.42,100.6,39.25355831,20,11.3833333333333,14.65,5.0425,26.26850625,0.21075,4.64,-4.05,33.1175
Richmond_Eucalyptus_cladocalyx,1.5912697613707156,0.2793018911956025,4.64,13.933072850666475,30.54586680615109,-1.2813671632052632,True,-1.2,1799.75,28.345,2.2925,100.6,39.11448975,20,11.466666666666699,15.575,5.5175,27.1044375,0.24525,4.64,-4.1,32.515
Richmond_Eucalyptus_cladocalyx,1.5454994819778152,0.3836176300274236,4.64,15.198370125247619,33.039703873769945,-1.4205432071194528,True,-1.3,1999.5,30.6525,3.22,100.4,39.60718256,20,13.45,5.465,3.02,27.99103125,0.091775,4.64,-2.95,35.9725
Richmond_Eucalyptus_cladocalyx,1.5317955430107335,0.3453584462145889,4.64,15.225254058225172,33.147908117857874,-1.4205432071194528,True,-1.3,2000.75,30.705,2.8175,100.4,39.41770481,20,13.55,11.6,4.65,26.14185,0.16425,4.64,-3.05,35.0875
Richmond_Eucalyptus_cladocalyx,1.532229099956273,0.3700913349759584,4.64,15.436759128901725,33.49623380568628,-1.5190356694310103,True,-1.4,1999.0,31.0825,3.0625,100.4,39.63606019,20,13.683333333333302,8.03,3.4475,25.96453125,0.1105,4.64,-3.25,35.9325
Richmond_Eucalyptus_cladocalyx,1.4997907835496214,0.3383207819644386,4.64,15.602420886127524,33.9126273883478,-1.5190356694310103,True,-1.4,2000.75,31.445,2.715,100.4,39.28952869,20,13.75,13.45,5.165,26.01519375,0.19025,4.64,-3.55,35.4725
Richmond_Eucalyptus_cladocalyx,1.5220324097489581,0.3529566914586865,4.64,15.583295563952793,33.78047187950086,-1.3220507448078949,True,-1.2,2001.0,31.335,2.8725,100.4,39.62162138,20,13.933333333333302,8.2675,3.675,27.12976875,0.126,4.64,-4.05,36.33
Richmond_Eucalyptus_cladocalyx,1.5086951482350073,0.33385993497537925,4.64,15.647467356676765,33.943593771147704,-1.2813671632052632,True,-1.2,2000.25,31.47,2.6675,100.4,39.47520675,20,14.0,10.25,5.135,29.0296125,0.192,4.64,-4.1,35.8075
Richmond_Eucalyptus_cladocalyx,1.4422241553884196,0.4461206606392776,4.64,16.89555816421674,36.03287412267699,-1.4205432071194528,True,-1.3,1999.75,33.665,3.745,100.2,39.62846081,20,15.85,7.3325,5.5925,29.20693125,0.14725,4.64,-3.45,37.19
Richmond_Eucalyptus_cladocalyx,1.4272337838301603,0.4464257324817304,4.64,16.944084957654333,36.15681380618757,-1.4205432071194528,True,-1.3,2000.75,33.785,3.7425,100.2,39.44075625,20,15.933333333333302,10.3,7.2825,28.4216625,0.1945,4.64,-3.4,37.005
Richmond_Eucalyptus_cladocalyx,1.424462915930227,0.5132278731618471,4.64,17.03897768760765,36.285773581133775,-1.5587142259080142,True,-1.4,1999.75,34.0025,4.435,100.2,39.49192538,20,16.1166666666667,8.6425,5.78,25.86320625,0.128,4.64,-3.5,38.375
Richmond_Eucalyptus_cladocalyx,1.4268929084834419,0.5698299773392406,4.64,17.219295511369733,36.492570148623095,-1.5587142259080142,True,-1.4,2000.25,34.28,5.0175,100.2,39.71053406,20,16.216666666666697,4.4,4.085,27.68705625,0.07905,4.64,-3.15,39.6175
Richmond_Eucalyptus_cladocalyx,1.4080040715233866,0.5534743148313922,4.64,17.35377740520876,36.7257578241216,-1.3627343264105267,True,-1.2,1998.75,34.4875,4.8375,100.2,39.54740081,20,16.85,7.0575,7.5075,29.10560625,0.1535,4.64,-3.5,38.875
Richmond_Eucalyptus_cladocalyx,1.405305368721982,0.5217936607050622,4.64,17.3856304185273,36.72924190571288,-1.4607242761592705,True,-1.3,1499.0,35.155,4.725,100.2,39.53600175,20,18.6666666666667,5.7825,7.2175,30.47349375,0.152,4.64,-2.6,36.755
Richmond_Eucalyptus_cladocalyx,1.4273241140662305,0.5467112582667015,4.64,17.337570887280613,36.58341460971359,-1.4607242761592705,True,-1.3,1500.0,35.045,4.99,100.2,39.8349105,20,18.733333333333302,3.05,5.2925,32.04403125,0.1045,4.64,-3.3,37.12
Richmond_Eucalyptus_cladocalyx,1.4214257149114051,0.5596725111743328,4.64,17.291211999091555,36.55088626527407,-1.5587142259080142,True,-1.4,1499.0,35.0325,5.13,100.25,39.70673437,20,18.85,4.3575,4.9675,29.2322625,0.095225,4.64,-2.65,37.34
Richmond_Eucalyptus_cladocalyx,1.419253946212916,0.5444071452669854,4.64,17.343131559475697,36.61816410684786,-1.5587142259080142,True,-1.4,1501.0,35.075,4.97,100.3,39.735612,20,18.9333333333333,5.5725,2.755,20.44231875,0.054175,4.64,-3.5,36.495
Richmond_Eucalyptus_cladocalyx,1.4215754707232784,0.4917269212474821,4.64,17.23730950616816,36.483813100531066,-1.3627343264105267,True,-1.2,1501.25,34.8725,4.4225,100.3,39.66645769,20,19.1166666666667,4.7825,6.865,31.917375,0.155,4.64,-3.05,35.5075
Richmond_Eucalyptus_cladocalyx,1.4273006583647228,0.4792323909550426,4.64,17.17510938654979,36.385415441074855,-1.3627343264105267,True,-1.2,1501.0,34.76,4.295,100.3,39.69457538,20,19.2,5.6125,6.67,31.18276875,0.1555,4.64,-2.95,35.1125
Richmond_Eucalyptus_cladocalyx,1.7982638047433372,0.09815615311037873,4.64,10.554056461501805,21.799489940283863,-0.7431961444167021,True,-0.7,499.0,21.3025,0.922,101.7,39.32043281,41,8.83333333333333,11.225,3.0925,33.36125625,0.3595,4.64,-2.3,22.44
Richmond_Eucalyptus_cladocalyx,1.7983714183824289,0.11235936036195178,4.64,10.55741562137822,21.803568540608506,-0.7431961444167021,True,-0.7,498.0,21.3275,1.07,101.7,39.32549906,41,8.91666666666667,10.6775,3.505,33.46258125,0.35025,4.64,-1.5,22.6725
Richmond_Eucalyptus_cladocalyx,1.8119668289973097,0.10377734147336323,4.64,10.582722469144649,21.783999533685574,-0.7929448881352951,True,-0.75,500.75,21.2925,0.98125,101.8,39.59679675,41,9.03333333333333,9.9,3.4,34.42516875,0.37225,4.64,-2.1,22.4525
Richmond_Eucalyptus_cladocalyx,1.8172445754615936,0.09874639701911096,4.64,10.538994260420017,21.659209033905434,-0.7929448881352951,True,-0.75,502.0,21.16,0.92925,101.8,39.63758006,41,9.11666666666667,8.5425,3.515,35.46375,0.4105,4.64,-1.5,22.12
Richmond_Eucalyptus_cladocalyx,1.8188794484211,0.0989137606838463,4.64,10.518393564093412,21.594204457187306,-0.7929448881352951,True,-0.75,499.0,21.1,0.932,101.8,39.64315294,41,9.26666666666667,8.555,3.1875,35.05845,0.36775,4.64,-2.1,22.035
Richmond_Eucalyptus_cladocalyx,1.8248783599806744,0.10448909177779493,4.64,10.496565152621653,21.510877825312924,-0.7929448881352951,True,-0.75,499.0,21.025,0.9905,101.8,39.7173735,41,9.33333333333333,6.5425,2.66,35.18510625,0.28325,4.64,-1.8,22.2125
Richmond_Eucalyptus_cladocalyx,1.7163643640404962,0.17717123347869726,4.64,11.912921622875205,25.99988913843817,-0.7431961444167021,True,-0.7,1800.5,23.7225,1.3775,101.7,39.37058869,41,10.7,12.2,4.9925,33.133275,0.38925,4.64,-2.3,26.2275
Richmond_Eucalyptus_cladocalyx,1.7154737524443602,0.17708272460859556,4.64,12.002265372260315,26.194893851678724,-0.7431961444167021,True,-0.7,1800.5,23.915,1.37,101.6,39.41871806,41,10.783333333333301,12.075,5.135,33.43725,0.4035,4.64,-2.25,26.3875
Richmond_Eucalyptus_cladocalyx,1.697468784250591,0.18877454857953524,4.64,12.250603933878017,26.763767090379897,-0.7929448881352951,True,-0.75,1799.5,24.495,1.48,101.7,39.40605244,41,10.9,11.3,4.7625,32.8293,0.341,4.64,-2.7,27.0275
Richmond_Eucalyptus_cladocalyx,1.6992695498382084,0.18249465047797184,4.64,12.292334769784247,26.848244039323173,-0.7929448881352951,True,-0.75,1801.0,24.5675,1.41,101.6,39.4498755,41,10.983333333333302,11.625,4.665,32.8799625,0.35125,4.64,-2.55,26.9925
Richmond_Eucalyptus_cladocalyx,1.7119359787488615,0.1803831726492199,4.64,12.08589585505525,26.37924361139966,-0.7929448881352951,True,-0.75,1800.0,24.1025,1.4,101.6,39.4458225,41,11.15,11.025,4.97,33.5892375,0.3795,4.64,-2.75,26.5625
Richmond_Eucalyptus_cladocalyx,1.7218898525531852,0.17813067878164887,4.64,11.937235167807556,26.03343656081348,-0.7929448881352951,True,-0.75,1800.0,23.7575,1.385,101.6,39.45620831,41,11.233333333333302,9.7675,5.005,34.24785,0.387,4.64,-2.5,26.1175
Richmond_Eucalyptus_cladocalyx,1.5812692915529984,0.22328031185623706,4.64,14.195469175472171,30.992584536851158,-0.7863922888334041,True,-0.7,1800.0,28.71,1.715,101.4,39.41770481,41,13.733333333333302,9.46,5.8875,33.8932125,0.36225,4.64,-3.35,30.5625
Richmond_Eucalyptus_cladocalyx,1.5835640892077474,0.22397310634622936,4.64,14.236378499187607,31.05625789332723,-0.7863922888334041,True,-0.7,1800.75,28.7725,1.72,101.4,39.49521844,41,13.85,9.66,5.805,33.7918875,0.35475,4.64,-3.3,30.7675
Richmond_Eucalyptus_cladocalyx,1.576694260148655,0.2314081393808003,4.64,14.396604095558386,31.377202326888952,-0.8358897762705899,True,-0.75,1801.25,29.0975,1.7875,101.4,39.54588094,41,13.966666666666699,8.805,5.7725,34.01986875,0.339,4.64,-2.95,31.2475
Richmond_Eucalyptus_cladocalyx,1.5755926451002569,0.23398481178886216,4.64,14.344774922433276,31.288968390764786,-0.8358897762705899,True,-0.75,1800.75,29.015,1.8175,101.4,39.47647331,41,14.066666666666698,9.505,5.41,33.133275,0.31,4.64,-3.15,31.3625
Richmond_Eucalyptus_cladocalyx,1.5671129051923045,0.2330879882634105,4.64,14.519017150626993,31.64053880698703,-0.8358897762705899,True,-0.75,1798.5,29.3625,1.7975,101.4,39.51548344,41,14.2,8.2825,5.9875,34.349175,0.34975,4.64,-3.05,31.4475
Richmond_Eucalyptus_cladocalyx,1.5542516260204589,0.2325884377364768,4.64,14.685877490075343,31.997129921656562,-0.8358897762705899,True,-0.75,1800.0,29.71,1.78,101.4,39.47723325,41,14.283333333333301,10.375,6.3225,33.61456875,0.3745,4.64,-3.25,31.6325
Richmond_Eucalyptus_cladocalyx,1.5548339202606352,0.2660363896892399,4.64,14.68146463725606,32.00535571569559,-0.7863922888334041,True,-0.7,1800.5,29.7625,2.125,101.2,39.43315688,41,16.3833333333333,10.6,6.0375,32.04403125,0.2955,4.64,-3.07,31.17
Richmond_Eucalyptus_cladocalyx,1.5645400649690984,0.25504879872134545,4.64,14.624481920983554,31.85919479877262,-0.7863922888334041,True,-0.7,1799.75,29.605,2.015,101.2,39.53068219,41,16.45,8.51,6.8575,34.22251875,0.358,4.64,-3.15,30.7725
Richmond_Eucalyptus_cladocalyx,1.5419291577551142,0.27381478617297145,4.64,14.755666657322507,32.19638478708682,-0.8358897762705899,True,-0.75,1801.0,29.96,2.2,101.2,39.301941,41,16.6166666666667,12.4,6.2025,30.8028,0.2925,4.64,-3.15,31.2275
Richmond_Eucalyptus_cladocalyx,1.5444181520711942,0.2951874950574661,4.64,14.95109941153222,32.534849424638914,-0.8358897762705899,True,-0.75,1800.0,30.3225,2.41,101.1,39.512697,41,16.766666666666698,9.88,7.37,32.7786375,0.3185,4.64,-3.15,32.265
Richmond_Eucalyptus_cladocalyx,1.538957175840724,0.2949668469452448,4.64,15.171520886914713,32.9293920221191,-0.8358897762705899,True,-0.75,1799.75,30.71,2.3975,101.2,39.67051069,41,16.9166666666667,7.7775,4.9775,32.0693625,0.2115,4.64,-3.1,31.905
Richmond_Eucalyptus_cladocalyx,1.8955969332159528,0.07199146209069163,4.64,8.724687821245299,15.847339631863846,-1.0416886067282598,True,-1.0,399.0,15.4925,0.69825,102.4,39.25659806,57,8.96666666666667,16.7,2.8225,32.322675,0.447,4.64,-1.95,16.6325
Richmond_Eucalyptus_cladocalyx,1.8967224150624933,0.07164094906183133,4.64,8.738476683667281,15.882972568618968,-1.0416886067282598,True,-1.0,399.0,15.5275,0.6945,102.4,39.28851544,57,9.05,15.725,2.69,32.4746625,0.4265,4.64,-1.6,16.695
Richmond_Eucalyptus_cladocalyx,1.867352677491663,0.08129149583507987,4.64,9.049140900796383,17.05984267875274,-1.1809850891403202,True,-1.14,399.0,16.7125,0.79175,102.4,39.12614212,57,9.35,17.05,2.975,31.48674375,0.41175,4.64,-2.35,17.705
Richmond_Eucalyptus_cladocalyx,1.877321098103152,0.07439523697637222,4.64,8.884280399948858,16.489258515474848,-1.230733832858913,True,-1.19,399.0,16.135,0.7215,102.4,39.12183581,57,9.43333333333333,16.9,2.95,32.14535625,0.45225,4.64,-1.7,17.345
Richmond_Eucalyptus_cladocalyx,1.882201515961324,0.07075032275755266,4.64,8.911554996074106,16.533443664643226,-0.7,True,-0.7,398.25,16.175,0.6835,102.4,39.22772044,57,9.56666666666667,16.85,3.1725,33.10794375,0.5205,4.64,-2.7,17.3175
Richmond_Eucalyptus_cladocalyx,1.876269330036372,0.07089565535828249,4.64,8.959983900425641,16.723752032405464,-0.7,True,-0.7,398.0,16.365,0.6845,102.4,39.18060431,57,9.68333333333333,16.25,3.2275,33.335925,0.5295,4.64,-2.1,17.49
Richmond_Eucalyptus_cladocalyx,1.7609274804719397,0.1265509257668717,4.64,10.50734694793227,22.458114378546508,-1.0416886067282598,True,-1.0,1001.0,21.2825,1.11,102.4,38.87080313,57,11.65,23.275,4.7925,29.6375625,0.47525,4.64,-2.88,22.7275
Richmond_Eucalyptus_cladocalyx,1.7498563938475669,0.1308452994295938,4.64,10.477193149891846,22.44779517941177,-1.0416886067282598,True,-1.0,1001.5,21.2775,1.155,102.4,38.66232694,57,11.733333333333302,25.75,4.6475,27.83904375,0.4415,4.64,-2.4,22.83
Richmond_Eucalyptus_cladocalyx,1.7510787987159993,0.13047611996453046,4.64,10.542358540867856,22.591308194141288,-1.1511358429091645,True,-1.11,999.25,21.4225,1.15,102.4,38.74718663,57,11.8666666666667,25.575,4.7575,28.29500625,0.45575,4.64,-2.6,22.8475
Richmond_Eucalyptus_cladocalyx,1.7577910653154414,0.12986122858963708,4.64,10.561805704435397,22.60628225354816,-1.2207840841151945,True,-1.18,1000.25,21.435,1.1425,102.35,38.86092394,57,11.95,23.2,4.62,29.05494375,0.443,4.64,-2.75,22.8
Richmond_Eucalyptus_cladocalyx,1.7523970771220705,0.13316071268627813,4.64,10.610239085592193,22.751249577418125,-1.1909348378840383,True,-1.15,999.0,21.585,1.175,102.3,38.80874156,57,12.033333333333301,23.6,4.7075,28.7763,0.43925,4.64,-2.75,23.12
Richmond_Eucalyptus_cladocalyx,1.6774595204664051,0.12507009412844952,4.64,11.730798870886815,25.52984979290172,-0.7431961444167021,True,-0.7,999.25,24.325,1.055,102.3,38.72362856,57,12.25,24.375,4.545,29.10560625,0.47475,4.64,-3.0,23.84
Richmond_Eucalyptus_cladocalyx,1.6652639406495162,0.12268038927881447,4.64,12.127872011204614,26.379248993041426,-0.7431961444167021,True,-0.7,1000.25,25.16,1.0175,102.3,38.92450537,57,12.35,20.45,2.55,25.2805875,0.26425,4.64,-2.35,24.3375
Richmond_Eucalyptus_cladocalyx,1.6818336873707127,0.19282614538455145,4.64,12.028893295057852,26.35467806005689,-1.0416886067282598,True,-1.0,1801.0,24.095,1.54,102.1,39.04001588,57,14.066666666666698,19.85,5.0125,28.34566875,0.34725,4.64,-2.65,26.305
Richmond_Eucalyptus_cladocalyx,1.6535920171118836,0.18942995901448872,4.64,12.055846391695273,26.540439375364947,-1.0416886067282598,True,-1.0,1800.25,24.275,1.5,102.1,38.61343762,57,14.15,26.65,5.8375,26.8004625,0.422,4.64,-3.2,26.4325
Richmond_Eucalyptus_cladocalyx,1.6533221018812758,0.20109747251826424,4.64,12.207092750616471,26.84182703612589,-1.2207840841151945,True,-1.18,1799.5,24.59,1.615,102.1,38.76035888,57,14.3,25.475,6.0175,26.87645625,0.402,4.64,-3.15,27.1775
Richmond_Eucalyptus_cladocalyx,1.643954407820966,0.19842880147147227,4.64,12.21744280859854,26.90590510659305,-0.8526433805976066,True,-0.81,1801.0,24.6475,1.585,102.1,38.62027706,57,14.3666666666667,26.825,6.1075,26.57248125,0.417,4.64,-2.95,27.335
Richmond_Eucalyptus_cladocalyx,1.6630149687880893,0.20590988437906246,4.64,12.231284755335107,26.844856015455303,-0.7431961444167021,True,-0.7,1801.0,24.5975,1.665,102.1,38.94021075,57,14.516666666666698,20.725,5.1275,27.2057625,0.327,4.64,-3.1,27.285
Richmond_Eucalyptus_cladocalyx,1.6513615644518786,0.19281377324467627,4.64,12.164861000336671,26.76736837710835,-0.7431961444167021,True,-0.7,1799.5,24.505,1.53,102.1,38.68664494,57,14.583333333333302,25.825,6.17,27.5604,0.4385,4.64,-3.0,26.8675
Richmond_Eucalyptus_cladocalyx,1.6593039054645549,0.2112176181663505,4.64,12.397347853009867,27.156487759145545,-1.0833772134565196,True,-1.0,1499.75,25.34,1.79,101.9,38.99416631,57,16.1166666666667,19.8,4.57,25.5339,0.26825,4.64,-2.65,26.88
Richmond_Eucalyptus_cladocalyx,1.640201301993378,0.20156159799219892,4.64,12.379018455831428,27.20899255227611,-1.0914373504468529,True,-1.05,1500.5,25.3775,1.6875,101.9,38.669673,57,16.25,25.625,6.995,27.78838125,0.45125,4.64,-2.9,27.015
Richmond_Eucalyptus_cladocalyx,1.6473944256297668,0.2009056948291238,4.64,12.354670156177866,27.12818295016406,-1.210834335371476,True,-1.17,1500.0,25.2975,1.6825,101.9,38.76061219,57,16.3166666666667,24.375,6.615,27.83904375,0.42525,4.64,-2.7,26.865
Richmond_Eucalyptus_cladocalyx,1.6510623109576767,0.21160805085819687,4.64,12.409370505288653,27.218136500721606,-0.7431961444167021,True,-0.7,1500.75,25.4,1.7925,101.9,38.87409619,57,16.516666666666698,21.575,5.695,26.92711875,0.3375,4.64,-2.8,27.2625
Richmond_Eucalyptus_cladocalyx,1.8309443530670448,0.08932818000135015,4.64,9.249980183768589,18.809165568564133,-0.6436986569795161,True,-0.6,999.0,17.61,0.758,102.3,38.7122295,77,9.91666666666667,25.425,3.3325,29.1309375,0.4885,4.64,-1.8,19.065
Richmond_Eucalyptus_cladocalyx,1.8212948593460463,0.09372103935213964,4.64,9.174745287467497,18.65471733326568,-0.6436986569795161,True,-0.6,999.0,17.4625,0.80525,102.3,38.48171513,77,9.98333333333333,26.775,3.48,28.2190125,0.4795,4.64,-1.2,18.8025
Richmond_Eucalyptus_cladocalyx,1.8383060394509398,0.10346338979410503,4.64,9.30703736189216,18.912551240371045,-0.8924423755724809,True,-0.85,999.0,17.7325,0.9055,102.4,38.91665269,77,10.1333333333333,20.95,2.67,27.07910625,0.31625,4.64,-1.6,19.5475
Richmond_Eucalyptus_cladocalyx,1.8177668762084207,0.096825463901836,4.64,9.323227661547305,19.092793327497013,-0.8924423755724809,True,-0.85,999.0,17.9025,0.8345,102.4,38.60203856,77,10.2,27.45,3.44,27.5604,0.455,4.64,-1.8,19.67
Richmond_Eucalyptus_cladocalyx,1.8409661576254428,0.09857653103029324,4.64,9.286988925573985,18.837824459350106,-0.5442011695423301,True,-0.5,1000.0,17.65,0.855,102.4,38.93945081,77,10.3666666666667,21.4,3.0725,29.00428125,0.39175,4.64,-1.6,19.41
Richmond_Eucalyptus_cladocalyx,1.8195610306415144,0.10205774461793247,4.64,9.634998178084725,19.943589484693614,-0.5442011695423301,True,-0.5,1001.0,18.7525,0.8805,102.4,38.94274388,77,10.4333333333333,19.7,3.2225,29.890875,0.39925,4.64,-1.3,19.63
Richmond_Eucalyptus_cladocalyx,1.716891947855247,0.17733626992473786,4.64,11.172377037093453,24.38713461093421,-0.6436986569795161,True,-0.6,1800.75,22.1275,1.4275,102.3,38.80038225,77,11.783333333333301,21.85,4.9975,28.04169375,0.378,4.64,-3.25,24.6325
Richmond_Eucalyptus_cladocalyx,1.6856344599033737,0.18996789534314495,4.64,11.470104159222693,25.17285114236124,-0.6436986569795161,True,-0.6,1799.25,22.925,1.5425,102.3,38.59519912,77,11.8666666666667,27.55,6.0325,26.4964875,0.42625,4.64,-3.3,25.4575
Richmond_Eucalyptus_cladocalyx,1.6651953590475108,0.1964388765849736,4.64,11.681666678107307,25.709202376032554,-0.8924423755724809,True,-0.85,1800.75,23.4625,1.5975,102.3,38.47791544,77,12.016666666666698,26.15,5.185,24.69796875,0.34725,4.64,-2.9,26.15
Richmond_Eucalyptus_cladocalyx,1.654405689546505,0.18339636328008252,4.64,11.765325025472126,25.93143539408989,-0.8924423755724809,True,-0.85,1802.0,23.6625,1.455,102.3,38.3879895,77,12.1,30.6,6.02,25.7872125,0.45325,4.64,-2.8,25.65
Richmond_Eucalyptus_cladocalyx,1.6571594243619534,0.1830006748711437,4.64,11.748377913505688,25.883614285369067,-0.5442011695423301,True,-0.5,1800.0,23.6175,1.4525,102.3,38.41534725,77,12.216666666666699,30.375,6.2575,26.3445,0.47275,4.64,-2.65,25.82
Richmond_Eucalyptus_cladocalyx,1.685100397333854,0.19346225082402804,4.64,11.814948046803876,25.897023342442193,-0.5442011695423301,True,-0.5,1800.0,23.645,1.56,102.2,38.90500031,77,12.283333333333301,21.15,4.835,27.053775,0.33025,4.64,-2.65,26.0475
Richmond_Eucalyptus_cladocalyx,1.5066267659984671,0.28511116818035576,4.64,14.740984566184686,32.26312790928331,-0.6873973139590321,True,-0.6,1800.0,30.045,2.34,102.0,38.9148795,77,14.583333333333302,20.15,7.425,27.3070875,0.33525,4.64,-2.8,31.8275
Richmond_Eucalyptus_cladocalyx,1.4862734295730682,0.26452652461752985,4.64,14.647014935710795,32.19264062739555,-0.9348847511449618,True,-0.85,1800.0,29.9475,2.125,102.0,38.49438075,77,14.783333333333301,28.875,7.4125,23.9633625,0.37175,4.64,-2.9,31.025
Richmond_Eucalyptus_cladocalyx,1.5020705595134791,0.269557518313751,4.64,14.662846219011474,32.145962978401776,-0.5884023390846603,True,-0.5,1799.0,29.91,2.18,102.0,38.76365194,77,14.933333333333302,22.4,7.77,27.35775,0.37925,4.64,-2.12,31.0
Richmond_Eucalyptus_dunnii,1.959688507982142,0.0885251434453514,4.64,8.773068096391558,15.937865636351473,-0.95,True,-0.95,500.0,15.46,0.83825,100.65,39.79792687,20,8.01666666666667,3.415,0.6459999999999999,32.09469375,0.077725,4.64,-1.2,16.7625
Richmond_Eucalyptus_dunnii,1.9595894360705917,0.08578752291621239,4.64,8.720723078955329,15.76836498257373,-0.95,True,-0.95,500.0,15.2875,0.81125,100.7,39.75942338,20,8.1,6.6675,1.2825,32.39866875,0.162,4.64,-1.2,16.86
Richmond_Eucalyptus_dunnii,1.9345605881352281,0.0804292750682017,4.64,8.84917263668915,16.35215195970062,-0.85,True,-0.85,501.0,15.86,0.75325,100.6,39.46102125,20,8.26666666666667,11.55,1.2725,27.88970625,0.17325,4.64,-1.4,17.4575
Richmond_Eucalyptus_dunnii,1.9470589071158435,0.07739347770579105,4.64,8.767428208114499,16.012004367556266,-0.85,True,-0.85,499.0,15.52,0.72375,100.6,39.57703838,20,8.36666666666667,10.175,1.045,27.68705625,0.14725,4.64,-1.35,17.2475
Richmond_Eucalyptus_dunnii,1.906782238810108,0.08775711446621355,4.64,9.213469733805036,17.585814752346803,-1.2540008245788508,True,-1.21,501.25,17.0975,0.8235,100.6,39.38578744,20,8.53333333333333,12.85,1.3125,25.81254375,0.16325,4.64,-1.4,18.7175
Richmond_Eucalyptus_dunnii,1.912313897523998,0.0817921390999065,4.64,9.173054263152244,17.437855625949318,-1.21,True,-1.21,501.0,16.9425,0.763,100.6,39.43290356,20,8.61666666666667,12.25,1.39,28.04169375,0.1875,4.64,-1.4,18.725
Richmond_Eucalyptus_dunnii,1.6880723087630638,0.2612016842372157,4.64,12.701822036102305,27.25167358822789,-0.8958098698049817,True,-0.85,1800.0,25.0725,2.195,100.6,39.41491838,20,10.0,11.25,2.4675,21.75954375,0.1125,4.64,-1.4,29.5725
Richmond_Eucalyptus_dunnii,1.6796325069669296,0.2639934643806592,4.64,12.717580266480715,27.317267468840146,-0.8958098698049817,True,-0.85,1799.0,25.1425,2.2225,100.6,39.29712806,20,10.1666666666667,12.575,2.355,18.56780625,0.1055,4.64,-1.5,29.69
Richmond_Eucalyptus_dunnii,1.6886874228750015,0.2910380576885728,4.64,12.87828678381148,27.58416108021924,-1.0406147144843352,True,-0.95,1801.0,25.44,2.495,100.6,39.60110306,20,10.3166666666667,8.1025,1.79,19.63171875,0.071,4.64,-1.7,30.7075
Richmond_Eucalyptus_dunnii,1.6897423208830953,0.2704248946126995,4.64,12.870946162359793,27.56555635267765,-0.9953073572421676,True,-0.95,1800.0,25.395,2.2825,100.6,39.61047563,20,10.4,9.835,2.0125,19.93569375,0.087325,4.64,-1.6,30.515
Richmond_Eucalyptus_dunnii,1.6714715955910264,0.2545691429318386,4.64,12.901904647931767,27.701368434844504,-1.2540008245788508,True,-1.21,1800.0,25.5075,2.115,100.6,39.35235019,20,10.5666666666667,13.025,2.69,21.3289125,0.12725,4.64,-1.7,30.3275
Richmond_Eucalyptus_dunnii,1.6666501665099878,0.2588485658944956,4.64,12.881945218394373,27.683900702468424,-1.2540008245788508,True,-1.21,1799.0,25.4975,2.16,100.6,39.25609144,20,10.65,14.575,3.0625,21.1262625,0.142,4.64,-1.8,30.52
Richmond_Eucalyptus_dunnii,1.5347493787854942,0.3688022711006739,4.64,15.26150645037414,32.763030212119276,-0.9416197396099631,True,-0.85,1998.75,30.3625,3.08,100.5,39.52460269,20,12.766666666666698,9.6625,3.96,25.35658125,0.1275,4.64,-1.6,34.2025
Richmond_Eucalyptus_dunnii,1.5502926366712493,0.4199275299274273,4.64,15.37327676132278,32.89620308711167,-1.0406147144843352,True,-0.95,1998.75,30.5625,3.6075,100.5,39.88202663,20,12.933333333333302,3.135,1.53,25.5339,0.0412,4.64,-1.55,36.005
Richmond_Eucalyptus_dunnii,1.5494288003613583,0.42719372501738295,4.64,15.409987709111581,32.96769309843453,-1.0406147144843352,True,-0.95,2000.5,30.64,3.68,100.5,39.90507806,20,13.016666666666698,2.4275,1.5525,28.1176875,0.041,4.64,-1.4,36.3225
Richmond_Eucalyptus_dunnii,1.536132749718365,0.3550880581935832,4.64,15.337996781083357,32.907976636871645,-1.2980016491577022,True,-1.21,2001.0,30.4825,2.9275,100.4,39.59882325,20,13.183333333333302,7.6275,2.6325,23.811375,0.08825,4.64,-2.4,34.9525
Richmond_Eucalyptus_dunnii,1.5360652921084528,0.3403076955391804,4.64,15.254951920427535,32.755139335778324,-1.2980016491577022,True,-1.21,1999.25,30.315,2.78,100.4,39.5147235,20,13.266666666666698,9.0075,3.0225,24.1660125,0.10725,4.64,-1.95,34.255
Richmond_Eucalyptus_dunnii,1.4259798726595765,0.4128933511483177,4.64,17.249572932152866,36.531704667191136,-0.9416197396099631,True,-0.85,2001.5,34.105,3.38,100.3,39.74878425,20,15.033333333333301,3.37,2.8425,30.87879375,0.081125,4.64,-1.9,39.31
Richmond_Eucalyptus_dunnii,1.4537418767399024,0.4276449627521211,4.64,16.963711713495552,36.01183740969253,-0.9416197396099631,True,-0.85,1999.75,33.62,3.5575,100.3,39.90077175,20,15.15,1.375,1.8325,33.15860625,0.0496,4.64,-1.35,38.2125
Richmond_Eucalyptus_dunnii,1.4561263824973831,0.4724307539155578,4.64,16.979085673017618,36.02372313931916,-1.342002473736553,True,-1.21,1999.5,33.6925,4.025,100.3,39.95371406,20,15.533333333333301,2.5675,1.9775,28.75096875,0.04735,4.64,-1.9,38.7075
Richmond_Eucalyptus_dunnii,1.451350465503701,0.4488512484212586,4.64,16.98755287098183,36.063856337492254,-1.342002473736553,True,-1.21,1999.0,33.7,3.7725,100.2,39.86404144,20,15.6333333333333,3.8125,1.7525,23.9633625,0.04485,4.64,-1.5,37.8525
Richmond_Eucalyptus_dunnii,1.4292679240956956,0.5833476883696707,4.64,17.257882154185094,36.53611765498719,-1.342002473736553,True,-1.21,1999.0,34.3425,5.1575,100.2,39.7862745,20,17.75,2.435,3.9875,31.41075,0.075175,4.64,-1.85,38.9025
Richmond_Eucalyptus_dunnii,1.435971279277356,0.5959549989330971,4.64,17.419384080671033,36.660330451292594,-1.0859220717265026,True,-0.95,1501.0,35.185,5.5025,100.2,40.05275925,20,18.0833333333333,0.7390000000000001,2.0325,33.335925,0.0358,4.64,-1.5,38.5925
Richmond_Eucalyptus_dunnii,1.4289933443271106,0.5954571717435867,4.64,17.416383896231814,36.685961532641656,-1.0859220717265026,True,-0.95,1498.75,35.2125,5.4975,100.2,39.93978188,20,18.1666666666667,2.5025,2.785,28.49765625,0.049175,4.64,-1.4,38.5075
Richmond_Eucalyptus_dunnii,1.4255686858755905,0.5569268738333213,4.64,17.383935720715193,36.65756769722992,-1.342002473736553,True,-1.21,1499.0,35.1325,5.095,100.2,39.85340231,20,18.3166666666667,3.0,3.8175,30.16951875,0.073275,4.64,-1.7,37.4275
Richmond_Eucalyptus_dunnii,1.4246480822729084,0.579476130188244,4.64,17.391377751313282,36.671779116344716,-1.342002473736553,True,-1.21,1500.25,35.175,5.33,100.2,39.84630956,20,18.45,3.97,4.42,28.75096875,0.081125,4.64,-1.85,38.19
Richmond_Eucalyptus_dunnii,1.7790983113258525,0.11672303716556788,4.64,10.51385809112239,21.343232569070626,-0.2490762014632731,True,-0.2,499.25,20.875,1.1175,101.7,38.973648,41,8.15,18.725,4.495,30.87879375,0.439,4.64,-0.5,21.5325
Richmond_Eucalyptus_dunnii,1.7787633705178358,0.10429957755131793,4.64,10.544785554446847,21.414434694732872,-0.2490762014632731,True,-0.2,500.0,20.9275,0.98775,101.7,38.99923256,41,8.23333333333333,19.35,4.9375,32.24668125,0.55775,4.64,-0.5,21.4525
Richmond_Eucalyptus_dunnii,1.8247298914655927,0.1158121168657954,4.64,10.63047647306632,21.372194504250004,-0.19932745774468014,True,-0.15,501.0,20.9,1.1075,101.7,39.82021838,41,8.36666666666667,4.9525,2.595,35.767725,0.2455,4.64,-0.6,22.07
Richmond_Eucalyptus_dunnii,1.8015691932942015,0.10423114025703406,4.64,10.5619681344907,21.33607149537649,-0.19932745774468014,True,-0.15,499.75,20.85,0.9875,101.7,39.38122781,41,8.43333333333333,12.475,3.21,32.62665,0.348,4.64,-0.5,21.705
Richmond_Eucalyptus_dunnii,1.7948994890510903,0.0933543778130838,4.64,10.553644108396853,21.355457992646496,-0.35,True,-0.35,501.0,20.8525,0.8740000000000001,101.7,39.26622394,41,8.56666666666667,15.475,3.8575,33.133275,0.485,4.64,-1.25,21.54
Richmond_Eucalyptus_dunnii,1.795015455229672,0.08853434967591846,4.64,10.563942635446233,21.377255501610964,-0.35,True,-0.35,501.0,20.8675,0.82375,101.7,39.27838294,41,8.65,15.05,3.91,33.6905625,0.526,4.64,-1.05,21.5025
Richmond_Eucalyptus_dunnii,1.6753450548991171,0.16179194002042274,4.64,11.81618199179215,25.46923146930775,-0.2490762014632731,True,-0.2,1799.75,23.1775,1.23,101.7,38.61774394,41,9.98333333333333,26.325,7.2575,30.77746875,0.67,4.64,-1.9,25.025
Richmond_Eucalyptus_dunnii,1.6691716314676113,0.1703667993392882,4.64,11.901758101545358,25.665609955178514,-0.2490762014632731,True,-0.2,1798.75,23.385,1.315,101.7,38.60457169,41,10.0666666666667,26.4,6.19,28.85229375,0.5185,4.64,-1.3,25.48
Richmond_Eucalyptus_dunnii,1.740633317100305,0.20441913378393392,4.64,12.06143453575775,25.669528664452358,-0.19932745774468014,True,-0.15,1799.25,23.435,1.67,101.7,39.90735788,41,10.2333333333333,2.0575,2.8825,36.9329625,0.17725,4.64,-1.95,26.8025
Richmond_Eucalyptus_dunnii,1.7172456961634752,0.17175407092269834,4.64,11.988681847903356,25.62792891776959,-0.19932745774468014,True,-0.15,1800.25,23.3475,1.33,101.7,39.46051463,41,10.3166666666667,11.675,4.97,33.6399,0.4025,4.64,-1.45,25.555
Richmond_Eucalyptus_dunnii,1.6681752755310095,0.16010409120921593,4.64,11.947059701433687,25.759648893951482,-0.398322432619052,True,-0.35,1801.5,23.46,1.205,101.7,38.63395594,41,10.45,25.575,6.5525,30.3975,0.6095,4.64,-2.0,25.435
Richmond_Eucalyptus_dunnii,1.6832755056472428,0.16474751614300825,4.64,11.97615059555881,25.759122265499467,-0.398322432619052,True,-0.35,1800.25,23.4675,1.2525,101.625,38.88473531,41,10.5666666666667,21.6,7.1,32.04403125,0.6385,4.64,-1.7,25.4275
Richmond_Eucalyptus_dunnii,1.5507171635847967,0.2292600977520839,4.64,14.293360388795588,30.737072107692686,-0.2490762014632731,True,-0.2,1801.5,28.465,1.7875,101.5,39.0526815,41,12.933333333333302,14.075,6.47,31.68939375,0.384,4.64,-1.9,30.21
Richmond_Eucalyptus_dunnii,1.5320576305914462,0.2122248877603148,4.64,14.190792891133286,30.63834064070227,-0.2490762014632731,True,-0.2,1801.0,28.345,1.61,101.4,38.62812975,41,13.033333333333301,25.475,8.8925,30.27084375,0.6135,4.64,-2.05,29.7175
Richmond_Eucalyptus_dunnii,1.5522613992894785,0.2269310492456993,4.64,14.349607241415999,30.84660165772157,-0.19932745774468014,True,-0.15,1801.0,28.57,1.7575,101.4,39.10917019,41,13.166666666666698,16.275,7.2675,31.6640625,0.4445,4.64,-2.2,30.0475
Richmond_Eucalyptus_dunnii,1.5521430051820797,0.2367428669731992,4.64,14.356573938826404,30.860188901339523,-0.19932745774468014,True,-0.15,1800.5,28.5975,1.86,101.4,39.11423644,41,13.3,13.975,6.43,31.43608125,0.3655,4.64,-2.05,30.485
Richmond_Eucalyptus_dunnii,1.5377305080480377,0.2086382922771552,4.64,14.208980992643811,30.64696974961452,-0.398322432619052,True,-0.35,1800.0,28.35,1.5725,101.4,38.73680081,41,13.466666666666699,21.25,8.8725,31.68939375,0.62725,4.64,-2.25,29.575
Richmond_Eucalyptus_dunnii,1.5369891021267381,0.21249459690632266,4.64,14.214984592187136,30.661573282943092,-0.398322432619052,True,-0.35,1799.75,28.37,1.6125,101.4,38.73097463,41,13.566666666666698,23.225,8.405,30.60015,0.575,4.64,-2.15,29.355
Richmond_Eucalyptus_dunnii,1.40133551210071,0.2795890033269366,4.64,16.537285253242793,35.514446125399225,-0.2490762014632731,True,-0.2,1799.75,33.22,2.14,101.2,38.84572519,41,15.6333333333333,19.875,8.1225,28.97895,0.3985,4.64,-2.4,34.335
Richmond_Eucalyptus_dunnii,1.4743493523635345,0.2697800603827393,4.64,15.535053125514944,33.44703547576939,-0.2490762014632731,True,-0.2,1800.25,31.1825,2.115,101.2,39.00556537,41,15.733333333333302,17.3,8.545,30.7521375,0.4285,4.64,-2.05,33.4775
Richmond_Eucalyptus_dunnii,1.5282835079248027,0.2793659695492438,4.64,15.457000315393364,33.04723127397307,-0.19932745774468014,True,-0.15,1799.25,30.805,2.23,101.2,39.78602119,41,15.8666666666667,5.555,5.29,34.551825,0.24325,4.64,-2.05,32.715
Richmond_Eucalyptus_dunnii,1.5410004594324946,0.30579194805472026,4.64,15.394432484357154,32.87281340999064,-0.24865491548936025,True,-0.15,1801.0,30.6675,2.5125,101.2,39.92584969,41,15.95,1.55,2.865,36.1223625,0.114,4.64,-2.25,33.015
Richmond_Eucalyptus_dunnii,1.4986910506353506,0.2460112349516213,4.64,15.073864938611546,32.476629153636516,-0.398322432619052,True,-0.35,1799.0,30.2,1.9,101.2,38.93185144,41,16.1,19.75,10.85,32.19601875,0.633,4.64,-2.5,31.82
Richmond_Eucalyptus_dunnii,1.5187873803864471,0.2592149542891501,4.64,14.898378613554158,32.05340154098011,-0.398322432619052,True,-0.35,1799.0,29.8025,2.0525,101.2,39.07623956,41,16.216666666666697,17.725,8.52,30.87879375,0.443,4.64,-2.0,31.68
Richmond_Eucalyptus_dunnii,1.894489693113813,0.06324564820064478,4.64,8.722906367563617,15.663801552128325,-0.3,True,-0.3,399.0,15.2975,0.607,102.3,39.20720213,57,8.06666666666667,17.25,1.93,30.2455125,0.344,4.64,-0.75,16.1525
Richmond_Eucalyptus_dunnii,1.8602337603256291,0.05967956726571665,4.64,9.338925791816543,17.643118341536287,-0.3,True,-0.3,401.0,17.26,0.5635,102.3,39.27205013,57,8.18333333333333,16.025,1.545,29.66289375,0.29375,4.64,-0.6,16.105
Richmond_Eucalyptus_dunnii,1.8719360294958145,0.050348001945010386,4.64,9.10371031611542,16.909529300150815,-0.05,True,-0.05,399.0,16.52,0.4695,102.4,39.25457156,57,8.33333333333333,12.975,1.9775,34.0958625,0.46775,4.64,-1.2,15.8125
Richmond_Eucalyptus_dunnii,1.869492487963136,0.06447853598160286,4.64,9.088869554025424,16.888762640207524,-0.05,True,-0.05,400.0,16.5175,0.61675,102.4,39.20036269,57,8.46666666666667,14.575,2.6075,33.3865875,0.4695,4.64,-1.0,16.0775
Richmond_Eucalyptus_dunnii,1.8779047379721368,0.05630100614667501,4.64,8.970502877238971,16.50699565679109,-0.25,True,-0.25,399.0,16.1275,0.53225,102.3,39.18795038,57,8.61666666666667,16.15,2.765,33.96920625,0.59075,4.64,-1.6,16.0825
Richmond_Eucalyptus_dunnii,1.7381266841597494,0.07463676680425195,4.64,11.31048514259794,22.7046863626715,-0.25,False,-0.25,401.0,22.3075,0.69925,102.3,39.27888956,57,8.73333333333333,14.6,1.305,26.36983125,0.1955,4.64,-1.15,18.79
Richmond_Eucalyptus_dunnii,1.7192098516062018,0.1343759710685593,4.64,10.69843769218656,22.64780882576036,-0.34857368890045903,True,-0.3,1000.25,21.4825,1.19,102.4,38.390016,57,10.966666666666699,28.775,6.285,29.080275,0.59675,4.64,-2.15,23.0575
Richmond_Eucalyptus_dunnii,1.7432250558083526,0.12701845523859664,4.64,10.669818573084424,22.46863338420585,-0.34857368890045903,True,-0.3,1000.0,21.295,1.115,102.4,38.74819988,57,11.066666666666698,24.675,5.585,30.27084375,0.56275,4.64,-2.18,22.63
Richmond_Eucalyptus_dunnii,1.756224083793185,0.12271013333662928,4.64,10.702103938745367,22.47573458462369,-0.0998299703074942,True,-0.05,999.0,21.2975,1.07,102.4,38.98986,57,11.2,20.175,5.715,32.3733375,0.60475,4.64,-1.82,22.445
Richmond_Eucalyptus_dunnii,1.7515926372485466,0.12965738874099206,4.64,10.703499282547348,22.50133186315479,-0.0998299703074942,True,-0.05,999.0,21.3325,1.1425,102.4,38.91665269,57,11.283333333333301,21.525,5.715,31.43608125,0.56075,4.64,-1.8,22.88
Richmond_Eucalyptus_dunnii,1.7361532976231824,0.12834381588792584,4.64,10.749971059512385,22.689157635179587,-0.2988249451818661,True,-0.25,1000.25,21.515,1.125,102.3,38.68715156,57,11.45,22.075,5.525,30.87879375,0.54925,4.64,-2.15,23.2075
Richmond_Eucalyptus_dunnii,1.7492350010560518,0.12259747569205545,4.64,10.675255773644817,22.4623431040883,-0.2988249451818661,True,-0.25,1000.0,21.2825,1.0675,102.3,38.82292706,57,11.516666666666698,22.15,5.285,31.08144375,0.5555,4.64,-2.18,22.78
Richmond_Eucalyptus_dunnii,1.6181215414233183,0.17165562385777147,4.64,12.216924191597213,26.44978084626513,-0.34857368890045903,True,-0.3,1801.0,24.16,1.3175,102.2,38.23042913,57,13.416666666666698,32.3,7.56,28.49765625,0.64925,4.64,-2.55,25.8175
Richmond_Eucalyptus_dunnii,1.6271121992332649,0.17351211500193778,4.64,12.174239147374575,26.328325475221387,-0.34857368890045903,True,-0.3,1801.0,24.0425,1.34,102.2,38.33226075,57,13.5,32.125,6.96,27.73771875,0.58125,4.64,-2.1,25.54
Richmond_Eucalyptus_dunnii,1.6529298515006783,0.19414585849789545,4.64,12.262563677669682,26.388015172283,-0.0998299703074942,True,-0.05,1801.0,24.13,1.555,102.2,38.83559269,57,13.6333333333333,22.0,5.215,27.43374375,0.3595,4.64,-2.05,26.44
Richmond_Eucalyptus_dunnii,1.666839637208415,0.18033317437709687,4.64,12.306190381650696,26.41202241742636,-0.0998299703074942,True,-0.05,1799.0,24.1375,1.41,102.2,39.10283738,57,13.7,17.9,6.31,31.89204375,0.49125,4.64,-1.9,25.955
Richmond_Eucalyptus_dunnii,1.6351335981671606,0.1660598620428139,4.64,12.19994120311744,26.35375550259337,-0.2988249451818661,True,-0.25,1799.0,24.06,1.26,102.1,38.46119681,57,13.85,30.075,7.1575,29.3335875,0.64425,4.64,-2.35,25.425
Richmond_Eucalyptus_dunnii,1.6359730919886344,0.1727366144381461,4.64,12.198625428348427,26.347684476900955,-0.2988249451818661,True,-0.25,1799.5,24.0625,1.33,102.1,38.47335581,57,13.916666666666698,30.125,6.705,28.19368125,0.5625,4.64,-2.35,25.675
Richmond_Eucalyptus_dunnii,1.6112549815881094,0.16225682672574815,4.64,12.558893311913645,27.097957520631738,-0.7465636386492027,True,-0.7,1499.75,25.215,1.28,102.0,38.41104094,57,15.25,30.075,8.33,30.296175,0.74975,4.64,-2.3,26.2975
Richmond_Eucalyptus_dunnii,1.6242202771225709,0.16854202982244193,4.64,12.480508365676535,26.89358017439848,-0.34857368890045903,True,-0.3,1501.0,25.02,1.35,102.0,38.5406525,57,15.35,29.0,7.723333332999999,29.7219999966225,0.648333333,4.64,-2.25,26.0
Richmond_Eucalyptus_dunnii,1.6149657705177076,0.1679801855313117,4.64,12.449727432996152,26.874133939369685,-0.34857368890045903,True,-0.3,1499.25,25.0025,1.345,102.0,38.36139169,57,15.416666666666698,30.925,8.07,29.38425,0.68325,4.64,-2.25,25.9075
Richmond_Eucalyptus_dunnii,1.6401336293299555,0.1915957224884064,4.64,12.562716564694204,26.98183095689453,-0.0998299703074942,True,-0.05,1500.25,25.14,1.59,102.0,38.87814919,57,15.533333333333301,22.0,6.4425,29.2322625,0.4395,4.64,-1.7,26.745
Richmond_Eucalyptus_dunnii,1.6187109398931718,0.17823224674781926,4.64,12.513515670507251,26.979859841719247,-0.0998299703074942,True,-0.05,1500.0,25.12,1.45,102.0,38.4852615,57,15.6166666666667,28.625,7.3225,28.59898125,0.5615,4.64,-2.1,26.2675
Richmond_Eucalyptus_dunnii,1.6182267164169983,0.18730338635620086,4.64,12.591577774486806,27.140636174964285,-0.2988249451818661,True,-0.25,1499.0,25.2925,1.54,101.9,38.53009781,57,15.733333333333302,27.7,7.26,28.269675,0.52075,4.64,-2.4,26.72
Richmond_Eucalyptus_dunnii,1.6354446126157698,0.1799396045784218,4.64,12.637305551130517,27.153787766654354,-0.2988249451818661,True,-0.25,1499.25,25.295,1.4625,101.9,38.85180469,57,15.85,19.675,8.865,32.8293,0.69075,4.64,-2.1,26.69
Richmond_Eucalyptus_dunnii,1.8522639791251592,0.0941180736868977,4.64,9.120209139737623,18.03837566933343,-0.35,True,-0.35,999.0,16.85,0.815,102.3,38.92551863,77,9.21666666666667,19.45,4.235,32.525325,0.59,4.64,-1.0,17.635
Richmond_Eucalyptus_dunnii,1.846320192037353,0.09137815267483182,4.64,9.196077476690805,18.28990945557321,-0.35,True,-0.35,1000.0,17.095,0.784,102.3,38.90576025,77,9.26666666666667,20.75,3.915,31.8667125,0.564,4.64,-0.95,17.9625
Richmond_Eucalyptus_dunnii,1.8460576296410136,0.09598996514187713,4.64,9.287779675796964,18.534716006598412,-0.4,True,-0.4,1001.75,17.3425,0.8305,102.4,39.022284,77,9.43333333333333,18.475,4.0375,32.49999375,0.54725,4.64,-1.0,18.445
Richmond_Eucalyptus_dunnii,1.8434868404815734,0.08890627824389111,4.64,9.270921297280632,18.503299864432474,-0.4,True,-0.4,1001.0,17.3025,0.757,102.4,38.96402213,77,9.5,19.625,4.3375,33.10794375,0.65825,4.64,-1.25,18.1875
Richmond_Eucalyptus_dunnii,1.837906598165369,0.09058830024688536,4.64,9.374243731595847,18.831468857552156,-0.4,True,-0.4,1000.0,17.6325,0.77075,102.3,38.94857006,77,9.63333333333333,19.975,3.8875,32.24668125,0.56925,4.64,-1.3,18.39
Richmond_Eucalyptus_dunnii,1.845915793212499,0.09494789132492558,4.64,9.341889190082368,18.696451326414785,-0.4,True,-0.4,1001.25,17.5025,0.81725,102.3,39.04508213,77,9.71666666666667,17.85,3.5825,32.120025,0.487,4.64,-1.35,18.9475
Richmond_Eucalyptus_dunnii,1.7116659039037736,0.14683179955950806,4.64,11.020577494811251,23.607846136807996,-0.398322432619052,True,-0.35,1801.25,21.3125,1.125,102.3,38.56454831,77,11.233333333333302,27.75,5.7375,29.282925,0.57375,4.64,-1.75,23.1675
Richmond_Eucalyptus_dunnii,1.7167588076575448,0.15035591843418264,4.64,10.974867860809637,23.486192471029444,-0.398322432619052,True,-0.35,1799.0,21.2,1.165,102.3,38.600772,77,11.3,26.575,5.295,28.674975,0.5045,4.64,-1.35,23.1275
Richmond_Eucalyptus_dunnii,1.717324214025952,0.15725189554618824,4.64,11.022509355113078,23.585382182401123,-0.44807117633764504,True,-0.4,1799.25,21.3075,1.235,102.3,38.657514,77,11.4,26.225,5.035,27.7123875,0.44675,4.64,-1.55,23.475
Richmond_Eucalyptus_dunnii,1.7265206719963329,0.15965944714372673,4.64,11.09312921387933,23.6930009366998,-0.44807117633764504,True,-0.4,1801.0,21.415,1.2575,102.3,38.87612269,77,11.466666666666699,22.1,4.43,28.14301875,0.3805,4.64,-1.35,23.57
Richmond_Eucalyptus_dunnii,1.7165553968709617,0.14629047466919912,4.64,11.135160032893165,23.827728674305142,-0.44807117633764504,True,-0.4,1799.25,21.5325,1.115,102.3,38.75782575,77,11.583333333333302,23.8,5.7425,30.77746875,0.58025,4.64,-1.85,23.3775
Richmond_Eucalyptus_dunnii,1.706872139742229,0.1424994706280515,4.64,11.116942350026832,23.834098825929487,-0.44807117633764504,True,-0.4,1800.0,21.5325,1.075,102.3,38.58380006,77,11.65,27.525,6.78,31.08144375,0.72975,4.64,-1.95,23.3175
Richmond_Eucalyptus_dunnii,1.4899453040933968,0.25368099200262545,4.64,14.71252038318408,31.75219624970311,-0.398322432619052,True,-0.35,1800.0,29.5,2.025,102.0,38.61875719,77,13.9,24.225,5.29,22.46881875,0.2725,4.64,-3.25,30.8425
Richmond_Eucalyptus_dunnii,1.5174088950733826,0.2785297788797473,4.64,14.81578632908397,31.819212837849058,-0.398322432619052,True,-0.35,1800.0,29.6,2.285,102.0,39.16261913,77,14.016666666666698,17.3,3.6775,20.4169875,0.1645,4.64,-2.05,31.4575
Richmond_Eucalyptus_dunnii,1.5204009034738701,0.28683405252010064,4.64,14.90761930174855,31.978117782409377,-0.44807117633764504,True,-0.4,1800.0,29.7675,2.3675,102.0,39.30244763,77,14.2,13.9,3.9725,24.49531875,0.17125,4.64,-2.35,31.7475
Richmond_Eucalyptus_dunnii,1.5083244686183868,0.2865585472905322,4.64,14.863764668366864,31.952308324762804,-0.44807117633764504,True,-0.4,1801.25,29.74,2.365,102.0,39.0648405,77,14.266666666666698,18.15,4.5425,22.41815625,0.197,4.64,-2.5,31.63
Richmond_Eucalyptus_dunnii,1.4992401046857102,0.2772094208602832,4.64,14.871448782136078,32.00904659243892,-0.44807117633764504,True,-0.4,1799.75,29.785,2.265,102.0,38.92678519,77,14.3833333333333,20.425,5.59,24.24200625,0.25625,4.64,-2.95,31.29
Richmond_Eucalyptus_saligna,1.914506400734876,0.16801553487030824,4.64,8.887202851955106,17.515758972881198,-1.3756309789485486,True,-1.33,1547.75,15.6475,1.4675,100.5,39.15223331,20,8.2,16.275,2.2475,21.05026875,0.156,4.64,-1.6,21.38
Richmond_Eucalyptus_saligna,1.9145900679563748,0.11884856171335907,4.64,8.684669715160451,16.151869415110866,-1.1040717708813097,True,-1.08,492.5,15.725,1.1475,100.5,38.95034325,20,8.28333333333333,19.85,3.5625,27.94036875,0.3285,4.64,-1.5,20.2825
Richmond_Eucalyptus_saligna,1.93318424954244,0.15967488633936613,4.64,8.680891476918651,16.208716060066564,-1.1281435417626189,True,-1.08,596.0,15.69,1.548,100.5,39.24053805,20,8.38333333333333,14.64,1.958,19.555725,0.1282,4.64,-1.6,22.59
Richmond_Eucalyptus_saligna,1.9211962922137904,0.13678367855036325,4.64,8.753951000207106,16.54390989048823,-1.246937511611865,True,-1.2,596.0,15.9925,1.3125,100.5,39.12411563,20,8.5,16.925,2.2375,22.2408375,0.17475,4.64,-1.65,21.6625
Richmond_Eucalyptus_saligna,1.9344315568915889,0.13773917811945402,4.64,8.80989717112195,16.625903889377874,-1.246937511611865,True,-1.2,595.6,16.076,1.3219999999999998,100.5,39.38928315,20,8.58333333333333,11.66,1.374,20.34606,0.105,4.64,-1.8,21.752
Richmond_Eucalyptus_saligna,1.6885597461791189,0.2892946366670645,4.64,12.393398989063188,27.264569084665673,-1.2704062674177976,True,-1.2,1800.8,25.122,2.482,100.5,39.0875373,20,9.91666666666667,9.76,1.824,16.049879999999998,0.07314,4.64,-2.2,28.422
Richmond_Eucalyptus_saligna,1.685448972383944,0.2907501734735519,4.64,12.386696418415607,27.26554566119364,-1.2704062674177976,True,-1.2,1799.0,25.1275,2.4975,100.5,39.03165656,20,10.0,8.645,1.345,11.47505625,0.05325,4.64,-2.2,28.665
Richmond_Eucalyptus_saligna,1.6780181879630638,0.2941079539532403,4.64,12.459768485885695,27.453006020166782,-1.1522153126439283,True,-1.08,1801.0,25.314,2.524,100.4,38.96088105,20,10.1833333333333,9.402,1.694,14.651595,0.06652000000000001,4.64,-2.0,29.106
Richmond_Eucalyptus_saligna,1.6754837444853574,0.29912990980076504,4.64,12.47693048959682,27.4979983182614,-1.4212619578970969,True,-1.33,1800.0,25.36666667,2.575,100.4,38.93801537,20,10.35,9.698333332999999,2.121666667,18.2553875033775,0.08195,4.64,-2.3,29.16333333
Richmond_Eucalyptus_saligna,1.6765780854757504,0.2936938127091089,4.64,12.450695093043485,27.44192913867828,-1.4212619578970969,True,-1.33,1801.0,25.3025,2.52,100.4,38.929065,20,10.4,11.6,2.3725,17.40256875,0.093975,4.64,-2.4,28.845
Richmond_Eucalyptus_saligna,1.6213298686804447,0.4600167385226042,9.29,13.804800681392095,30.291353316915842,-1.4668929368456456,True,-1.33,2000.75,29.1525,4.345,100.3,39.36020288,20,12.6,0.996,0.63225,25.60989375,0.01415,9.29,-2.3,34.705
Richmond_Eucalyptus_saligna,1.600324564583681,0.4683393779537748,9.29,14.180455719111093,31.069716947489443,-1.200358854406547,True,-1.08,2000.75,29.93,4.4175,100.3,39.40478587,20,12.833333333333302,0.74975,0.5329999999999999,26.54715,0.0117,9.29,-1.95,35.45
Richmond_Eucalyptus_saligna,1.5879092493016138,0.4814702804465063,9.29,14.373101084191578,31.471555038000126,-1.200358854406547,True,-1.08,2000.5,30.3375,4.545,100.3,39.40174613,20,12.966666666666699,1.3145,0.7240000000000001,23.2540875,0.015425,9.29,-1.9,35.8975
Richmond_Eucalyptus_saligna,1.6007134927659206,0.4506463742660709,9.29,14.07907759262201,30.884933250333944,-1.3173437790296627,True,-1.2,2000.25,29.735,4.24,100.3,39.30954038,20,13.1166666666667,3.805,1.205,15.02143125,0.0276,9.29,-2.55,34.975
Richmond_Eucalyptus_saligna,1.5981464064403554,0.4815388700433902,9.29,14.33992331542438,31.365378389751026,-1.3408125348355953,True,-1.2,2000.25,30.2325,4.5475,100.3,39.52992225,20,13.216666666666699,0.10075,0.3895,34.754475,0.008295,9.29,-1.6,35.705
Richmond_Eucalyptus_saligna,1.5744401067883629,0.5452573833252176,4.64,14.608674238225975,31.961463661299373,-1.3408125348355953,True,-1.2,2000.5,29.81,4.92,100.1,39.39997294,20,15.033333333333301,0.792,0.409,21.0249375,0.0080625,4.64,-1.65,35.2775
Richmond_Eucalyptus_saligna,1.4693625425256684,0.6029294809963001,4.64,16.248419043817528,35.06092385435309,-1.3642812906415278,True,-1.2,2000.75,32.925,5.4125,100.1,39.38553413,20,15.166666666666698,1.429,0.5195,12.017145,0.0092675,4.64,-1.8,37.46
Richmond_Eucalyptus_saligna,1.4610448487437044,0.6225215374780143,4.64,16.448498300208282,35.37365500256315,-1.248502396169166,True,-1.08,2000.5,33.2575,5.605,100.1,39.45468844,20,15.3666666666667,0.2225,0.44775,31.48674375,0.0076925,4.64,-1.6,38.4425
Richmond_Eucalyptus_saligna,1.4627860683357343,0.6199159403560696,4.64,16.42995492484409,35.34073952787675,-1.248502396169166,True,-1.08,1998.25,33.225,5.58,100.1,39.46355438,20,15.45,0.654,0.5485,25.229925,0.009465,4.64,-1.8,38.4675
Richmond_Eucalyptus_saligna,1.4602808403624663,0.6264643512122541,4.64,16.463313584918065,35.39707451319673,-1.5125239157941943,True,-1.33,2001.0,33.285,5.645,100.1,39.45747488,20,15.6166666666667,0.15725,0.46825,32.85463125,0.007975,4.64,-1.8,38.66
Richmond_Eucalyptus_saligna,1.4622705656810868,0.6324531331582478,4.64,16.364649766002533,35.199887037040796,-1.5125239157941943,True,-1.33,1483.0,33.8325,5.92,99.9875,39.36349594,20,17.766666666666698,1.7625,0.65875,10.28955375,0.01075,4.64,-1.8,37.55
Richmond_Eucalyptus_saligna,1.4531823244135758,0.6122748476176387,4.64,16.507883855453297,35.43698446102917,-1.4897084263199198,True,-1.33,1491.5,34.025,5.7,99.9925,39.36501581,20,17.8333333333333,0.320375,0.843,32.3733375,0.014325,4.64,-2.2,37.2275
Richmond_Eucalyptus_saligna,1.4550789888403144,0.6245324249453361,4.64,16.520189613535518,35.443213542686756,-1.248502396169166,True,-1.08,1481.0,34.0625,5.8325,100.0,39.40883888,20,17.983333333333302,1.09375,0.66825,20.44231875,0.01105,4.64,-1.7,38.105
Richmond_Eucalyptus_saligna,1.4570503003916315,0.6140995957533606,4.64,16.537291251503405,35.45793491121775,-1.248502396169166,True,-1.08,1483.0,34.06,5.7225,100.0,39.45696825,20,18.05,0.34075,0.5905,30.5494875,0.009945,4.64,-1.85,37.9475
Richmond_Eucalyptus_saligna,1.4642653116558182,0.5954096433192232,4.64,16.444830443293032,35.300577966052636,-1.3642812906415278,True,-1.2,1482.0,33.8825,5.5325,100.0,39.47799319,20,18.216666666666697,0.26325,0.4955,31.2587625,0.00864,4.64,-1.65,37.4675
Richmond_Eucalyptus_saligna,1.4622978158394329,0.5770119324017648,4.64,16.426356240352884,35.284232311220634,-1.3642812906415278,True,-1.2,1485.0,33.8375,5.34,100.0,39.42859725,20,18.283333333333303,0.821,1.16,29.9922,0.02105,4.64,-2.45,36.9825
Richmond_Eucalyptus_saligna,1.3489455413963256,0.3909497317221163,4.64,18.16363390840096,32.643591289843776,-1.3173437790296627,False,-1.2,192.8,32.83,3.974,100.1,39.4024554,20,19.5833333333333,0.16058,0.6152,35.24083500000001,0.015119999999999996,4.64,-1.65,32.408
Richmond_Eucalyptus_saligna,1.4874601132231768,0.5051601366600451,4.64,15.93138632145665,34.45521358166546,-1.2244306252878567,True,-1.08,1501.0,32.908,4.614,100.1,39.35280615,20,19.6333333333333,1.2336,0.6864,23.122365,0.01446,4.64,-1.7,34.776
Richmond_Eucalyptus_saligna,1.7069504607672052,0.1427156196038548,4.64,11.529766581030447,25.33548855228861,-0.24839337892151045,True,-0.22,1846.6,22.952,1.02,101.5,38.783157,41,10.0333333333333,22.5,3.164,26.445825,0.3286,4.64,-2.0,25.594
Richmond_Eucalyptus_saligna,1.6992471453188456,0.13311783589374393,4.64,11.601863103174574,25.522653616612864,-0.2284938814340733,True,-0.2,1843.8,23.128,0.9162,101.5,38.73229185,41,10.3,23.4,5.106,31.45128,0.6238,4.64,-1.25,25.528
Richmond_Eucalyptus_saligna,1.6885293308168363,0.1391540677392092,4.64,11.675696612878088,25.72629553423423,-0.2284938814340733,True,-0.2,1838.0,23.346,0.9754,101.5,38.63501985,41,10.4666666666667,26.42,5.62,30.701475,0.6474,4.64,-1.15,25.946
Richmond_Eucalyptus_saligna,1.6900922582057956,0.14979382860915902,4.64,11.693310874160256,25.75486772063268,-0.27824262515266623,True,-0.25,1835.8,23.392,1.086,101.5,38.67757635,41,10.65,25.66,4.242,27.459075,0.4202,4.64,-1.55,26.418000000000006
Richmond_Eucalyptus_saligna,1.6777404599505792,0.14169530442577746,4.64,11.721080933061854,25.870421228731853,-0.27824262515266623,True,-0.25,1831.0,23.502,1.0,101.5,38.50816095,41,10.8,27.98,4.724,28.33047,0.5154,4.64,-1.5,26.418000000000006
Richmond_Eucalyptus_saligna,1.5908362156587748,0.1879199776533136,9.29,13.111351323762506,29.01880448809111,-0.3064852503053325,True,-0.25,1811.75,27.84,1.64,101.3,38.43611888,41,12.933333333333302,27.875,9.1625,29.35891875,0.58225,9.29,-2.25,28.56
Richmond_Eucalyptus_saligna,1.5673744586629106,0.2553556704842469,4.64,13.836631575750252,30.46898394883027,-0.3064852503053325,True,-0.25,1806.0,28.23,2.0625,101.3,38.81254125,41,13.066666666666698,22.8,6.765,26.3445,0.345,4.64,-1.3,30.7275
Richmond_Eucalyptus_saligna,1.5657586262398626,0.2619725908923457,4.64,13.922922005939364,30.63403926607594,-0.25698776286814656,True,-0.2,1803.5,28.405,2.1275,101.3,38.87308294,41,13.216666666666699,20.2,5.6,25.10326875,0.27175,4.64,-1.3,31.525
Richmond_Eucalyptus_saligna,1.5521461002346002,0.2667312658960919,4.64,13.95288169819804,30.751261338050327,-0.25698776286814656,True,-0.2,1799.5,28.5325,2.175,101.3,38.68613831,41,13.35,23.95,7.3225,25.86320625,0.354,4.64,-1.4,31.725
Richmond_Eucalyptus_saligna,1.6038976131436082,0.2908786545486488,4.64,13.907659120566857,30.43994748718681,-0.3051801367645314,True,-0.22,1804.0,28.2525,2.4325,101.2,39.44024963,41,13.566666666666698,9.6925,2.515,22.67146875,0.10325,4.64,-1.25,32.0775
Richmond_Eucalyptus_saligna,1.5903527119504248,0.2624893780577776,4.64,13.935524954035206,30.553040544482194,-0.2767867578430209,True,-0.22,1804.0,28.325,2.1325,101.2,39.25254506,41,13.7,13.85,3.1625,22.6968,0.14925,4.64,-1.35,31.5525
Richmond_Eucalyptus_saligna,1.5795719766485636,0.3294400516691949,4.64,14.138895501727829,30.99130984502263,-0.3051801367645314,True,-0.22,1803.5,28.8475,2.8125,101.0,39.23455987,41,15.75,13.525,3.5475,20.163675,0.127,4.64,-1.3,31.8725
Richmond_Eucalyptus_saligna,1.5734267744690225,0.30993138027693745,4.64,14.300320513294256,31.309716472937517,-0.3051801367645314,True,-0.22,1801.0,29.1375,2.6,101.0,39.29839463,41,15.833333333333302,10.55,3.1425,23.48206875,0.12075,4.64,-1.35,31.94
Richmond_Eucalyptus_saligna,1.5440813341438318,0.3059778032018502,4.64,14.321697819208856,31.48349154897613,-0.2854816443022198,True,-0.2,1796.0,29.31,2.555,101.0,38.85357788,41,16.0,12.625,3.355,21.6328875,0.13125,4.64,-2.55,32.63
Richmond_Eucalyptus_saligna,1.5525480883629343,0.3223028822015396,4.64,14.351100426633275,31.496824750132603,-0.2854816443022198,True,-0.2,1796.25,29.345,2.725,101.0,39.01747106,41,16.0833333333333,9.26,2.4275,20.34099375,0.088225,4.64,-0.85,33.155
Richmond_Eucalyptus_saligna,1.5164849330700099,0.2747974611083845,4.64,14.37959081502441,31.715391787696515,-0.3347278754579987,True,-0.25,1794.5,29.4975,2.2225,101.0,38.4731025,41,16.216666666666697,17.6,5.9475,26.445825,0.276,4.64,-2.65,32.1175
Richmond_Eucalyptus_saligna,1.5348955022536412,0.3099088883447678,4.64,14.392144824529574,31.65145722166475,-0.3347278754579987,True,-0.25,1791.0,29.4875,2.5925,101.0,38.77809075,41,16.283333333333303,11.8,3.8825,24.419325,0.1505,4.64,-1.25,33.0625
Richmond_Eucalyptus_saligna,1.899051383027276,0.05636897024369662,4.64,8.523072822738339,15.244997862127983,-0.27824262515266623,True,-0.25,410.0,14.855,0.53375,102.1,39.02101744,57,7.91666666666667,10.425,0.922,29.0296125,0.18025,4.64,-0.45,15.9925
Richmond_Eucalyptus_saligna,1.9036106892582516,0.053996662695408086,4.64,8.52913765691186,15.232156249068494,-0.25,True,-0.25,411.0,14.8375,0.509,102.1,39.10030425,57,7.98333333333333,8.62,0.9335,31.18276875,0.192,4.64,-0.5,16.05
Richmond_Eucalyptus_saligna,1.8866953120239665,0.06025078578889044,4.64,8.587512512581426,15.549728928234892,-0.5767350874642241,True,-0.55,410.0,15.164,0.5738,102.2,38.91670335,57,8.63333333333333,11.38,1.686,32.38347,0.3154,4.64,-1.15,16.832
Richmond_Eucalyptus_saligna,1.7652058804095194,0.16055651167161966,4.64,10.34480191997262,22.12570381224964,-0.6034701749284481,True,-0.55,1020.0,20.9725,1.4625,102.2,38.72160206,57,11.083333333333302,13.375,3.525,29.0296125,0.2545,4.64,-1.95,22.6625
Richmond_Eucalyptus_saligna,1.7528554267213097,0.1549148256566644,4.64,10.363476724314516,22.237988148598763,-0.6034701749284481,True,-0.55,1019.0,21.0775,1.4025,102.2,38.54175019,57,11.183333333333302,17.65,4.135,28.16835,0.31475,4.64,-2.0,22.7625
Richmond_Eucalyptus_saligna,1.7504835117450133,0.12991265060702914,4.64,10.39929892647433,22.33583829925375,-0.526986343745631,True,-0.5,1019.0,21.14,1.14,102.2,38.53947038,57,11.433333333333302,23.825,5.205,29.61223125,0.508,4.64,-1.48,22.0225
Richmond_Eucalyptus_saligna,1.7557437670528604,0.14039448752651212,4.64,10.413035378823693,22.33853302484752,-0.27824262515266623,True,-0.25,1017.0,21.16,1.25,102.2,38.63775563,57,11.55,15.275,4.4525,31.106775,0.3855,4.64,-1.45,22.6725
Richmond_Eucalyptus_saligna,1.7482330510320088,0.1307631136986449,4.64,10.355181098956876,22.243553958189302,-0.27824262515266623,True,-0.25,1018.75,21.05,1.15,102.2,38.45917031,57,11.6333333333333,20.85,4.735,29.7388875,0.45175,4.64,-1.41,22.1425
Richmond_Eucalyptus_saligna,1.659165719699316,0.1914444637719768,4.64,11.838172909013426,26.14777205923211,-0.3064852503053325,True,-0.25,1835.0,23.84,1.52,102.0,38.45917031,57,13.45,25.85,7.2,28.9282875,0.52525,4.64,-1.75,24.9425
Richmond_Eucalyptus_saligna,1.6635603854435157,0.18636796674589304,4.64,11.746401412156365,25.939615284208923,-0.3064852503053325,True,-0.25,1833.0,23.63,1.4725,102.0,38.43789206,57,13.516666666666698,27.8,7.1425,28.472325,0.53875,4.64,-2.1,24.75
Richmond_Eucalyptus_saligna,1.6724597268427814,0.19181386454326066,4.64,11.805764187279769,26.018331936833512,-0.5539726874912622,True,-0.5,1833.25,23.715,1.5275,102.0,38.64003544,57,13.6333333333333,20.15,7.1025,30.8534625,0.51375,4.64,-1.7,25.0925
Richmond_Eucalyptus_saligna,1.6608628214235357,0.1920473550721669,4.64,11.783853814800356,26.02885046710731,-0.5539726874912622,True,-0.5,1832.0,23.7275,1.53,102.0,38.43206588,57,13.7,24.375,6.4925,28.39633125,0.46525,4.64,-1.9,24.9075
Richmond_Eucalyptus_saligna,1.6643607091094248,0.2243785976985666,4.64,11.836182495160198,26.11816756134099,-0.6034701749284481,True,-0.55,1827.0,23.8675,1.8675,102.0,38.54048363,57,13.833333333333302,15.925,5.1375,28.19368125,0.29125,4.64,-1.5,26.255
Richmond_Eucalyptus_saligna,1.669179854137118,0.19587069269233467,4.64,11.808741187811489,26.039779454260355,-0.6034701749284481,True,-0.55,1831.0,23.745,1.57,102.0,38.59038619,57,13.9,22.575,6.465,28.9282875,0.4495,4.64,-2.25,25.06
Richmond_Eucalyptus_saligna,1.64374477052985,0.2379451118946354,4.64,12.066689382589402,26.641120468280057,-0.6034701749284481,True,-0.55,1521.0,24.8375,2.075,101.9,38.41408069,57,15.283333333333301,17.8,4.2425,23.22875625,0.212,4.64,-1.8,27.445
Richmond_Eucalyptus_saligna,1.6502257676940055,0.2165187153473389,4.64,12.033079923457807,26.553751211055825,-0.6034701749284481,True,-0.55,1522.0,24.72,1.85,101.8,38.45841038,57,15.35,18.45,5.0925,26.648475,0.29075,4.64,-2.0,26.4225
Richmond_Eucalyptus_saligna,1.6420702461313152,0.19458346340453525,4.64,12.015202610527352,26.55679652967536,-0.3064852503053325,True,-0.25,1524.0,24.69,1.62,101.8,38.30996925,57,15.466666666666699,25.625,6.7175,27.53506875,0.453,4.64,-1.8,25.705
Richmond_Eucalyptus_saligna,1.662986923257596,0.2056432735194402,4.64,12.0270796694455,26.481784183405253,-0.5539726874912622,True,-0.5,1523.0,24.6325,1.7375,101.8,38.65675406,57,15.516666666666698,21.575,5.4325,26.62314375,0.333,4.64,-2.4,25.905
Richmond_Eucalyptus_saligna,1.6514463219024984,0.2099452533160074,4.64,12.074067328340226,26.629410880707322,-0.3064852503053325,True,-0.25,1520.75,24.7875,1.78,101.8,38.51895206,57,15.6166666666667,23.65,6.58,27.28175625,0.399,4.64,-1.5,26.325
Richmond_Eucalyptus_saligna,1.6398976689165772,0.1888649187648592,4.64,12.033772892173124,26.60345141846632,-0.3064852503053325,True,-0.25,1521.0,24.7325,1.56,101.8,38.29375725,57,15.683333333333302,26.75,7.455,28.472325,0.5285,4.64,-1.65,25.4375
Richmond_Eucalyptus_saligna,1.8721385447505996,0.07319242690437959,4.64,9.09508475214507,18.114823661281847,-0.6762325749014101,True,-0.65,1032.0,16.85,0.58975,102.2,39.19073681,77,9.58333333333333,16.6,1.445,27.9657,0.2595,4.64,-0.9,18.575
Richmond_Eucalyptus_saligna,1.8639732408277545,0.0697806565365907,4.64,9.131089639088014,18.28006285877438,-0.6762325749014101,True,-0.65,1030.0,17.0125,0.5529999999999999,102.2,39.09549131,77,9.68333333333333,16.95,1.7675,30.296175,0.34425,4.64,-1.3,18.795
Richmond_Eucalyptus_saligna,1.8647246328419629,0.07236370828833542,4.64,9.16612538918827,18.37952333508212,-0.6264838311828169,True,-0.6,1028.25,17.1175,0.57925,102.2,39.14260744,77,9.78333333333333,17.45,1.46,27.73771875,0.2675,4.64,-1.5,19.1025
Richmond_Eucalyptus_saligna,1.8536532755896968,0.07177409858385475,4.64,9.178428620405981,18.491662806047138,-0.6264838311828169,True,-0.6,1027.0,17.23,0.57225,102.2,38.97694106,77,9.86666666666667,20.55,1.56,26.62314375,0.29025,4.64,-0.7,19.29
Richmond_Eucalyptus_saligna,1.7572649319879503,0.16116795289385388,4.64,10.842006894589627,23.52525773408459,-0.6529676623656341,True,-0.6,1840.0,21.195,1.265,102.1,39.06433388,77,11.216666666666699,16.225,3.485,28.90295625,0.292,4.64,-2.15,24.42
Richmond_Eucalyptus_saligna,1.7405164461711744,0.1559166582668201,4.64,10.824477569308932,23.572238941693808,-0.6529676623656341,True,-0.6,1836.0,21.24,1.21,102.1,38.77783744,77,11.3,21.975,3.94,27.256425,0.34825,4.64,-2.3,24.45
Richmond_Eucalyptus_saligna,1.7344722692162255,0.1459368712364509,4.64,10.928047196487396,23.83582080162129,-0.6762325749014101,True,-0.65,1835.6,21.488000000000003,1.1,102.1,38.7843729,77,11.45,22.3,4.47,29.363984999999996,0.4434,4.64,-1.95,24.276
Richmond_Eucalyptus_saligna,1.754591850157336,0.1642770881897599,4.64,10.92723080433598,23.72998687408787,-0.7024651498028199,True,-0.65,1831.0,21.415,1.295,102.1,39.10663706,77,11.6333333333333,17.2,2.7475,25.35658125,0.22125,4.64,-1.45,25.1625
Richmond_Eucalyptus_saligna,1.733236046573024,0.1420830911470261,4.64,10.900485993375987,23.78009798750393,-0.7259813186200028,True,-0.7,1831.0,21.434,1.062,102.1,38.7369528,77,11.7,24.18,4.092,28.067025,0.4178,4.64,-2.4,24.324
Richmond_Eucalyptus_saligna,1.71786382093847,0.13868719903357465,4.64,10.914907645532546,23.890749394613355,-0.7259813186200028,True,-0.7,1826.75,21.545,1.025,102.1,38.50451325,77,11.833333333333302,26.475,4.505,28.269675,0.483,4.64,-2.25,24.4
Richmond_Eucalyptus_saligna,1.5129570989794243,0.2837308973927956,4.64,14.48275539164668,31.8442649645289,-0.7779439558600088,True,-0.7,1803.6,29.626,2.332,101.8,38.7106083,77,14.1166666666667,24.2,8.796,27.094305,0.4054,4.64,-2.5,29.678
Richmond_Eucalyptus_saligna,1.5395498911426515,0.329230146378255,4.64,14.577901047358676,31.888255259266874,-0.7779439558600088,True,-0.7,1803.0,29.7325,2.81,101.8,39.23152013,77,14.25,13.95,5.11,25.229925,0.18675,4.64,-2.5,31.235
Richmond_Eucalyptus_saligna,1.516353215772862,0.2951590964791855,4.64,14.534167716903152,31.91963456137981,-0.7779439558600088,True,-0.7,1803.4,29.716,2.45,101.8,38.8163916,77,14.316666666666698,22.04,8.06,26.648475,0.3492,4.64,-2.15,30.3
