site_spp,A(driv),A(std),A(std_gmin),A(pmax),A(pmax_gmin),E(driv),E(std),E(std_gmin),E(pmax),E(pmax_gmin),gs(driv),gs(std),gs(std_gmin),gs(pmax),gs(pmax_gmin),gb(driv),gb(std),gb(std_gmin),gb(pmax),gb(pmax_gmin),gmin(std_gmin),gmin(pmax_gmin),Ci(driv),Ci(std),Ci(std_gmin),Ci(pmax),Ci(pmax_gmin),Tleaf(driv),Tleaf(std),Tleaf(std_gmin),Tleaf(pmax),Tleaf(pmax_gmin),Pleaf(driv),Pleaf(std),Pleaf(std_gmin),Pleaf(pmax),Pleaf(pmax_gmin),k(pmax),k(pmax_gmin),Rublim(driv),Rublim(std),Rublim(std_gmin),Rublim(pmax),Rublim(pmax_gmin),PPFD,VPD,Patm,Tref,Ps,Tair,CO2,doy,hod,E,gs,gb,Pleaf,Tleaf
E_crebra_HW2,15.533163097163765,10.919872968775225,18.927252219289233,22.140311778429766,22.140311778429766,3.0986443245695603,1.7197996810880676,4.211641538596823,8.440494583237223,8.440494583237223,0.09697925,0.05201720272110219,0.13581293089030816,0.305489774337094,0.305489774337094,2.92139875,2.92139875,2.92139875,2.92139875,2.92139875,0.0015349147745885234,0.0015057175471390749,19.574481715266,11.935830669170473,22.69311364138171,33.04666341329679,33.04666341329679,25.29294962236609,25.66093958354713,25.005547345788816,23.992798479022284,23.992798479022284,-1.7223917925860848,-1.4602588382032025,-1.9262729793283264,-2.6835459586566524,-2.6835459586566524,5.367677861011623,5.367677861011623,False,True,False,False,False,1173.0,3.10358225,100.2925,29.225,-1.169,24.23,45.532795,306,12.07694444,3.00424525,0.09697925,2.92139875,-2.366,31.6075
E_crebra_HW2,6.131401569484763,6.5340418030588365,7.1931610382377045,8.926552344583364,8.926552344583364,1.3724471027700862,1.5269991094961102,2.183919553922419,10.422055474123514,10.422055474123514,0.05358725,0.06014986075646329,0.0889909993732789,0.6439330625131625,0.6439330625131625,2.9213815,2.9213815,2.9213815,2.9213815,2.9213815,0.002014557753237094,0.0019644131444158147,26.938277324331736,27.84432379277515,32.26289384167769,42.84389657666211,42.84389657666211,40.153642750592134,40.1155776315455,39.95855530326366,38.57823703400211,38.57823703400211,-0.6338259103603321,-0.6668010404118081,-0.7987015606177121,-2.2496072828826565,-2.2496072828826565,5.527904976693515,5.527904976693515,False,False,False,False,False,310.0,2.55984725,101.8575,35.6225,-0.40299999999999997,39.92,45.530302500000005,311,12.264375,1.37454875,0.05358725,2.9213815,-2.116,32.815
E_crebra_HW2,10.044130534628847,11.945271249487321,16.46848519772361,21.184736698191045,21.184736698191045,2.216113921030876,2.5735463222439634,5.092260031483368,11.880887257811716,11.880887257811716,0.0548795,0.06498847299356557,0.138838449064734,0.3987219031431181,0.3987219031431181,2.92187175,2.92187175,2.92187175,2.92187175,2.92187175,0.0019096295283211255,0.0018620559437425906,21.843683768319078,21.56945324490501,31.818111186645236,42.045148889266315,42.045148889266315,37.764579278129844,37.66953553441846,37.03881001748866,35.64318513795823,35.64318513795823,-1.103163872175501,-1.165857850871418,-1.6360626910907945,-2.8585952756611728,-2.8585952756611728,5.277122794389799,5.277122794389799,False,False,False,False,False,1049.25,3.7484835,101.765,35.355,-0.727,36.55,51.594854999999995,312,12.22104167,2.031698,0.0548795,2.92187175,-2.299,36.215
E_crebra_HW2,15.330978487911825,15.677706479576955,16.548403342928776,17.86392794104106,17.86392794104106,2.371069865984045,2.4217401604226856,3.2141996846688947,7.513213352000864,7.513213352000864,0.122316,0.12515978217669127,0.17191534799765504,0.4848831705602557,0.4848831705602557,2.9206585,2.9206585,2.9206585,2.9206585,2.9206585,0.0015296933923542072,0.0015037903140454932,28.881119160369504,28.878386101827182,33.40542449379152,42.65753506221749,42.65753506221749,25.057442521476194,25.044792431505137,24.850766653609014,23.92255099131341,23.92255099131341,-0.944772168056123,-0.944772168056123,-1.0742405274580071,-1.8510506838693108,-1.8510506838693108,5.611939552692556,5.611939552692556,False,False,False,False,False,604.0,1.97385175,100.265,28.55,-0.524,24.8,49.33038,306,11.645,2.371673,0.12231600000000001,2.9206585,-2.613,27.4975
E_crebra_HW2,10.295547996805716,11.677125233118131,12.72817689801384,16.32875540683413,16.32875540683413,2.2422846952880957,2.9988955133113877,4.2039073096600434,13.677287687284512,13.677287687284512,0.073837,0.10273829745701944,0.15176120838344614,0.7469596982826897,0.7469596982826897,2.92162,2.92162,2.92162,2.92162,2.92162,0.001997051298680534,0.0019395043249865762,33.52664777835753,37.58461527423411,42.32282531095646,52.01608067237272,52.01608067237272,39.95524216332488,39.76405808462094,39.476992414549066,37.87831384040961,37.87831384040961,-0.6380131184066569,-0.7733508245422092,-0.9763573837455376,-2.668078710439941,-2.668078710439941,5.374899208960601,5.374899208960601,False,False,False,False,False,702.75,2.8702520000000002,101.93,35.7325,-0.23199999999999998,39.22,56.367290000000004,311,11.66458333,2.061449,0.073837,2.92162,-2.3480000000000003,34.285
E_crebra_HW2,10.373549799062312,12.173469818391295,14.176229097873685,17.288816360197135,17.288816360197135,2.094937799608731,2.636975473738457,4.11345184877987,10.706780133776515,10.706780133776515,0.0671215,0.0864719486991836,0.1426383477578185,0.4759559147852793,0.4759559147852793,2.92148125,2.92148125,2.92148125,2.92148125,2.92148125,0.0018800038464541664,0.0018370901738080094,23.34765795983256,25.45555276091199,31.995862848793287,41.883970761302926,41.883970761302926,36.65352718759087,36.51740318316971,36.165135262026965,34.902826671915214,34.902826671915214,-0.9008219079531709,-0.9975915192131266,-1.2556438159063417,-2.4491356881124617,-2.4491356881124617,5.46460449649528,5.46460449649528,False,False,False,False,False,672.5,3.0529105,101.795,34.38,-0.546,36.09,48.556215,312,11.61069444,2.01221825,0.0671215,2.92148125,-2.301,33.275
E_crebra_HW2,15.139673152042274,17.052496122536247,18.323423187519854,19.81375346476445,19.81375346476445,2.1799295550088256,2.7857610189304904,3.8503072597336816,8.333051050231239,8.333051050231239,0.0932835,0.12181640666220513,0.17511747650316134,0.4476935690336467,0.4476935690336467,2.92134725,2.92134725,2.92134725,2.92134725,2.92134725,0.0015345459335960954,0.0015070661734678293,23.171215218917666,26.5978672687394,32.10691812284018,41.49961153142494,41.49961153142494,25.43608153773483,25.28237398783117,25.02109641096761,24.041902344595808,24.041902344595808,-0.9706663847383152,-1.066832980922894,-1.2591661732920516,-2.0605544748302083,-2.0605544748302083,5.5740160871728515,5.5740160871728515,False,False,False,False,False,722.0,2.31937375,100.275,29.405,-0.586,24.94,49.435575,306,11.79131944,2.1505330000000002,0.0932835,2.92134725,-2.14,29.2675
E_crebra_HW2,7.175403110046358,6.191760584107366,15.588752845076337,15.524040850242141,15.524040850242141,1.6930702405162252,1.2046483926638842,11.73422380612666,11.634675713861412,11.634675713861412,0.04233825,0.029943819570747824,0.42327188876157307,0.4189353560314732,0.4189353560314732,2.92219425,2.92219425,2.92219425,2.92219425,2.92219425,0.0019904435123184747,0.001991237223754668,26.41443978991456,20.430482394024807,47.362059358368036,47.19669360561578,47.19669360561578,41.486253226710296,41.62137753198585,39.30557607549754,39.32212161861558,39.32212161861558,-1.145892004032348,-1.0535244028226436,-2.9624548278232012,-2.9316656274199677,-2.9316656274199677,5.234291972327288,5.234291972327288,False,True,False,False,False,986.0,3.540786,101.9175,36.2375,-0.838,40.09,53.914357499999994,311,11.80805556,1.485965,0.04233825,2.92219425,-1.476,36.47
E_crebra_HW2,8.55060320491366,9.028334022305831,13.807113527486624,19.533507069789213,19.533507069789213,2.5071542969977463,2.4141533923592817,5.122149438516521,12.872678958351425,12.872678958351425,0.058491,0.05688074945556425,0.13150967643832384,0.4160862642666915,0.4160862642666915,2.92178675,2.92178675,2.92178675,2.92178675,2.92178675,0.0019311540472501012,0.0018755620160405074,21.682908864782075,19.685320076003052,27.96409321815548,37.03862036051415,37.03862036051415,38.40588764465283,38.43057987719853,37.71389895758783,36.039580010075,36.039580010075,-1.0989231775045838,-1.0672143791113993,-1.5428463550091678,-2.9697422827024735,-2.9697422827024735,5.210742692545856,5.210742692545856,True,True,False,False,False,1383.5,3.7787879999999996,101.8025,34.6325,-0.655,36.58,45.505717499999996,312,11.74777778,2.218121,0.058490999999999994,2.92178675,-2.4,35.655
E_crebra_HW2,6.703009146268728,15.17182951102056,18.93927424174805,21.820358336560243,21.820358336560243,0.8249927778051742,2.1466295679548706,3.6464921499278704,8.261866166932194,8.261866166932194,0.0311705,0.08486093962283886,0.1517365961654619,0.4077722389515783,0.4077722389515783,2.92066525,2.92066525,2.92066525,2.92066525,2.92066525,0.0015557036538835813,0.0015233934298753314,14.660191822436467,19.951546523724534,28.28551643274696,39.353570983154,39.353570983154,26.493676043466508,26.125895285921125,25.727929883660565,24.632920594141112,24.632920594141112,-1.028016353774968,-1.2422392490599232,-1.5176686858548658,-2.3439569962396933,-2.3439569962396933,5.499994321810466,5.499994321810466,True,False,False,False,False,1111.75,2.34838125,100.2775,25.8475,-0.875,24.81,48.835142499999996,306,11.32652778,0.7290705,0.031170499999999997,2.92066525,-1.9,28.2125
E_crebra_HW2,3.3235591720031614,13.77844248736372,17.171844230307848,21.290070409620636,21.290070409620636,0.696753633761875,3.8437843321849967,6.530213628059312,13.07177580679916,13.07177580679916,0.01450525,0.08759171630311037,0.15949238099349275,0.3786136035982663,0.3786136035982663,2.9219075,2.9219075,2.9219075,2.9219075,2.9219075,0.0018717926666722165,0.0018266034604717055,15.359608623023718,26.27338006534421,34.1087384227185,42.12288562554353,42.12288562554353,37.44722358326073,36.600872203020096,35.94387843323539,34.5888384137148,34.5888384137148,-0.6279909724672106,-1.1804526054528557,-1.6354210090880927,-2.8378375044097908,-2.8378375044097908,5.28873550490144,5.28873550490144,True,False,False,False,False,1242.75,4.27305225,101.9375,33.6825,-0.498,35.53,52.192,311,11.38888889,0.607394,0.01450525,2.9219075,-2.375,37.7
E_crebra_HW2,4.744879147150316,3.350368395160458,13.886592238370408,20.425692040859253,20.425692040859253,1.0374553368559034,0.6278579642380279,4.153289866767245,11.027054116817537,11.027054116817537,0.0220745,0.013307373522763984,0.09721646686601153,0.3152405727017619,0.3152405727017619,2.921603,2.921603,2.921603,2.921603,2.921603,0.0018899716724888797,0.0018319580662384317,17.52623752627234,11.686084467135386,28.633505909317748,40.76389274594587,40.76389274594587,37.36115214367306,37.48463246375599,36.46051294188876,34.74938808606246,34.74938808606246,-1.3447251521681525,-1.2864834347787684,-1.8980214673673024,-3.1793392499337547,-3.1793392499337547,5.065328844898383,5.065328844898383,True,True,False,False,False,1883.0,3.75990625,101.8125,32.4775,-1.17,34.13,52.128,312,11.34291667,0.79152,0.0220745,2.9216029999999997,-2.63,34.975
E_crebra_HW2,14.671843449288321,16.088958804775757,17.23365068929715,19.015487649251206,19.015487649251206,2.9655616930992617,3.604119966786108,4.7560715004070495,9.28271018751014,9.28271018751014,0.11819849999999997,0.14724979444184536,0.2033557813889317,0.4724826842183917,0.4724826842183917,2.92083225,2.92083225,2.92083225,2.92083225,2.92083225,0.0016768245122049388,0.0016492625180002452,24.101313118106805,26.38093361667435,30.19747411222228,37.08443786296364,37.08443786296364,30.320407710677557,30.16565383145369,29.898179076274122,28.98719797422918,28.98719797422918,-0.9554312265522596,-1.0539495815308082,-1.2838257431474216,-2.071972582975811,-2.071972582975811,5.571573897420246,5.571573897420246,False,False,False,False,False,698.75,2.53781725,100.3425,31.615,-0.43,30.01,44.351385,306,12.69986111,2.897853,0.11819849999999998,2.92083225,-2.262,31.145
E_crebra_HW2,9.853848994029685,11.709825886766676,19.982503125015615,18.786272065480162,18.786272065480162,2.608532369658753,3.2475842917405786,15.811450373972116,13.179842574816774,13.179842574816774,0.0619706,0.07948671071249569,0.5766334252145008,0.4415943496892127,0.4415943496892127,2.9218572,2.9218572,2.9218572,2.9218572,2.9218572,0.0019562738540099653,0.0019728569838879874,26.006716380560164,27.760774175403718,45.62514957452565,44.17134937626254,44.17134937626254,40.961692292772334,40.79828323158932,38.441793238827294,38.813491240324176,38.813491240324176,-0.9092749362985536,-1.0074767083625296,-3.331585313876624,-2.8078425295354186,-2.8078425295354186,5.30509109857129,5.30509109857129,False,False,False,False,False,918.8,3.9756896,101.84,37.766,-0.451,40.02,51.9384,311,12.68261111,2.3040276,0.0619706,2.9218572,-2.255,37.638000000000005
E_crebra_HW2,15.3103133598605,14.852912200340327,21.89435336688108,26.725561542237077,26.725561542237077,4.41550308673812,3.8439733124623547,7.8194964263909235,12.836953704585751,12.836953704585751,0.10104475,0.08693999389522357,0.1983601781183664,0.3746567682737502,0.3746567682737502,2.9221115,2.9221115,2.9221115,2.9221115,2.9221115,0.001926975469029957,0.001891395789665091,23.20472786106609,20.096538453616727,29.338627267984386,35.4236988849424,35.4236988849424,38.41983804971615,38.571891887000334,37.56969928081657,36.50067266999395,36.50067266999395,-1.4608355377190612,-1.3343018516840115,-2.0618705463855482,-2.9792397701396585,-2.9792397701396585,5.2047350413295606,5.2047350413295606,False,False,False,False,False,1574.25,4.016118,101.7175,37.865,-0.67,36.75,48.1123775,312,12.61972222,4.00406225,0.10104475,2.9221115,-2.27,37.6925
E_fibrosa_HW2,2.7098858878358403,10.101767382864029,11.760122358614115,13.928736956434893,13.928736956434893,0.3431621943099397,1.6513491453386162,2.5820710177871136,9.491044232134945,9.491044232134945,0.01328325,0.0671084890146069,0.10871868667685787,0.5197610966409267,0.5197610966409267,2.92179575,2.92179575,2.92179575,2.92179575,2.92179575,0.0016446866539362981,0.0016041497520201226,12.585863012436874,20.66387458485013,27.262578559797333,39.940258527382774,39.940258527382774,29.39954807966629,29.065821027856398,28.840447801374822,27.466019513401562,27.466019513401562,-0.8179119455064509,-1.080103754779029,-1.2673836185451564,-2.653254610414498,-2.653254610414498,4.88076983682893,4.88076983682893,False,False,False,False,False,426.75,2.5118985,100.33,30.715,-0.743,29.01,44.84751,306,12.56944444,0.33650775,0.01328325,2.92179575,-1.9509999999999998,30.205
E_fibrosa_HW2,2.6601148864927566,3.4134098512200435,4.446808631866193,5.2973315905921545,5.2973315905921545,0.5124455169251739,0.6961221517523472,1.42001472451507,9.173314389477532,9.173314389477532,0.013455000000000002,0.01839233405444371,0.03835044250706288,0.32006115541081964,0.32006115541081964,2.9218416,2.9218416,2.9218416,2.9218416,2.9218416,0.0020060911958419557,0.001952616955328177,20.201785804306574,22.10382936245386,33.1869116225699,48.99551416328025,48.99551416328025,39.92628852245423,39.881423484917995,39.70870223311756,38.247884148370375,38.247884148370375,-0.8189257072043999,-0.8565676096058666,-1.007135219211733,-2.5504532176718664,-2.5504532176718664,4.899111290449053,4.899111290449053,False,False,False,False,False,164.0,3.9337164,101.838,37.28,-0.706,40.02,51.93738,311,12.62561111,0.5341798000000001,0.013455000000000002,2.9218416,-2.4,37.214
E_fibrosa_HW2,5.2729203520473495,9.78669485920271,13.00318910717708,15.454574855149202,15.454574855149202,1.0264381297662422,2.086333582734422,4.061218904752863,10.494053700449324,10.494053700449324,0.0252866,0.05303348857146165,0.10945694963545884,0.33944631722541785,0.33944631722541785,2.9220386,2.9220386,2.9220386,2.9220386,2.9220386,0.0018836534098155837,0.0018423392359925227,14.562522992537104,18.180716888772558,28.542315124307475,40.060428999954794,40.060428999954794,37.0117410801209,36.74972050756932,36.29180647608451,35.05931916602654,35.05931916602654,-1.0230172435545286,-1.2088649465166361,-1.6177298930332715,-2.9186638137680223,-2.9186638137680223,4.821867092556417,4.821867092556417,False,False,False,False,False,469.8,4.0742502,101.728,37.508,-0.8,36.75,48.117344,312,12.56183333,1.0746066,0.0252866,2.9220386,-2.448,37.836
E_fibrosa_HW2,10.008199771238065,11.231657425537168,11.750627037741491,12.807978172961919,12.807978172961919,1.341872559900826,1.9091385542047088,2.501919587099115,7.967055061751431,7.967055061751431,0.065446,0.09523293407074944,0.12787003246146236,0.5090422810151481,0.5090422810151481,2.9214315,2.9214315,2.9214315,2.9214315,2.9214315,0.0015196272239066965,0.0014889667508468628,24.7916415205059,30.244545958984574,34.32145701100702,44.729654604083954,44.729654604083954,24.78996085579911,24.65016552271856,24.50801823089779,23.379204744648717,23.379204744648717,-0.7205686936946887,-0.8373838481352696,-0.9541990025758504,-2.0444737773546056,-2.0444737773546056,4.960549823660745,4.960549823660745,False,False,False,False,False,363.5,2.103822,100.2675,28.735,-0.44799999999999995,24.8,49.33161,306,11.68555556,1.39183275,0.065446,2.9214314999999997,-2.35,27.9725
E_fibrosa_HW2,6.547761980888146,10.126467273789931,12.472015178578928,17.108448421805846,17.108448421805846,1.1859237840009975,2.1694422551097534,3.853398727019597,13.2737970866056,13.2737970866056,0.03119525,0.059523716405422575,0.1123372997422573,0.5419961392490601,0.5419961392490601,2.9216175,2.9216175,2.9216175,2.9216175,2.9216175,0.002003266144060017,0.0019403786867402558,22.448531243203398,28.59834626883105,37.974270485604976,50.42188592728339,50.42188592728339,40.344927414678544,40.08303903506231,39.66207673620005,37.90303475329803,37.90303475329803,-0.782494630489202,-0.9745734892302036,-1.3203154349640065,-3.241104022374023,-3.241104022374023,4.7240375472951985,4.7240375472951985,True,False,False,False,False,802.0,3.46531275,101.9325,35.8375,-0.552,39.22,56.368672499999995,311,11.69152778,1.096892,0.03119525,2.9216175,-2.316,36.0375
E_fibrosa_HW2,4.459551810234639,8.398616219870192,13.623763522851204,19.609478614741324,19.609478614741324,0.9651212917559839,1.879173500081616,4.325035130352582,12.741051438720742,12.741051438720742,0.0233355,0.047237332750179516,0.11738885344474215,0.4503864222047823,0.4503864222047823,2.9213465,2.9213465,2.9213465,2.9213465,2.9213465,0.001917974606137509,0.001858760928287724,15.958997324289253,17.798096727349535,27.453258886082352,38.78660844358203,38.78660844358203,38.198292082403825,37.94323388001147,37.302625578033336,35.546042196686074,35.546042196686074,-1.0092446878867305,-1.1944893757734607,-1.6761255642789594,-3.417425630414224,-3.417425630414224,4.65637289489351,4.65637289489351,True,True,False,False,False,1136.25,3.62063575,101.79,34.4,-0.8240000000000001,36.44,46.72161,312,11.64326389,0.93517325,0.0233355,2.9213465,-2.09,34.6775
E_fibrosa_HW2,7.8005197138001465,9.179623155613957,10.209902512812702,11.973589967538027,11.973589967538027,0.8868472723469707,1.1924656957405193,1.755432538416357,9.926041174622352,9.926041174622352,0.045546333,0.06203910294230783,0.09356633066728276,0.7636491513126877,0.7636491513126877,2.920826833,2.920826833,2.920826833,2.920826833,2.920826833,0.0015251948588212855,0.0014811655056960694,21.50349208258832,25.108066958231724,31.176564138259486,45.75304513248564,45.75304513248564,24.916857892927126,24.83955633876897,24.700162955399094,23.091079632933248,23.091079632933248,-0.8825110195450219,-0.920213223454026,-1.033319835181039,-2.6922168071772306,-2.6922168071772306,4.873202082509691,4.873202082509691,False,False,False,False,False,352.6666667,1.9622161669999998,100.2616667,25.44,-0.6940000000000001,24.81,48.82743167,306,11.29796296,0.9018815,0.045546333,2.920826833,-2.164,26.3
E_fibrosa_HW2,7.011085208472117,9.28696572503664,12.750629936777788,15.710636590606954,15.710636590606954,1.1153403358730558,1.500993264862638,3.1030403134471545,9.841589767071518,9.841589767071518,0.033638,0.04593139685421648,0.10044321041252056,0.4024377731390305,0.4024377731390305,2.921585,2.921585,2.921585,2.921585,2.921585,0.0018572786500017345,0.0018128880899095285,18.497774247330845,19.378341559379407,31.271889408292974,45.14631326768219,45.14631326768219,35.9910300910623,35.89261828208897,35.50244049900305,34.17544756203587,34.17544756203587,-1.0976956355143277,-1.1712608473524369,-1.5023043006239285,-2.8632607196289483,-2.8632607196289483,4.835644700464746,4.835644700464746,False,False,False,False,False,529.5,3.2663005000000003,101.9375,34.1125,-0.877,35.53,52.192,311,11.41291667,1.0997385,0.033638,2.921585,-2.636,34.88
E_fibrosa_HW2,9.05214600336532,9.481681185429721,15.935605538979983,20.997075950578157,20.997075950578157,1.555418529836957,1.48078743150272,3.723971510430956,10.524812031963727,10.524812031963727,0.04600175,0.04401676236454915,0.1196917293626257,0.4317335653372997,0.4317335653372997,2.92114375,2.92114375,2.92114375,2.92114375,2.92114375,0.0018417713313361578,0.0017925418902768686,20.218454263370944,17.144345815562147,30.02086123874073,43.31752046327197,43.31752046327197,35.62050275093621,35.6409085341742,35.042632997551664,33.55640170551402,33.55640170551402,-1.3254806392011396,-1.2893161237343462,-1.7594548248026591,-3.1337064125408043,-3.1337064125408043,4.760152572855257,4.760152572855257,True,True,False,False,False,1076.25,3.0194259999999997,101.81,32.745,-1.0,34.13,52.12672,312,11.36673611,1.3649434999999999,0.04600175,2.92114375,-2.29,32.73
E_fibrosa_HW2,7.980241201791848,9.118638239601301,9.584948074122153,10.812741980348155,10.812741980348155,1.1263303746635211,1.6395821671184938,2.1403279390244756,10.643291267990973,10.643291267990973,0.055901,0.08312844242932657,0.11086671454464947,0.8005688453658186,0.8005688453658186,2.92093675,2.92093675,2.92093675,2.92093675,2.92093675,0.001549017001526525,0.0015048959061164926,22.781233920847765,27.936392712676113,31.57471009736825,42.955135896412756,42.955135896412756,25.80423314598371,25.678262368238762,25.558494435942478,23.96286073281741,23.96286073281741,-0.6893891028510111,-0.7671854704680148,-0.8838800218935202,-2.5954001094676014,-2.5954001094676014,4.8913749145026575,4.8913749145026575,False,False,False,False,False,300.5,2.07259625,100.285,29.2525,-0.456,25.87,45.629675,306,12.13854167,1.1721555000000001,0.055901,2.92093675,-1.722,27.4375
E_fibrosa_HW2,2.9456041023558086,3.0570100397535604,3.2935300411786907,3.835432240806069,3.835432240806069,0.6780122293286192,0.7249429454094097,1.0096852986393343,11.587811329508819,11.587811329508819,0.0287675,0.030838842741758587,0.04364211604510779,0.8976124270058514,0.8976124270058514,2.922297,2.922297,2.922297,2.922297,2.922297,0.0020122406995124035,0.0019548617376913355,29.01751306842072,29.53441683600225,33.30740237042833,44.62389863640047,44.62389863640047,39.97905904519628,39.96750320541962,39.89832816431353,38.310902878255504,38.310902878255504,-0.4564734458978673,-0.4959645945304897,-0.5354557431631122,-2.667977769324724,-2.667977769324724,4.877951138306122,4.877951138306122,False,False,False,False,False,130.0,2.40054025,101.86,35.655,-0.33799999999999997,39.92,45.531420000000004,311,12.23354167,0.695457,0.0287675,2.922297,-1.946,32.33
E_fibrosa_HW2,9.468518352622581,9.604270879960124,15.414917762506398,21.4337286992148,21.4337286992148,2.3699229390982675,2.1503268123818566,4.9581113699437465,12.756891867389625,12.756891867389625,0.05594325,0.05113755104810765,0.12827711862727606,0.416678744752337,0.416678744752337,2.92130925,2.92130925,2.92130925,2.92130925,2.92130925,0.0019255256420846953,0.0018697282375610335,21.71556921964778,18.64644943872437,29.225769609701697,39.98406756508947,39.98406756508947,38.20952794988445,38.268909110670855,37.5312824335971,35.868713566532115,35.868713566532115,-1.2981588015708254,-1.261069662988454,-1.8174067417240216,-3.412239700765983,-3.412239700765983,4.658518531201613,4.658518531201613,True,True,False,False,False,1286.25,3.787156,101.7575,35.2825,-0.816,36.55,49.25063,312,12.19236111,2.03266,0.05594325,2.92130925,-2.211,35.71
E_fibrosa_HW2,5.6684385005095175,17.142744783628256,19.918359330055413,22.71764766846077,22.71764766846077,0.9304190197405698,3.6036513327904154,5.408045277050227,11.255211612640341,11.255211612640341,0.0282735,0.11849961603830547,0.1877081229004328,0.4685095775241202,0.4685095775241202,2.92164075,2.92164075,2.92164075,2.92164075,2.92164075,0.0016064100190219832,0.0015676878029343836,12.991541334741804,21.220821574992254,27.17516400372906,36.10536091993683,36.10536091993683,28.67671666720611,27.95346494219907,27.49833852284633,26.204947028799683,26.204947028799683,-0.8522899140173835,-1.3823016732660576,-1.7608815013008248,-2.9344789682086025,-2.9344789682086025,4.817781333147002,4.817781333147002,True,False,False,False,False,1196.25,2.9410905,100.29,29.2275,-0.6629999999999999,26.91,44.82963,306,12.21736111,0.83077475,0.0282735,2.92164075,-0.9890000000000001,31.22
E_fibrosa_HW2,2.4499063547982844,-0.09794084770763856,3.805887208987588,3.895267725847244,3.895267725847244,0.4766038586980849,1e-17,2.6585827561969366,3.9139558654343514,3.9139558654343514,0.01661775,1e-17,0.10297640913799344,0.15953658290087347,0.15953658290087347,2.9213240000000003,2.9213240000000003,2.9213240000000003,2.9213240000000003,2.9213240000000003,0.002014167985457962,0.002006320639232898,23.368146572079137,6.9405629124008215,40.97262446486383,42.93447826649871,42.93447826649871,40.49209250908496,40.612515594636406,39.98986263177577,39.73602499721281,39.73602499721281,-2.67649354640038,-2.592,-3.155290309335866,-3.408770948537005,-3.408770948537005,4.659948300880641,4.659948300880641,False,True,False,False,False,134.25,2.9168865000000004,101.865,35.8075,-2.592,40.44,47.06163,311,12.155625,0.49219075,0.01661775,2.9213240000000003,-3.033,33.845
E_fibrosa_HW2,5.835262591624716,0.9709240068489868,11.959177167656287,17.608930923330114,17.608930923330114,1.168847297591419,0.1530121565231144,2.9263858461885186,9.83522610289798,9.83522610289798,0.032639499999999995,0.0041401447220116025,0.08724995047628642,0.37247817931586896,0.37247817931586896,2.922464,2.922464,2.922464,2.922464,2.922464,0.0019153755015079573,0.001865856297504549,15.825382140743127,7.128484073707918,22.17308537101421,36.254430673321814,36.254430673321814,37.65254478438445,37.93022354056507,37.199655807624005,35.755013115615135,35.755013115615135,-1.7355636685690603,-1.5336519526527232,-2.07208319509629,-3.5191171591633768,-3.5191171591633768,4.612312525851069,4.612312525851069,True,True,False,False,False,751.5,3.35071,101.76,35.46,-1.5,36.71,44.67264,312,12.09972222,1.0924365,0.032639499999999995,2.9224639999999997,-2.83,33.965
E_moluccana_HW2,9999.0,9999.0,9999.0,9999.0,9999.0,9999.0,9999.0,9999.0,9999.0,9999.0,-0.030026,9999.0,9999.0,9999.0,9999.0,9999.0,9999.0,9999.0,9999.0,9999.0,,9999.0,9999.0,9999.0,9999.0,9999.0,9999.0,9999.0,9999.0,9999.0,9999.0,9999.0,9999.0,9999.0,9999.0,9999.0,9999.0,9999.0,9999.0,False,0.0,0.0,9999.0,9999.0,704.0,2.67310075,100.26,26.4825,,25.18,46.1196,306,11.37555556,-0.84421775,-0.030026,2.92188275,,29.5525
E_moluccana_HW2,3.1109225726462637,9999.0,9999.0,9999.0,9999.0,0.3965285297123083,9999.0,9999.0,9999.0,9999.0,0.01544,9999.0,9999.0,9999.0,9999.0,2.9212135,9999.0,9999.0,9999.0,9999.0,,9999.0,22.653799106511787,9999.0,9999.0,9999.0,9999.0,35.392082709231865,9999.0,9999.0,9999.0,9999.0,-8.633293781699662,9999.0,9999.0,9999.0,9999.0,9999.0,9999.0,False,0.0,0.0,9999.0,9999.0,172.25,2.634388,101.94,32.645,,35.4,55.0476,311,11.30861111,0.36635650000000003,0.01544,2.9212135,,32.58
E_moluccana_HW2,7.2239629597930035,9999.0,9999.0,9999.0,9999.0,0.901111107053547,9999.0,9999.0,9999.0,9999.0,0.03244325,9999.0,9999.0,9999.0,9999.0,2.92102125,9999.0,9999.0,9999.0,9999.0,,9999.0,18.325077028685197,9999.0,9999.0,9999.0,9999.0,33.56095594215034,9999.0,9999.0,9999.0,9999.0,-8.633293781699662,9999.0,9999.0,9999.0,9999.0,9999.0,9999.0,False,0.0,0.0,9999.0,9999.0,546.75,2.691837,101.8,31.915,,32.99,54.2594,312,11.28409722,0.8797905,0.03244325,2.92102125,,31.3875
E_moluccana_HW2,0.8681256569944586,10.743534526243119,15.952341056507626,18.72231396333308,18.72231396333308,0.2059051128060568,2.4302418771869574,5.095820645673826,9.69949589285965,9.69949589285965,0.0046135,0.05727154076442096,0.12756041923162104,0.2689581270444682,0.2689581270444682,2.921126,2.921126,2.921126,2.921126,2.921126,0.0016673709603129926,0.0016377931544225386,14.665592804635185,14.28648971529619,23.912175314636432,32.46093270994165,32.46093270994165,30.811772350255733,30.23800114514161,29.5965530474237,28.604438457144546,28.604438457144546,-0.9587602702597974,-1.4238835133773649,-1.9277670267547296,-2.8967737832496625,-2.8967737832496625,4.7103599856802925,4.7103599856802925,True,False,False,False,False,737.0,4.2853645,100.335,31.37,-0.92,30.01,44.34807,306,12.66222222,0.200272,0.0046134999999999995,2.9211259999999997,-1.021,36.3475
E_moluccana_HW2,0.4488591018404273,-0.11432858364843425,12.205669816028767,12.097439945461929,12.097439945461929,0.12946042130516935,1e-17,4.026147842812982,3.9996503566939263,3.9996503566939263,0.00218725,1e-17,0.07489205378449165,0.07397714302246855,0.07397714302246855,2.92162075,2.92162075,2.92162075,2.92162075,2.92162075,0.002010564328182657,0.0020134080188369888,19.10263123683079,6.235782176475889,25.119809457073924,25.169059729010353,25.169059729010353,40.892801507293576,40.92715592194675,39.92329662581725,39.92943609124917,39.92943609124917,-4.0859663004105515,-4.063,-5.165382419706451,-5.165382419706451,-5.165382419706451,3.1099095321763808,3.1099095321763808,True,True,False,False,False,715.0,5.680103,101.8225,38.065,-4.063,40.02,51.929475,311,12.70625,0.12397675,0.00218725,2.92162075,-2.249,42.0375
E_moluccana_HW2,2.538854976978982,-0.1800630699408663,15.06496120658571,17.098954992736914,17.098954992736914,0.7023773355579945,1e-17,5.1638044763808,7.03473576582837,7.03473576582837,0.01234075,1e-17,0.0994296167446845,0.14059473646150886,0.14059473646150886,2.92172775,2.92172775,2.92172775,2.92172775,2.92172775,0.00185381718652646,0.001840297551139556,12.39109747615958,4.9886440098720435,20.480246063629266,25.122181534495567,25.122181534495567,36.476745928256676,36.65823879803291,35.40595594574562,34.99850260770288,34.99850260770288,-2.6921229593391875,-2.539,-3.672109899109988,-4.100854185259713,-4.100854185259713,4.062850262985792,4.062850262985792,False,True,False,False,False,639.5,5.6810694999999996,101.7125,37.9775,-2.539,36.08,45.363775,312,12.64159722,0.67490175,0.01234075,2.92172775,-2.085,42.0
E_moluccana_HW2,4.482497985797998,13.363126383928213,15.560552538549974,17.034987595144475,17.034987595144475,0.8806207843092557,3.267802372077836,5.111343260658059,9.0723383852185,9.0723383852185,0.02086825,0.0810991684285686,0.13159063033947524,0.2518691738880727,0.2518691738880727,2.9211515,2.9211515,2.9211515,2.9211515,2.9211515,0.0014892136707732526,0.0014661534001502894,11.500564585432258,18.96681345973209,26.192009731935173,34.05117919277678,34.05117919277678,24.45861112923398,23.858913206886438,23.41762823755445,22.532339058279327,22.532339058279327,-0.8565234930994907,-1.335093972397963,-1.7339027051466898,-2.5315201706441437,-2.5315201706441437,4.819331354819721,4.819331354819721,True,False,False,False,False,600.25,4.22017775,100.2875,29.0325,-0.6970000000000001,24.23,45.530525,306,12.05048611,0.8843700000000001,0.02086825,2.9211515,-1.3,35.245
E_moluccana_HW2,2.8564903707078573,-0.08239972053243982,8.321578723975247,13.393006937978196,13.393006937978196,0.589090612222746,1e-17,2.265577715026281,8.292886740449473,8.292886740449473,0.01313725,1e-17,0.05402907143092838,0.2401411386849533,0.2401411386849533,2.92175975,2.92175975,2.92175975,2.92175975,2.92175975,0.016764045786262585,0.002008508887294423,17.645302344893434,7.474277602788674,27.430863026103893,42.95816140915987,42.95816140915987,41.69130547918557,41.862218412601436,41.224002799547186,39.79581402081352,39.79581402081352,-2.036322488074365,-1.901,-2.3746287082602784,-3.660192344966746,-3.660192344966746,4.355208179038589,4.355208179038589,True,True,False,False,False,1068.25,3.83565725,101.86,35.6875,-1.901,39.87,52.55976,311,12.29798611,0.50206475,0.01313725,2.92175975,-1.962,36.53
E_moluccana_HW2,2.9889544746835752,-0.100046836371964,11.899842155093145,14.575207060767365,14.575207060767365,0.8709798622774882,1e-17,4.446582621585106,6.3816247783361195,6.3816247783361195,0.013396000000000002,1e-17,0.07434411229579609,0.111591299080849,0.111591299080849,2.92185325,2.92185325,2.92185325,2.92185325,2.92185325,0.0019805037166525158,0.001961903594119516,15.793462885894671,6.926842304303079,25.4397131487282,29.921294242112012,29.921294242112012,40.03620237486921,40.2948426129779,39.022742631628354,38.50812337905138,38.50812337905138,-3.311040484783405,-3.117,-4.1426425624265715,-4.6416038090124685,-4.6416038090124685,3.6176247675381537,3.6176247675381537,True,True,False,False,False,2071.0,5.36200375,101.7475,35.535,-3.117,36.55,51.5859825,312,12.25354167,0.70796875,0.013396000000000002,2.92185325,-1.546,40.1625
E_moluccana_HW2,3.829841704078235,4.997318147522321,5.636664560834545,6.8140710234335256,6.8140710234335256,0.5005635066750453,0.7854748907835761,1.1791899627194011,8.537057138238774,8.537057138238774,0.02307775,0.036653647993387065,0.055971239632644935,0.558350156381751,0.558350156381751,2.9212905,2.9212905,2.9212905,2.9212905,2.9212905,0.0016420624604168595,0.001600133054415845,18.52831238102567,23.140097372328164,28.723717294700656,42.566406684954565,42.566406684954565,28.919015724375186,28.84836003844693,28.752545867375265,27.328510710771713,27.328510710771713,-0.7411235555949715,-0.8212471111899429,-0.9013706667849144,-2.3836564452918867,-2.3836564452918867,4.853885044160898,4.853885044160898,False,False,False,False,False,197.25,2.21463175,100.3275,30.6075,-0.6609999999999999,29.01,44.8463925,306,12.54416667,0.5118835,0.02307775,2.9212905,-0.937,28.96
E_moluccana_HW2,1.0861875664833305,-0.12471767333287985,3.788707275375341,5.005636137846961,5.005636137846961,0.2168439432010616,1e-17,0.9603591526061604,3.0431545147977412,3.0431545147977412,0.00539575,1e-17,0.02447558247389437,0.08273084145120202,0.08273084145120202,2.9214285,2.9214285,2.9214285,2.9214285,2.9214285,0.00198807288771957,0.0019711489150644177,16.543017255894874,6.081908916795503,23.85199056888077,38.818282066954886,38.818282066954886,39.42123646993153,39.47537460503674,39.239816219924116,38.76598399900137,38.76598399900137,-3.089284359615072,-3.033,-3.229995258652752,-3.708412315380864,-3.708412315380864,4.326409109795828,4.326409109795828,False,True,False,False,False,169.25,4.12658725,101.835,37.0975,-3.033,39.49,48.778965,311,12.60013889,0.22558275,0.00539575,2.9214285,-2.9130000000000003,37.725
E_moluccana_HW2,6.220895872876425,6.597295188105606,16.733329431822774,20.3002541346834,20.3002541346834,1.5176193601236831,1.4409778127160962,5.687050217909371,10.691938556245802,10.691938556245802,0.02940875,0.027937962936745008,0.1214226852069134,0.2557133014896118,0.2557133014896118,2.92226775,2.92226775,2.92226775,2.92226775,2.92226775,0.0018848591668330066,0.001850126262983689,14.542900897461735,10.56798555803667,25.84830750223157,34.9176328731748,34.9176328731748,37.30077298739892,37.3203064274901,36.30680957311378,35.290657632799174,35.290657632799174,-1.470991709817072,-1.470991709817072,-2.3334678755411544,-3.383438859900905,-3.383438859900905,4.505473743269352,4.505473743269352,True,True,False,False,False,741.75,5.11589075,101.7225,37.265,-1.171,36.77,48.623355,312,12.53013889,1.4189530000000001,0.02940875,2.92226775,-2.39,40.7675
E_moluccana_HW2,3.5629206205122212,-0.13759656637660345,13.443470050180702,16.355581919065973,16.355581919065973,0.4689005986243177,1e-17,2.268843383130933,4.7945111720940945,4.7945111720940945,0.01508825,1e-17,0.0767162866118871,0.1737850544105738,0.1737850544105738,2.9208255000000003,2.9208255000000003,2.9208255000000003,2.9208255000000003,2.9208255000000003,0.0015332217138899495,0.001516425326237174,12.091929752155886,4.43693785779337,21.215384441165817,33.8223820378892,33.8223820378892,25.447661345902162,25.572142114909038,24.986022073311247,24.38146595819673,24.38146595819673,-2.7667933735934622,-2.677,-3.1558979924984656,-3.724589358590393,-3.724589358590393,4.316571802434889,4.316571802434889,True,True,False,False,False,576.25,3.034573,100.265,28.875,-2.677,24.94,49.430645,306,11.71777778,0.43392700000000006,0.01508825,2.9208255000000003,-2.8989999999999996,31.3825
E_moluccana_HW2,6.73907582538777,6.9951668689261925,9.891634455463775,13.028275135477367,13.028275135477367,1.032733037120478,0.9883679051268616,2.218075148529481,10.643675341861668,10.643675341861668,0.034015,0.032561939782578715,0.07711123630792208,0.5333558095312763,0.5333558095312763,2.9218315,2.9218315,2.9218315,2.9218315,2.9218315,0.0020028122278383824,0.0019470064068868387,23.71777454319052,21.01855986258932,34.74114310421998,51.14534098194604,51.14534098194604,39.93421349353752,39.945741842766616,39.636156114852064,38.090059464646785,38.090059464646785,-1.0913792407462228,-1.0913792407462228,-1.32463432964169,-3.074047496357694,-3.074047496357694,4.64410480534729,4.64410480534729,False,False,False,False,False,458.0,2.9127355,101.9125,35.94,-0.897,39.39,55.7461375,311,11.72180556,0.9727024999999999,0.034015,2.9218314999999997,-3.18,34.31
E_moluccana_HW2,5.840013785240946,-0.11248846083121043,10.098394333698453,13.098078204159822,13.098078204159822,1.2358714727170843,1e-17,2.329452602775017,3.865252456112259,3.865252456112259,0.032729,1e-17,0.06501639339571191,0.11341971161159806,0.11341971161159806,2.92095075,2.92095075,2.92095075,2.92095075,2.92095075,0.0019434453137583793,0.0019315063199833267,17.90644893155513,6.7806060648251965,21.283873783591307,27.560467484239194,27.560467484239194,38.37369300887452,38.73775945546815,38.063713982602536,37.65166688001932,37.65166688001932,-4.418925190672338,-4.1,-4.715070010582366,-5.170677425828564,-5.170677425828564,3.1044786070085117,3.1044786070085117,True,True,False,False,False,1221.75,3.1929865,101.7875,34.405,-4.1,36.44,46.7204625,312,11.6725,1.05261825,0.032729,2.92095075,-3.286,33.63
E_sideroxylon_HW2,12.582000574536757,11.849175656270177,13.969825556199053,15.564503354177706,15.564503354177706,2.5154177534387734,2.03687423717726,3.2564221722536497,6.583621672363982,6.583621672363982,0.08828775,0.07051156930564695,0.11670109534358808,0.25882488591721264,0.25882488591721264,2.92089725,2.92089725,2.92089725,2.92089725,2.92089725,0.0015127068470200081,0.001492401519278357,22.40252488912823,18.417135844889184,25.931798767907075,35.19352356394546,35.19352356394546,24.43686364589839,24.55502003068954,24.257522149188624,23.50558347993494,23.50558347993494,-1.2401117975675051,-1.1659744215261807,-1.3636740909697125,-1.9320606406198664,-1.9320606406198664,5.815819899282594,5.815819899282594,False,False,False,False,False,503.25,2.97467975,100.28,29.6125,-0.82,24.6,45.426840000000006,306,11.85548611,2.5066580000000003,0.08828775,2.92089725,-1.989,31.4075
E_sideroxylon_HW2,6.376165308502612,6.237180035798515,7.831691392960848,9.856645492531507,9.856645492531507,1.1612464057321283,1.0190313817375756,1.948066758026412,8.62045309430814,8.62045309430814,0.0404545,0.03530825013706231,0.07029558019383686,0.42482325293380396,0.42482325293380396,2.92187775,2.92187775,2.92187775,2.92187775,2.92187775,0.01566890387948008,0.001995551821082552,27.16167921708671,24.117699027757354,34.464285651887195,48.45006601175734,48.45006601175734,40.88562961983286,40.92166890092582,40.692204851819156,39.44083759224818,39.44083759224818,-0.9236393679359942,-0.8984344469439949,-1.0496639728959904,-2.183885417535958,-2.183885417535958,5.709516800303644,5.709516800303644,False,False,False,False,False,336.5,2.82818475,101.91,36.5475,-0.722,40.56,52.68747,311,11.91048611,1.1251125,0.040454500000000004,2.92187775,-2.138,34.515
E_sideroxylon_HW2,7.515351801466637,9.71706480068654,15.596602402237382,19.490666577319814,19.490666577319814,1.710464552634133,2.145393834070645,5.111680129631423,9.827522903293387,9.827522903293387,0.03716925,0.047671480366822484,0.12321539904588626,0.2692484599524783,0.2692484599524783,2.92152125,2.92152125,2.92152125,2.92152125,2.92152125,0.0019172765961010746,0.001882118165422481,19.82882419163323,19.36760410479384,31.486493610136353,39.97945094577373,39.97945094577373,38.1643808230914,38.04555113343062,37.283240969851065,36.230970979403175,36.230970979403175,-1.1109113132105242,-1.1851391415131551,-1.6799913301973617,-2.4964974415263024,-2.4964974415263024,5.511606587901716,5.511606587901716,True,True,False,False,False,1202.75,4.16729375,101.785,34.84,-0.8140000000000001,36.56,52.52106,312,11.84361111,1.49961575,0.03716925,2.92152125,-2.655,36.6325
E_sideroxylon_HW2,7.4277296240059725,7.151516832639724,7.617629820725129,8.71351581729717,8.71351581729717,1.3135371583532818,1.0565000136066238,1.4270974233378484,8.020999006952179,8.020999006952179,0.07582375,0.06021742978189446,0.08280665948043107,0.6444496446356665,0.6444496446356665,2.92068775,2.92068775,2.92068775,2.92068775,2.92068775,0.0015517130105754155,0.001515580202145207,29.863318936633316,26.60090401595677,30.794891503173954,43.051378939047815,43.051378939047815,25.676369496042113,25.739138899297377,25.648931885510702,24.35088983075252,24.35088983075252,-0.7700715287400143,-0.7440625876475125,-0.7960804698325161,-1.9144649368100928,-1.9144649368100928,5.821767020659823,5.821767020659823,False,False,False,False,False,240.5,1.8219185000000002,100.29,29.18,-0.562,25.87,45.63195,306,12.17208333,1.37206625,0.07582375,2.92068775,-1.8,26.4575
E_sideroxylon_HW2,2.534603783718968,2.1897040566461063,2.379140213707588,2.735884981226309,2.735884981226309,1.2540886402859832,0.5534616324993361,0.7828086911094752,6.0005272727453836,6.0005272727453836,0.05129125,0.02182105110269065,0.031232812949842717,0.3104409655905108,0.3104409655905108,2.92136825,2.92136825,2.92136825,2.92136825,2.92136825,0.0020106155523460386,0.0019737099290453378,37.50818655974618,29.379679854185728,33.23648969893232,43.94696584539387,43.94696584539387,39.743613513800504,39.91112580760217,39.855285158192956,38.837199169391106,38.837199169391106,-0.5425991669309691,-0.4065996875991134,-0.4609994793318557,-1.3313961470557318,-1.3313961470557318,5.939218532858544,5.939218532858544,False,False,False,False,False,100.25,2.60629225,101.8575,35.6775,-0.325,39.92,45.530302500000005,311,12.21118056,1.3221829999999999,0.05129125,2.92136825,-1.982,32.865
E_sideroxylon_HW2,7.467721853678281,10.024240027960518,13.439085437687915,16.053379309145935,16.053379309145935,1.5264405697674996,2.113237631568593,4.123667255209625,8.960806335667915,8.960806335667915,0.0388695,0.05483618569659865,0.1136701461340234,0.2850032239001495,0.2850032239001495,2.921519,2.921519,2.921519,2.921519,2.921519,0.0018851851488335656,0.0018518320248713614,18.19832619789443,19.559478839701477,29.736705307410865,39.43210518595809,39.43210518595809,36.944907555855615,36.798198469647254,36.3223115420859,35.3412027131779,35.3412027131779,-1.0158381546436106,-1.1157734165010549,-1.4655468330021102,-2.2900127433260256,-2.2900127433260256,5.651341583405861,5.651341583405861,False,False,False,False,False,583.25,3.91157775,101.7575,35.31,-0.7659999999999999,36.55,49.25063,312,12.16805556,1.52232325,0.0388695,2.921519,-2.099,36.225
E_sideroxylon_HW2,15.629672108159795,19.194632094779813,20.99397134143288,22.381652256000613,22.381652256000613,2.4363486178209017,3.4653518159168364,4.901294206291068,7.7990812216512655,7.7990812216512655,0.08898049999999999,0.13074688613036156,0.19372732823214373,0.33991632616918793,0.33991632616918793,2.921008,2.921008,2.921008,2.921008,2.921008,0.001546394237092526,0.0015262059970725039,21.037556831853408,25.414944116778823,31.387988538981038,37.98330784041904,37.98330784041904,26.039093978994234,25.769713293681306,25.40887243719893,24.73409070089108,24.73409070089108,-1.0176857710478675,-1.1982357958813097,-1.4303715420957357,-1.9204358952150784,-1.9204358952150784,5.819768674621443,5.819768674621443,False,False,False,False,False,1064.25,2.60686075,100.2675,29.12,-0.605,24.94,49.4318775,306,11.75805556,2.304769,0.08898049999999999,2.921008,-1.706,30.8225
E_sideroxylon_HW2,9.188795014365384,7.230108535717274,11.398681048822914,15.062113435083942,15.062113435083942,1.9607484436587908,1.1915884878159373,2.99582146052064,9.204238131643217,9.204238131643217,0.054475,0.032346150504496914,0.08683523328166345,0.33355130831012897,0.33355130831012897,2.92236275,2.92236275,2.92236275,2.92236275,2.92236275,0.0020074391514137858,0.0019614552129337587,28.298311933851465,19.58902494757905,34.17674644509047,47.741922928605824,47.741922928605824,40.03035202946787,40.230551832204384,39.7721875471826,38.495586733989946,38.495586733989946,-1.2487131149935171,-1.1031217799962958,-1.4185696724902759,-2.4862394624699027,-2.4862394624699027,5.519437685545144,5.519437685545144,False,False,False,False,False,664.75,3.475374,101.915,36.0875,-0.909,39.39,55.747505000000004,311,11.775,1.8838700000000002,0.054475,2.92236275,-2.39,36.3625
E_sideroxylon_HW2,7.664101649793202,11.187667356973696,14.414391498915595,18.6433675005207,18.6433675005207,1.991646934788906,3.1440842002357976,5.39623467398824,11.70811866727528,11.70811866727528,0.0478608,0.07895050776879313,0.14484188511676413,0.3793940124179013,0.3793940124179013,2.9214976000000004,2.9214976000000004,2.9214976000000004,2.9214976000000004,2.9214976000000004,0.0019089941407075246,0.0018647575862789168,19.5189403824195,22.243747258241683,28.873106409132014,36.71246068948357,36.71246068948357,37.885444868359436,37.581478050604275,37.02562133436181,35.72270621859729,35.72270621859729,-0.8991815608356891,-1.0812793243625984,-1.4714888176345475,-2.5640753987960037,-2.5640753987960037,5.457555458618304,5.457555458618304,True,False,False,False,False,1070.2,3.835147,101.788,34.446,-0.561,36.58,45.499235999999996,312,11.71127778,1.741434,0.0478608,2.9214976000000004,-2.079,35.75
E_sideroxylon_HW2,9.487937015577163,10.158337632339123,10.802155434870418,12.06989615896686,12.06989615896686,1.3937962871193004,1.6435347094130792,2.1894776357017784,6.86149378651496,6.86149378651496,0.072860667,0.08683249456202866,0.11848823064939623,0.4561372146420132,0.4561372146420132,2.921071,2.921071,2.921071,2.921071,2.921071,0.0015332494544940329,0.00150608744472303,25.17774704834771,27.23091636365557,31.266706447734762,41.35215231129951,41.35215231129951,25.18675247964961,25.12496196222957,24.99258375434407,24.00627093034829,24.00627093034829,-0.7559799673199532,-0.8084199600577207,-0.8870799491643717,-1.6736798402308826,-1.6736798402308826,5.886991180468278,5.886991180468278,False,False,False,False,False,363.0,1.9643451669999998,100.255,26.93833333,-0.52,25.18,46.1173,306,11.41574074,1.4371173330000002,0.072860667,2.921071,-1.9909999999999999,26.825
E_sideroxylon_HW2,5.740838298987138,5.3759263745053945,6.570079867549058,7.623073609226481,7.623073609226481,0.9519260713326833,0.7648936666613992,1.413547983838816,5.667594541328727,5.667594541328727,0.03485425,0.027798029542991442,0.05270418783762014,0.2487585740170521,0.2487585740170521,2.920923,2.920923,2.920923,2.920923,2.920923,0.0018053424607229226,0.001776247469369495,29.943122715067805,25.370190324300452,36.314949459953496,51.25700918539839,51.25700918539839,34.06403650211083,34.10998627927586,33.95261817197814,33.05554555855043,33.05554555855043,-0.8926265108766187,-0.8675220923971823,-0.967939766314928,-1.6959679022185852,-1.6959679022185852,5.882104680801272,5.882104680801272,False,False,False,False,False,228.5,2.8495939999999997,101.935,31.7675,-0.742,34.17,56.573925,311,11.24208333,0.972506,0.03485425,2.920923,-2.158,33.32
E_sideroxylon_HW2,10.652727001984019,13.188541129436295,15.652105433482859,17.92144205286151,17.92144205286151,1.9095311341955552,2.583374332954897,4.317317039129714,9.116076407507316,9.116076407507316,0.05496925,0.0759863383715242,0.1339445336991751,0.3271456354311587,0.3271456354311587,2.92163675,2.92163675,2.92163675,2.92163675,2.92163675,0.0017700868990603138,0.0017382187863663715,22.772046576644467,25.88204730512758,34.8464297329895,44.61456349180724,44.61456349180724,33.44929424135614,33.280392661477904,32.86619026368087,31.86851791360375,31.86851791360375,-0.9257907101954486,-1.0544535061102187,-1.3375116571227132,-2.1609535509772426,-2.1609535509772426,5.720973241238035,5.720973241238035,False,False,False,False,False,680.25,3.46680825,101.8,31.3125,-0.617,32.99,54.2594,312,11.23,1.82024275,0.05496925,2.92163675,-2.1,33.9375
E_sideroxylon_HW2,2.467960035261409,3.2862339358523176,5.500373034942677,7.047246384198263,7.047246384198263,0.3499765171880704,0.4417806405792395,1.103300655766269,5.442477359096198,5.442477359096198,0.01283325,0.016248663087790164,0.04150673509386188,0.23704623738731675,0.23704623738731675,2.9213145000000003,2.9213145000000003,2.9213145000000003,2.9213145000000003,2.9213145000000003,0.001640248239914265,0.001612130119946783,14.44029784889246,12.83846914921867,23.719950752746534,39.791050768336206,39.791050768336206,28.876888422277823,28.85388964278788,28.690897893303408,27.73820310973876,27.73820310973876,-1.2083283308151938,-1.2083283308151938,-1.3238755488405167,-2.063377744202584,-2.063377744202584,5.765577754271415,5.765577754271415,False,False,False,False,False,207.25,2.77901325,100.3275,31.09,-1.139,29.01,44.8463925,306,12.62118056,0.35275525,0.01283325,2.9213145000000003,-1.724,31.365
E_sideroxylon_HW2,3.243971206253321,4.1326733737543035,5.158223844906237,5.979210809823519,5.979210809823519,0.6564917886845879,0.9113868826299628,1.75236546198595,6.392294761127986,6.392294761127986,0.016624667,0.0232725047334591,0.045842033615856745,0.19415720262162564,0.19415720262162564,2.921427,2.921427,2.921427,2.921427,2.921427,0.002004085786447261,0.001968801164784944,20.584260088483838,23.34930921795485,33.697622786123866,46.68400246891392,46.68400246891392,39.90887511614529,39.84698020985451,39.64827553932685,38.70061780354421,38.70061780354421,-0.7434478246715146,-0.7946717370072719,-0.9227315178466652,-1.7167021590509035,-1.7167021590509035,5.8773650886298565,5.8773650886298565,False,False,False,False,False,185.33333330000002,4.088354,101.83,37.55666667,-0.6409999999999999,40.02,51.9333,311,12.65851852,0.689457667,0.016624667,2.921427,-1.736,37.59
E_sideroxylon_HW2,5.816276600231702,16.019603230446883,21.98012050483529,24.89485853501501,24.89485853501501,1.365276159055222,4.282249784006694,8.031834766036377,11.154433413861463,11.154433413861463,0.027831667,0.09530590495346693,0.19687070460910952,0.29684208289770303,0.29684208289770303,2.921562333,2.921562333,2.921562333,2.921562333,2.921562333,0.0019058129658890972,0.001883375196296036,14.452512379502494,20.397575911297928,29.217794292890144,33.511953844570435,33.511953844570435,38.58721325282338,37.81105454372407,36.920311737447136,36.26759078625909,36.26759078625909,-0.8953769522445763,-1.379617184760904,-2.0167753854402832,-2.577474602038136,-2.577474602038136,5.4463217504707835,5.4463217504707835,True,False,False,False,False,1281.0,4.372882333,101.72,37.72333333,-0.6659999999999999,36.75,48.11356,312,12.59388889,1.236306,0.027831667,2.9215623330000002,-1.9769999999999999,38.37666667
E_tereticornis_HW2,8.592078045091903,9.67926776653466,10.68474789456426,12.092961401936634,12.092961401936634,0.9636847395988384,1.2047123550561136,1.7546451111231625,5.568402074280778,5.568402074280778,0.05223725,0.06600850508107982,0.09857110555058404,0.3724888813466081,0.3724888813466081,2.921055,2.921055,2.921055,2.921055,2.921055,0.0015263728841666715,0.001503177938830519,22.533759790106945,25.29302039617368,31.267243544271132,43.133513421466105,43.133513421466105,24.93870186269525,24.877680773385173,24.74125625082561,23.90021111608565,23.90021111608565,-0.8877184015333486,-0.9145353160381128,-1.0218029740571692,-1.7458596656857996,-1.7458596656857996,5.221429301341573,5.221429301341573,False,False,False,False,False,363.5,1.85797175,100.26,26.205,-0.7,24.81,48.82662,306,11.35354167,0.97254725,0.05223725,2.921055,-1.726,26.1625
E_tereticornis_HW2,8.928238937188977,12.420437997710788,14.794437648488788,17.245336824187895,17.245336824187895,1.3595430920630622,2.1820825246958666,3.679801435432893,7.891963817166582,7.891963817166582,0.04374025,0.0726400485142445,0.12973028918800308,0.3270078129983367,0.3270078129983367,2.92080275,2.92080275,2.92080275,2.92080275,2.92080275,0.0018618789331589355,0.0018316478585068405,21.940433944491296,27.05855637279883,36.080260081074464,45.73493059184826,45.73493059184826,36.212898656220176,35.998861435494156,35.63065148579951,34.74009979446041,34.74009979446041,-0.8745180596886055,-1.037530099481009,-1.3092168324683486,-2.124277031430367,-2.124277031430367,5.0566437303238105,5.0566437303238105,False,False,False,False,False,703.25,2.9441490000000003,101.94,33.2775,-0.63,35.4,55.0476,311,11.36222222,1.27275675,0.04374025,2.92080275,-1.791,33.67
E_tereticornis_HW2,9.030101786726627,12.525683425487747,14.383652699048692,16.582323398628418,16.582323398628418,1.348322474757271,2.2505535409547988,3.5212758026365805,7.833112260245553,7.833112260245553,0.04752725,0.08235771800956794,0.1356160418456191,0.3585654483887793,0.3585654483887793,2.9210700000000003,2.9210700000000003,2.9210700000000003,2.9210700000000003,2.9210700000000003,0.001815660266196207,0.0017859604110165496,21.317925582348064,27.203623073630308,34.486353898296755,43.916682204278295,43.916682204278295,34.792093974464805,34.56062855273785,34.25221092859029,33.354651177011306,33.354651177011306,-0.8296436878293091,-0.9940728130488484,-1.240716500878157,-2.0628621269758542,-2.0628621269758542,5.089097396205764,5.089097396205764,False,False,False,False,False,632.25,2.7275885,101.81,32.1875,-0.583,34.13,52.12672,312,11.31631944,1.29880925,0.04752725,2.9210700000000003,-1.618,31.72
E_tereticornis_HW2,6.711677253516977,6.0407543819500695,6.408990667080411,7.198296965498938,7.198296965498938,1.901026771531088,0.9839205001886808,1.3112683959392541,4.626288748905269,4.626288748905269,0.1127785,0.055629820930826586,0.07538944014419798,0.3143508615836477,0.3143508615836477,2.92126625,2.92126625,2.92126625,2.92126625,2.92126625,0.001618064964022801,0.001597447445461946,35.06099427795713,27.36072832243458,31.057748404453264,40.76073935014044,40.76073935014044,27.807406747666644,28.024802536268087,27.945694103438395,27.23637810239298,27.23637810239298,-0.8570118483609281,-0.6899294568097305,-0.7456235873267965,-1.358259023014521,-1.358259023014521,5.317003903137485,5.317003903137485,False,False,False,False,False,210.0,1.83856375,100.3225,30.485,-0.495,28.16,44.743835,306,12.50472222,1.96509975,0.1127785,2.92126625,-2.003,27.4375
E_tereticornis_HW2,8.324300266103753,7.10892735034102,8.002842152748572,9.293333734496116,9.293333734496116,2.768836297874601,1.4062785250353111,2.165464892412376,6.648927764690082,6.648927764690082,0.11216325,0.053202527050501665,0.085035506146385,0.322970368242673,0.322970368242673,2.921719,2.921719,2.921719,2.921719,2.921719,0.001996834944891539,0.0019650277201808397,36.526406015500456,27.07867774733656,33.35753776783929,43.69055917034724,43.69055917034724,39.33881804160151,39.657371859500266,39.4760162684056,38.59539384834884,38.59539384834884,-1.0467073052387592,-0.7694929340604648,-0.9358215567674414,-1.7674646703023242,-1.7674646703023242,5.214135107620781,5.214135107620781,False,False,False,False,False,300.5,2.67434675,101.845,37.015,-0.52,39.49,48.783755,311,12.578125,2.79321325,0.11216325,2.921719,-1.722,33.5975
E_tereticornis_HW2,17.20740752387644,13.703122289465421,19.11604651148215,22.220727595597587,22.220727595597587,5.042068680880506,3.0958588669290332,5.97134846727216,9.02659165175584,9.02659165175584,0.1382465,0.07997233081655476,0.1690557868152457,0.2818135871821598,0.2818135871821598,2.9216195,2.9216195,2.9216195,2.9216195,2.9216195,0.0019270963410509387,0.0019039689796383726,27.95010715992449,20.457740284777998,29.574085707195426,34.93751533106409,34.93751533106409,37.77837726626807,38.282616463439744,37.55078427744126,36.86407316914152,36.86407316914152,-1.6924390729252765,-1.31932387789878,-1.852345585079489,-2.4653205483373046,-2.4653205483373046,4.830475289833117,4.830475289833117,False,False,False,False,False,1289.5,3.54128025,101.74,37.1075,-0.733,36.77,48.63172,312,12.50402778,4.84075125,0.1382465,2.9216195,-2.086,36.73
E_tereticornis_HW2,10.286142768766489,19.11250871258902,21.334471922454547,22.53683598999701,22.53683598999701,1.5654500719476914,3.700680405433826,5.270950136955113,7.023176694964311,7.023176694964311,0.05356275,0.13511644167213846,0.20214338920639532,0.2863867359981988,0.2863867359981988,2.9216955,2.9216955,2.9216955,2.9216955,2.9216955,0.0015464825097383482,0.0015324604725997207,14.699871802312643,22.24601358492285,27.804219632046895,31.965312076268397,31.965312076268397,26.365016498812338,25.78609620161625,25.38385123601291,24.95840210597959,24.95840210597959,-0.9524734967383348,-1.3581191741087912,-1.6555926708471258,-1.980109212743491,-1.980109212743491,5.129151615191906,5.129151615191906,True,False,False,False,False,1271.0,2.6333925,100.2725,29.5425,-0.655,24.6,45.4234425,306,11.82965278,1.4074965,0.05356275,2.9216955000000002,-1.645,29.9
E_tereticornis_HW2,4.890037404958509,8.562205670088623,16.69527568540453,14.71200522679074,14.71200522679074,1.0113918738450434,2.0278046524083115,13.354348749659788,8.900132632189742,8.900132632189742,0.02345125,0.04912023451418912,0.4682778157851049,0.270377018887174,0.270377018887174,2.92182725,2.92182725,2.92182725,2.92182725,2.92182725,0.0019769579422206497,0.002005002302620898,20.302133801077968,25.527253657137212,47.53715711613978,44.45593220734236,44.45593220734236,41.55280140053488,41.2750692562032,38.94010118949928,39.69997288811655,39.69997288811655,-0.7922008135936501,-0.9834016271873004,-3.277811390311103,-2.2944929204009017,-2.2944929204009017,4.953837669355598,4.953837669355598,True,False,False,False,False,949.625,3.8192150000000002,101.92125,36.48875,-0.601,40.09,53.91634125,311,11.86666667,0.833411375,0.02345125,2.92182725,-2.282,37.27125
E_tereticornis_HW2,8.326494435337233,8.314366249601706,13.771606664192346,16.649575058012065,16.649575058012065,1.51753946807971,1.3577398721689022,3.4886066085320464,7.2445814957960435,7.2445814957960435,0.0418966,0.037412367794597404,0.10318300746911026,0.2427970050498787,0.2427970050498787,2.921496,2.921496,2.921496,2.921496,2.921496,0.0019010664860624005,0.0018728956895368392,20.35570833311921,16.57134748594331,30.526440808533078,40.71945654865353,40.71945654865353,37.271771011896746,37.31343385804978,36.780181216746286,35.9615515990429,35.9615515990429,-1.2746242505071788,-1.2492947731883444,-1.6545664102896955,-2.3891212525358947,-2.3891212525358947,4.888087004700815,4.888087004700815,False,False,False,False,False,699.0,3.488829,101.788,34.802,-0.996,36.56,52.522608,312,11.81905556,1.4203073999999998,0.0418966,2.921496,-2.13,34.62
E_tereticornis_HW2,12.226542974935414,15.975194781861036,17.37496822119846,18.653903866342272,18.653903866342272,1.91176578513828,3.0772839311147795,4.24999554937479,6.866680300702759,6.866680300702759,0.0729085,0.1219862689712799,0.1753603081531651,0.3093911811873637,0.3093911811873637,2.9213935,2.9213935,2.9213935,2.9213935,2.9213935,0.0015567159937208274,0.0015400886934626892,18.65135466382102,24.264690420481124,29.223331399902712,35.23344144199599,35.23344144199599,26.39524616459544,26.10077166213706,25.81733145111613,25.230745775787234,25.230745775787234,-0.927112350873491,-1.1468737975648702,-1.366635244256249,-1.8610984993118518,-1.8610984993118518,5.179751106850635,5.179751106850635,False,False,False,False,False,717.25,2.58673775,100.3025,29.145,-0.57,25.87,45.6376375,306,12.19722222,1.85010975,0.0729085,2.9213935,-1.949,29.595
E_tereticornis_HW2,3.397502347116877,2.9829750635322863,3.4819403463741807,3.596441028549408,3.596441028549408,1.7862879532616218,0.7080705785171374,2.4016465742625095,5.580569959205433,5.580569959205433,0.085016,0.031550731962720215,0.11884796585140946,0.3297646829716317,0.3297646829716317,2.921954,2.921954,2.921954,2.921954,2.921954,0.014227735271543153,0.001999936483162402,40.50945526282117,31.79948244092257,42.21144221758214,45.10662932875122,45.10662932875122,40.269122396659924,40.5230317420861,40.13525085329589,39.56121872185822,39.56121872185822,-0.6038704816629579,-0.4304865825740718,-0.7194597477222153,-1.3263033945333167,-1.3263033945333167,5.322305217304449,5.322305217304449,False,False,False,False,False,123.0,2.2763185,101.8625,35.7325,-0.28600000000000003,40.44,47.060475,311,12.18201389,1.85808925,0.085016,2.921954,-1.9,32.085
E_tereticornis_HW2,12.679127732164964,10.519950828312462,14.335252228018938,16.961086647999593,16.961086647999593,3.159498184027695,2.0377798092522483,4.019599161472748,7.728817533559614,7.728817533559614,0.0924305,0.057541946425055474,0.1212659112827675,0.26378783041806864,0.26378783041806864,2.92194075,2.92194075,2.92194075,2.92194075,2.92194075,0.0018958403028122301,0.0018688001686831964,26.722654676689814,19.51264329442405,29.68093166375068,38.129238023998326,38.129238023998326,36.831665616459865,37.10964216619227,36.62792387589658,35.84148207004402,35.84148207004402,-1.3780273954867197,-1.1674719789460943,-1.562263384959767,-2.2728879157843767,-2.2728879157843767,4.967969853157763,4.967969853157763,False,False,False,False,False,690.25,3.486407,101.76,35.36,-0.799,36.55,49.25184,312,12.12833333,3.3023165,0.0924305,2.92194075,-1.86,35.0525
E_tereticornis_HW2,8.303496876162113,9.332037532146568,9.897009155814164,10.961914285411424,10.961914285411424,1.0015531263217072,1.3687426156888804,1.8397936058614472,5.510924612883724,5.510924612883724,0.0548645,0.07623070692097357,0.10471616534597697,0.3714569536457276,0.3714569536457276,2.9208105,2.9208105,2.9208105,2.9208105,2.9208105,0.0015290105023767376,0.0015070032093267012,26.12117642837241,30.62857104185205,34.99639286933637,45.12721863556718,45.12721863556718,25.04609819011488,24.95437303653047,24.83929005808568,24.039610780476856,24.039610780476856,-0.6908942809303336,-0.7465783611961432,-0.8301044815948575,-1.5261554849174774,-1.5261554849174774,5.283199318422474,5.283199318422474,False,False,False,False,False,327.5,1.8557854999999999,100.265,25.125,-0.496,25.0,50.33303,306,11.27027778,1.000173,0.0548645,2.9208105,-1.767,25.495
E_tereticornis_HW2,12.439405904654155,17.997972798175297,19.80732877511782,21.17903511675974,21.17903511675974,2.9611725599612195,5.974281476143094,8.161737092838674,10.41479630383676,10.41479630383676,0.07350075,0.16298345458966676,0.23730627751150998,0.323767433226191,0.323767433226191,2.92099525,2.92099525,2.92099525,2.92099525,2.92099525,0.0018540477416572284,0.0018383047419005493,24.471418083231963,33.631853407067595,37.903167814029885,40.6871150840812,40.6871150840812,36.62619257238358,35.88289094964377,35.395925697292554,34.93907682529621,34.93907682529621,-0.7554510238317238,-1.3129020476634476,-1.7236554336447178,-2.163748347196079,-2.163748347196079,5.034515850233965,5.034515850233965,False,False,False,False,False,1109.5,3.82985675,101.935,34.54,-0.198,35.53,52.19072,311,11.44180556,2.84385075,0.07350075,2.92099525,-2.199,37.1925
E_tereticornis_HW2,12.502465424995426,12.61407974472474,14.862789737541295,17.161287971361094,17.161287971361094,2.9580100368830182,2.7684350001264177,4.441998905872927,8.32414024464653,8.32414024464653,0.089362,0.08332417008929231,0.141471691547647,0.30218167152103115,0.30218167152103115,2.92184825,2.92184825,2.92184825,2.92184825,2.92184825,0.0018515905151045035,0.0018240892096137505,28.333981448630446,26.484149733983234,33.805136713339685,41.361738938093296,41.361738938093296,35.68526590926327,35.73225124515602,35.330370452980794,34.51328999529329,34.51328999529329,-1.0933181895927695,-1.0657022801131308,-1.3694772843891538,-2.1151068403393927,-2.1151068403393927,5.061641007954487,5.061641007954487,False,False,False,False,False,755.75,3.3214175000000004,101.7975,32.9225,-0.541,35.24,51.30594,312,11.38680556,2.726049,0.089362,2.92184825,-2.128,33.93
