doy,hod,A(Treg),A(TpDep),A(std),A(std2),E(Treg),E(TpDep),E(std),E(std2),gs(Treg),gs(TpDep),gs(std),gs(std2),gb(Treg),gb(TpDep),gb(std),gb(std2),gmin(Treg),gmin(TpDep),gmin(std),gmin(std2),Ci(Treg),Ci(TpDep),Ci(std),Ci(std2),Tleaf(Treg),Tleaf(TpDep),Tleaf(std),Tleaf(std2),Pleaf(Treg),Pleaf(TpDep),Pleaf(std),Pleaf(std2),Rublim(Treg),Rublim(TpDep),Rublim(std),Rublim(std2),Ps(Treg),Ps(TpDep),Ps(std),Ps(std2)
[-],[h],[umol m-2 s-1],[umol m-2 s-1],[umol m-2 s-1],[umol m-2 s-1],[mmol m-2 s-1],[mmol m-2 s-1],[mmol m-2 s-1],[mmol m-2 s-1],[mol m-2 s-1],[mol m-2 s-1],[mol m-2 s-1],[mol m-2 s-1],[mol m-2 s-1],[mol m-2 s-1],[mol m-2 s-1],[mol m-2 s-1],[mol m-2 s-1],[mol m-2 s-1],[mol m-2 s-1],[mol m-2 s-1],[Pa],[Pa],[Pa],[Pa],[degC],[degC],[degC],[degC],[MPa],[MPa],[MPa],[MPa],[-],[-],[-],[-],[MPa],[MPa],[MPa],[MPa]
20,8.2,18.61732758368477,12.895943587695918,16.32186665505725,17.257093811873748,6.5491499295267,1.6185054377324206,2.6300721011088704,3.2783355348920966,0.4639925,0.1,0.1667226214444609,0.21143388754126444,4.64,4.64,4.64,4.64,,,,0.0013258375237889825,32.28354158939965,18.426941906744446,23.238675294842444,25.78075037410013,16.38438207164345,17.24493138503539,17.060837199724837,16.944901489269345,-3.7256263947987986,-1.7863097894854856,-2.105726642125325,-2.3110660473937936,False,True,True,False,-1.33,-1.33,-1.33,-1.33
20,8.283333333,13.99414204351603,11.453820047850256,13.117968767959836,13.371465181262653,4.64503092889816,1.1462631936805079,1.8740129128372058,2.1886874994104932,0.46267499999999995,0.1,0.16781337283953873,0.19827620564359974,4.64,4.64,4.64,4.64,,,,0.0012969383580373236,33.7662951645079,20.540861010039173,26.231476007068103,27.91723529117939,15.415037014171608,15.974850923836073,15.852933282676975,15.80110738348466,-2.4520909402346387,-1.392933021457023,-1.609578959388808,-1.6817942720327363,False,False,False,False,-1.08,-1.08,-1.08,-1.08
20,8.383333333,15.121008502609218,12.016968459076137,14.007887510023927,14.376162036568925,6.2493884287309385,1.5399813450187918,2.423948094111987,2.8906289353805716,0.46326999999999996,0.1,0.16114888812837258,0.19464342307064914,4.64,4.64,4.64,4.64,,,,0.0012956697195523868,33.643932516673694,19.92588424410671,25.11417503546828,27.164772076533584,15.221341104736085,15.971801938288912,15.824118892450755,15.747422627591062,-3.0779569831486846,-1.5132918758635703,-1.7540095846766646,-1.8984402099645212,False,False,False,False,-1.08,-1.08,-1.08,-1.08
20,8.5,15.188744144782305,11.997388026052677,13.990131675660509,14.386059464745516,5.294486067944619,1.3187780445214545,2.0479922703265805,2.453205393376734,0.45812749999999997,0.1,0.1588866155664399,0.1928252793883969,4.64,4.64,4.64,4.64,,,,0.0013052760285257045,33.44548115972179,19.840864381311675,24.82078989226677,26.930368880361236,15.699956469818543,16.3392503211157,16.21632607266014,16.149118692707255,-2.866281662221212,-1.575500092894921,-1.7867188951483142,-1.904062674177977,False,False,False,False,-1.2,-1.2,-1.2,-1.2
20,8.583333332999999,15.226519418385466,12.057176472328983,14.022582157234577,14.422721314241706,5.315857078703262,1.3278892669434632,2.048933358058095,2.458700383091651,0.45670799999999995,0.1,0.15781063690177624,0.19187555492249597,4.64,4.64,4.64,4.64,,,,0.001307211179795542,33.680234131844465,20.009942319432984,24.957826455112418,27.106040487433933,15.77901688671128,16.419919586103518,16.298417185717202,16.230473509357566,-2.8897504180271447,-1.575500092894921,-1.7867188951483142,-1.904062674177977,False,False,False,False,-1.2,-1.2,-1.2,-1.2
20,9.916666667000001,18.8370593756554,12.07020385802526,15.102631428333927,17.40909540895416,7.542934597203017,2.7545948594179395,3.815798329955222,5.360987374543284,0.302926,0.1,0.14186569831162266,0.2058057009186428,4.64,4.64,4.64,4.64,,,,0.0015734355941548982,28.712074266096455,19.67489069152671,21.82253192608492,25.210701662379478,25.98735551851321,26.80924102673994,26.61981834032587,26.35145069928271,-4.0866569641297055,-1.9979376974017071,-2.326500278684763,-2.8897504180271447,False,True,True,True,-1.2,-1.2,-1.2,-1.2
20,10.0,18.81514976221934,12.051582394285333,15.059440720298724,17.374937630621353,7.578924054184299,2.7684498504922592,3.823610185739355,5.377290169297721,0.30283249999999995,0.1,0.14141144206693268,0.205351520691452,4.64,4.64,4.64,4.64,,,,0.0015733884166847204,28.665274753724916,19.648980449878508,21.76217740998743,25.15256900531061,25.98343079469611,26.808329528217964,26.620137865365084,26.350492509583272,-4.13359447574157,-1.9979376974017071,-2.326500278684763,-2.9132191738330775,False,True,True,True,-1.2,-1.2,-1.2,-1.2
20,10.18333333,18.695900363010264,11.98914046818482,15.620988706155737,17.64071884364308,7.591035969137432,2.799579148957694,4.226714216325355,5.754820816328632,0.29966199999999993,0.1,0.15575353587343715,0.2188573317679611,4.64,4.64,4.64,4.64,,,,0.0015769838290567138,28.566827489046727,19.69739186679959,22.670059886705545,25.719778032654954,26.169800511061954,26.990933594745503,26.737596677398997,26.47458498671969,-3.8001101095879677,-1.8743684390832118,-2.307660314946782,-2.8853828160982085,False,True,True,True,-1.08,-1.08,-1.08,-1.08
20,10.35,18.665752517113212,11.971640856755936,13.946620317817532,16.747331428219788,7.6996572568418244,2.847197093248527,3.4243416297197253,5.087191113541442,0.29876666660999995,0.1,0.12194518259528761,0.18731882843462025,4.64,4.64,4.64,4.64,,,,0.001581383194770838,28.531344610877532,19.70262982175679,20.47427485209023,24.332809798131635,26.199704285872695,27.0291802703551,26.926025486270323,26.63575930643662,-4.75232342114114,-2.174173110548148,-2.356697026342342,-2.9727152421477476,False,True,True,True,-1.33,-1.33,-1.33,-1.33
20,10.4,18.68983388242358,11.981219723616103,14.051772755419295,16.80456419032751,7.58492485280728,2.7956820352065965,3.405480521698951,5.031314721265132,0.2998575,0.1,0.12361176119789384,0.188801580551064,4.64,4.64,4.64,4.64,,,,0.0015800293253132303,28.5448008249778,19.678312536988372,20.571400890029306,24.38520353146115,26.15953535016747,26.98042584930644,26.87119345333131,26.586812314058655,-4.615430484295495,-2.151357621073874,-2.356697026342342,-2.949899752673473,False,True,True,True,-1.33,-1.33,-1.33,-1.33
20,12.6,16.3808157554061,11.246801168799093,9.880812743439733,13.98863054632751,10.080418230009002,4.474161976918882,3.3503484703053292,6.2574672362942945,0.23440749999999994,0.1,0.0743881803384038,0.14180091099145908,9.29,9.29,9.29,9.29,,,,0.0016732692411511266,28.112416138145747,21.480292407505004,18.287482881369048,23.611467604663662,29.466175541456458,29.93891493802373,30.036397744135147,29.78605306046479,-5.87028240538058,-2.744560347405005,-2.333881536868068,-3.543102479004604,True,True,True,True,-1.33,-1.33,-1.33,-1.33
20,12.83333333,15.544988070209817,10.918397211180785,10.772469325809464,14.041351272522578,9.706079949971327,4.551980281985953,4.108179650295198,6.909255615461918,0.22119,0.1,0.09010089768215046,0.15456563978475624,9.29,9.29,9.29,9.29,,,,0.0016954347599498975,28.105983267955615,22.046291186645156,20.407597157902778,24.884300826398338,30.27651791525298,30.71132535308512,30.749659179168635,30.510006312433923,-5.87028240538058,-2.428019169353329,-2.2835885440654726,-3.4149617754870167,True,True,True,True,-1.08,-1.08,-1.08,-1.08
20,12.96666667,15.081868121201698,10.728198578193783,10.238245225779734,13.541388208688216,9.678030105098596,4.677918535254805,3.9888264824278226,6.83173209816714,0.21426250000000002,0.1,0.08499402442109219,0.14848396998080146,9.29,9.29,9.29,9.29,,,,0.001708085047996794,28.092120084476974,22.345347675843545,20.27048765760411,24.832429994823393,30.68248986185539,31.10383822697759,31.16331724456622,30.920073317629285,-5.87028240538058,-2.476162711115948,-2.2354450023028534,-3.3668182337243975,True,True,True,True,-1.08,-1.08,-1.08,-1.08
20,13.11666667,15.702362754071153,10.967729257428651,10.268971776889497,13.839413309953574,9.473400484101022,4.3807189028511715,3.6230191524636415,6.358167113174423,0.22450499999999995,0.1,0.08236731834380426,0.14747481461982687,9.29,9.29,9.29,9.29,,,,0.0016911214937852365,28.06124670778196,21.872636741553436,19.514383048857887,24.31920285870652,30.108437029322737,30.539124516082854,30.6048648365036,30.369526710817595,-5.87028240538058,-2.514250325132224,-2.256094011266965,-3.3591255341457957,True,True,True,True,-1.2,-1.2,-1.2,-1.2
20,13.21666667,15.257535049409608,10.820506343247823,9.602493189255764,13.308785014568638,9.756908859600143,4.679037703294747,3.543861594098882,6.446725416557863,0.21604749999999995,0.1,0.07525871967127531,0.13969671543732107,9.29,9.29,9.29,9.29,,,,0.0017057924203949125,28.181397583909902,22.32688899175635,19.284418902660356,24.322515076583485,30.569836720418103,30.997619016279238,31.095795964578162,30.846546877911738,-5.87028240538058,-2.6315941041618864,-2.232625255461033,-3.3825942899517285,True,True,True,True,-1.2,-1.2,-1.2,-1.2
20,15.03333333,15.50617166211598,10.64091622002314,8.932051090623776,12.996156176537005,10.717396694970432,5.153334080605159,3.60847113526972,6.777348596907372,0.22322999999999993,0.1,0.06904273280607294,0.13489831823752943,4.64,4.64,4.64,4.64,,,,0.0017059880508809118,28.016012201140946,22.3451814074274,18.760722280505824,23.842546331553816,30.251896457776407,31.156142017374727,31.42024298648308,30.884223592205263,-5.87028240538058,-2.819344150609347,-2.256094011266965,-3.570344336399189,True,True,True,True,-1.2,-1.2,-1.2,-1.2
20,15.16666667,11.383835757949667,0.029488439123690702,5.224772566171888,12.561076881422796,9.223213592752762,0.06068485421528043,2.310965096691178,6.306133608998756,0.17027499999999995,0.001,0.0393954001957156,0.1311596899696623,4.64,4.64,4.64,4.64,,,,0.0017173239252426405,28.523138256240138,34.75053976111819,18.336726938361576,23.8250787118583,33.601500569122884,35.158945444799265,34.756727385385005,34.06539060547008,-5.87028240538058,-1.2234687558059325,-1.8571251625661118,-3.312188022533931,True,True,True,True,-1.2,-1.2,-1.2,-1.2
20,15.36666667,10.974025966780271,0.03175834817597423,5.139038308030013,12.996413300402944,9.230622646377412,0.06266306176807288,2.400053416424797,24.560027329967873,0.1646224999999999,0.001,0.039509800919191526,0.45143911120394237,4.64,4.64,4.64,4.64,,,,0.017757812363494708,28.635198687012245,34.46299194274045,18.854588581478062,34.67063661348159,33.91896395730743,35.474584391518164,35.0581825882352,31.741627454497834,-5.87028240538058,-1.1040717708813095,-1.7540095846766646,-5.87028240538058,True,True,True,True,-1.08,-1.08,-1.08,-1.08
20,15.45,11.019682230315285,0.03160475878847446,5.1879504041133,16.834249257030972,9.220529902657034,0.06240033551523753,2.4141379820462285,24.19301879000154,0.16517499999999996,0.001,0.03992027177141186,0.5164795733018216,4.64,4.64,4.64,4.64,,,,0.001738839393837331,28.63430619468614,34.49599599714963,18.87963214903107,33.9040770508613,33.887066426069765,35.44127287730146,35.02226534687211,31.788596863507415,-5.87028240538058,-1.1040717708813095,-1.7540095846766646,-5.87028240538058,True,True,True,False,-1.08,-1.08,-1.08,-1.08
20,15.61666667,10.946753172862136,0.031922253830188874,4.129421573841135,12.726546354336518,9.264860713645145,0.06306027793833699,1.7927385593931653,24.36841599222003,0.16415500000000005,0.001,0.029189535076967754,0.4409719633706836,4.64,4.64,4.64,4.64,,,,0.018215966529305964,28.635320679752358,34.44001729992343,17.05388590212119,34.68601235615189,33.93814584259001,35.49857712031709,35.18925934176925,31.787938148051644,-5.87028240538058,-1.3528154894742743,-1.831940768434034,-5.87028240538058,True,True,True,True,-1.33,-1.33,-1.33,-1.33
20,17.76666667,10.746304660942664,0.030217666772835328,4.111663434670292,12.745279286324205,8.880471605381981,0.06366124382260491,1.7900376490335428,24.207155579892053,0.15484749999999992,0.001,0.02878875979475377,0.43266524007614676,4.64,4.64,4.64,4.64,,,,0.017682291434892465,28.153051300272857,34.619235211814015,16.793401385036773,34.500613582782634,33.85035597852563,35.29920962430558,35.00017798975189,31.735546886771125,-5.87028240538058,-1.3528154894742743,-1.831940768434034,-5.87028240538058,True,True,True,True,-1.33,-1.33,-1.33,-1.33
20,17.83333333,10.38656680061673,0.03164336110335242,3.9961603992043693,12.362206135944295,8.426341743949619,0.061633202615273,1.6980928665498938,23.57789203044105,0.15157500000000002,0.001,0.028207987500874054,0.43531657543073204,4.64,4.64,4.64,4.64,,,,0.01847121623589376,28.298784070413618,34.39668093245752,16.97696346956181,34.67673611369262,34.151593157772105,35.533550392075426,35.24880347546908,32.05520521891203,-5.87028240538058,-1.3528154894742743,-1.8091252789597598,-5.87028240538058,True,True,True,True,-1.33,-1.33,-1.33,-1.33
20,17.98333333,10.395287141212522,0.03192681209374837,5.176447941558432,12.579444141377174,8.562610462911229,0.06286718364011903,2.4504166021243328,24.351638927672735,0.15093749999999995,0.001,0.040262416404695654,0.4443611753053487,4.64,4.64,4.64,4.64,,,,0.01809331449083845,28.288445531040196,34.39561866246509,19.041350448261355,34.71256416005119,34.140856855721175,35.54145695144668,35.12930470994643,31.96891390423922,-4.690765632196417,-1.1040717708813095,-1.7540095846766646,-5.87028240538058,True,True,True,True,-1.08,-1.08,-1.08,-1.08
20,18.05,10.376849899925205,0.0322866997841742,5.221154289309317,12.56398902914184,8.421049425733303,0.06181715355494095,2.4375738244299625,24.006364553450663,0.1509799999999999,0.001,0.040750817209982255,0.44574159489384957,4.64,4.64,4.64,4.64,,,,0.018162033867139674,28.35826162716234,34.38723785817946,19.1571282804813,34.77980222235727,34.174597373509464,35.55471353140844,35.143918056606296,32.027642151230125,-4.498191465145942,-1.1040717708813095,-1.7540095846766646,-5.87028240538058,True,True,True,True,-1.08,-1.08,-1.08,-1.08
20,18.21666667,10.585143175087712,0.031422955085276705,4.873819055321196,12.69899993298932,8.315377509880067,0.05993369522197422,2.1185612254844832,23.14003436778267,0.1539974999999999,0.001,0.03641025785286919,0.4418370333257301,4.64,4.64,4.64,4.64,,,,0.017887214137351507,28.37127407581108,34.54388570538137,18.287307245623328,34.71760249470854,34.02885477609541,35.39465796055873,35.037037327464446,31.977167072731717,-4.978469684755143,-1.2234687558059325,-1.7867188951483142,-5.87028240538058,True,True,True,True,-1.2,-1.2,-1.2,-1.2
20,18.28333333,10.572356800355237,0.031026648429343773,4.9698790848549175,12.693778208154532,8.094431558009187,0.05808153533096405,2.1118785954191943,22.46261049237068,0.15476249999999991,0.001,0.037487380301953796,0.44290746815915444,4.64,4.64,4.64,4.64,,,,0.017878512638003465,28.38684677704675,34.55672253502605,18.435500100748058,34.68041686785587,34.04160787837445,35.37571305887048,35.0178607300673,32.046606564695956,-4.649907103472087,-1.2234687558059325,-1.7867188951483142,-5.87028240538058,True,True,True,True,-1.2,-1.2,-1.2,-1.2
20,19.58333333,4.618605390088572,4.308493933104624,2.6041391370141693,3.407000001207729,6.075408898314141,3.6902149157677466,0.8186270977181046,1.42407820793538,0.17189,0.1,0.021090793668745084,0.03707141651224078,4.64,4.64,4.64,4.64,,,,0.0017576024665924609,35.04977334352362,32.5085449602411,19.92306783498676,24.861355756592594,31.78730507704179,32.131521936617204,32.574850238011855,32.478739027751985,-3.218312999310201,-2.279562767072898,-1.4346875580593257,-1.5989688487008535,False,False,False,False,-1.2,-1.2,-1.2,-1.2
20,19.63333333,11.633282347666388,0.025920759883051536,6.895841564232301,9.954132424031329,7.752056978390892,0.050838488346383666,2.778272779536738,5.180922537650811,0.17056399999999994,0.001,0.05709390904104072,0.11027219210953024,4.64,4.64,4.64,4.64,,,,0.015407363205719197,28.281900968343948,35.27855756034929,20.131950617850514,24.845337576831742,33.244744296091596,34.53633082964201,34.05845163524548,33.65600377424543,-3.920468963994515,-1.1040717708813095,-1.8502966682019024,-2.644665107285114,True,True,True,True,-1.08,-1.08,-1.08,-1.08
41,10.03333333,19.48751941639547,12.267951453724358,20.740279650312118,20.990441933202526,4.054853490975667,1.363092501005928,5.29265702166421,5.803176901422884,0.339816,0.1,0.46764504176776317,0.5254802025244824,4.64,4.64,4.64,4.64,,,,0.0015128221210984807,29.06943965032795,18.858131072613432,31.10342571796821,31.797916951895104,24.548298752722072,25.080343634140217,24.320575590138628,24.229387700937284,-1.2989483990173973,-0.589113925979636,-1.6396689460755227,-1.781635840683075,False,True,False,False,-0.22,-0.22,-0.22,-0.22
41,10.3,19.40210752125023,12.213939789676644,20.82236875003667,21.051224543156675,3.7409693776527697,1.2711480219436153,5.133515943357115,5.598157790256873,0.33682399999999996,0.1,0.4935546954108778,0.5516598250497536,4.64,4.64,4.64,4.64,,,,0.0015186332459339693,28.980478164846996,18.894419944813453,31.394647500944753,32.02977945153537,24.781309603157773,25.280198590810976,24.520320290942646,24.43610666122311,-1.1972858501925643,-0.5419265772088793,-1.5677063088355168,-1.710175716005883,False,True,False,False,-0.2,-0.2,-0.2,-0.2
41,10.46666667,19.29133195202867,12.143691294767855,20.717108591872737,20.96148712358235,3.8753984359642875,1.3284010329905842,5.271368542768849,5.763263113685187,0.33311799999999997,0.1,0.4825516640712058,0.5408493270065697,4.64,4.64,4.64,4.64,,,,0.0015236723721229115,28.83743744099344,18.910824510650826,31.181832102848826,31.83994463093221,24.96654027469124,25.475363525894544,24.707696397646025,24.61950088999328,-1.2257797316266374,-0.5419265772088793,-1.6246940717036633,-1.7671634788740296,False,True,False,False,-0.2,-0.2,-0.2,-0.2
41,10.65,19.298550817802937,12.155118627989076,20.535358680414635,20.81315110690477,4.172786733424781,1.429872105509185,5.3249946646075985,5.749669682440104,0.33233599999999996,0.1,0.44449075404402527,0.49839181014521755,4.64,4.64,4.64,4.64,,,,0.0015216364132085462,28.854562683293388,18.934921055730427,30.70903163705003,31.403629035688564,24.952598236021228,25.489521311890265,24.74228506455151,24.664364598968813,-1.351462380953983,-0.617154126984661,-1.6903738827859778,-1.8033443833966427,False,True,False,False,-0.25,-0.25,-0.25,-0.25
41,10.8,19.184541950068066,12.072775250573615,20.527675649953316,20.8038170223837,3.918817696717922,1.3523859729579681,5.14601588496283,5.658117709890987,0.330466,0.1,0.45795227433227575,0.5164257870918163,4.64,4.64,4.64,4.64,,,,0.001528263112035066,28.691241604068715,18.89882208421602,30.758925693992456,31.474244495253355,25.105447935693253,25.61593586593613,24.878188577872777,24.786171381466033,-1.2949771306486506,-0.617154126984661,-1.6338886324806452,-1.7751017582439765,False,True,False,False,-0.25,-0.25,-0.25,-0.25
41,12.93333333,16.81927482909877,11.26684933213999,18.667114183269604,19.120403364468462,4.493527258214723,1.8299229626648439,6.244944209022343,7.110900461486258,0.25671999999999995,0.1,0.3682485176366635,0.42573241584625693,9.29,9.29,9.29,9.29,,,,0.0016324315562336498,27.760724857364067,20.345508542254766,30.091052640147886,31.004483642283663,28.620719485953398,28.8634063310487,28.467447395277034,28.393559761820352,-1.4361902564119817,-0.7301246275953259,-1.9445575091599738,-2.226983760686636,True,True,False,False,-0.25,-0.25,-0.25,-0.25
41,13.06666667,16.234531409495126,10.858627608633137,17.647771765424253,18.29888741649792,5.508860245439943,2.4201424425695754,6.801441305852068,7.827937747270201,0.2500899999999999,0.1,0.3175188218860729,0.37609164397542866,4.64,4.64,4.64,4.64,,,,0.001655091893447398,28.012296914643073,21.19892958439257,29.42026354048374,30.50701601469136,29.497471117074838,30.053538381937376,29.279388944731735,29.111329611200745,-1.7468591330913101,-0.871337753358657,-2.1422558852286375,-2.481167387060632,True,True,False,False,-0.25,-0.25,-0.25,-0.25
41,13.21666667,16.09840232116712,10.81174828180881,17.654821640195255,18.28771102342189,5.591983209651736,2.482178281885937,7.097857743258933,8.14334436240204,0.24711499999999992,0.1,0.32434713323912917,0.382949589503099,4.64,4.64,4.64,4.64,,,,0.0016585346914901047,28.040183813000294,21.335096323428253,29.663910987782582,30.711900401492326,29.65216788853697,30.209660385896896,29.399597016566698,29.230070417847273,-1.710175716005883,-0.8553592729836852,-2.1660778189510554,-2.5080043961599348,True,True,False,False,-0.2,-0.2,-0.2,-0.2
41,13.35,15.908969947865442,10.704678617685897,17.444761225762946,18.095633505525118,5.649372814553405,2.5267739630602644,7.127304521662667,8.194261172989595,0.24494749999999998,0.1,0.31927299205515486,0.37777825044557384,4.64,4.64,4.64,4.64,,,,0.0016618094527280003,27.890136673435812,21.32150254849178,29.449853578242166,30.507322525411098,29.762554248681653,30.32056276606329,29.515205627148553,29.342525363153708,-1.710175716005883,-0.8553592729836852,-2.1660778189510554,-2.536498277594008,True,True,False,False,-0.2,-0.2,-0.2,-0.2
41,13.56666667,16.485957887809093,11.096950542712383,17.801231940333594,18.524445188525842,6.339491830432105,2.756816874368238,7.429282906257323,8.642883360056098,0.24970749999999992,0.1,0.30168128732439503,0.3613958172663232,4.64,4.64,4.64,4.64,,,,0.0016504811548746082,28.43775748876991,21.459281249758106,29.512196961259978,30.72721855927076,29.351188956891146,29.97785488743802,29.170816772508687,28.976251928269726,-1.9519961142121378,-0.9582278519592718,-2.2927166612702634,-2.71861734509292,True,True,False,False,-0.22,-0.22,-0.22,-0.22
41,13.7,16.332236625466464,10.972678314317804,17.791409705617944,18.440105647611365,5.631712104990945,2.48731974482987,7.010087963216265,8.069638487308579,0.24847499999999995,0.1,0.31864135462258864,0.3775566360034322,4.64,4.64,4.64,4.64,,,,0.0016564908604561291,28.330540685524912,21.471531702573973,29.82565407046249,30.922629685018478,29.564930320126628,30.128074225288273,29.33366650158255,29.16143773885335,-1.7532424617615645,-0.8730477151947404,-2.150749766662711,-2.519863692642347,True,True,False,False,-0.22,-0.22,-0.22,-0.22
41,15.75,15.912948988415263,10.829273557866099,17.009211745714403,17.870099090703764,6.911211959110465,3.1192526600351984,7.724197270908521,9.141926362876017,0.23959249999999993,0.1,0.27368486172320755,0.33383118089942915,4.64,4.64,4.64,4.64,,,,0.0016647543142994808,28.208696392618954,21.72103032003363,28.850562844126287,30.198337769528965,29.826352084492378,30.47763179043721,29.693498247773743,29.468472363164132,-2.1223563877412004,-1.0434079887238032,-2.4062901769563054,-2.9173709975434936,True,True,True,False,-0.22,-0.22,-0.22,-0.22
41,15.83333333,15.544187732833768,10.689525920637923,16.795479920974323,17.61703143095234,6.376610007196619,2.9329694266394886,7.343375625885926,8.65072492029095,0.23466249999999994,0.1,0.2778396691452105,0.3373055592252901,4.64,4.64,4.64,4.64,,,,0.0016766163705200648,28.307881516862793,22.008922153237165,29.186272496893412,30.47218785378537,30.222053790301352,30.821169400801402,30.06212578842101,29.852625724486167,-1.9519961142121378,-0.9866212308807822,-2.264323282348753,-2.71861734509292,True,True,True,False,-0.22,-0.22,-0.22,-0.22
41,16.0,15.16632926729324,10.465739729675327,16.54035100133513,17.335553181660167,6.2222338545854,2.8947042143783746,7.341489974763077,8.610960824160156,0.23173,0.1,0.282359672340905,0.34121881556703,4.64,4.64,4.64,4.64,,,,0.0016820370474420502,27.99877318313495,21.925128009556087,29.044804412206627,30.260513783422155,30.419247811241306,31.000026579009734,30.233789173663713,30.030422533643783,-1.8811390046103227,-0.9693347987199781,-2.251559463253275,-2.678967684764374,True,True,True,False,-0.2,-0.2,-0.2,-0.2
41,16.08333333,15.24618199589602,10.521263869459624,16.50537056716362,17.34888859303555,6.53962041580117,3.049080259824338,7.536069419124524,8.897222003232734,0.23113499999999998,0.1,0.2738078989284842,0.3331524839636153,4.64,4.64,4.64,4.64,,,,0.001681152934391458,28.08033031762728,21.999794588251145,28.941291770977358,30.22441933102407,30.388456349956567,30.992007329548702,30.224611823805745,30.007846113103074,-1.9951145303466158,-0.9978286801540515,-2.308547226121422,-2.7929432105006673,True,True,True,False,-0.2,-0.2,-0.2,-0.2
41,16.21666667,14.79032518862887,10.213682223715827,16.102795807913807,16.861402641966272,5.45528870248767,2.5987183641506624,6.586938314671181,7.694846219718351,0.22854249999999998,0.1,0.2829366709272753,0.34046198252263044,4.64,4.64,4.64,4.64,,,,0.0016933680702956497,27.779236039545175,21.950078787621287,28.93518246038888,30.090295852278356,30.760607844201818,31.272245819718417,30.56938390705793,30.38762504869302,-1.718616507938644,-0.9278230036639895,-2.057528009770639,-2.4246821367552998,True,True,True,False,-0.25,-0.25,-0.25,-0.25
41,16.28333333,14.947225433486931,10.363203083184992,16.089310281502357,16.956533855176435,6.226467487886015,2.9310547835720437,7.0259732061384055,8.3293244238654,0.22871249999999999,0.1,0.2645744356678736,0.3232808338046642,4.64,4.64,4.64,4.64,,,,0.0016885119966856693,27.94442360857859,22.014958853157736,28.626301049718506,29.93323809045193,30.588508830375506,31.162785481080498,30.455463282132804,30.245202067881205,-1.9445575091599738,-1.0125508791219882,-2.19874113553397,-2.6506231379766296,True,True,True,False,-0.25,-0.25,-0.25,-0.25
57,7.916666667,12.743091944448462,10.767799807231995,12.703516752310989,12.729330490768609,2.271041671553173,0.5442250123680831,1.9431279788900897,2.053146624675806,0.477465,0.1,0.3974645440000153,0.4237542710998831,4.64,4.64,4.64,4.64,,,,0.0012759490486833943,34.363165039954886,21.438810806857663,33.51938431597568,33.82666980132239,14.870812729968215,15.158037734062491,14.9228876197499,14.905287050112024,-0.8430951282059909,-0.3912131257633311,-0.7583672527479921,-0.7866098779006584,False,False,False,False,-0.25,-0.25,-0.25,-0.25
57,7.983333332999999,12.76686937541068,10.790523516959833,12.735785765608373,12.760465408899476,2.176643016166529,0.5213263951153871,1.8956628246540088,2.000578865666721,0.4777625,0.1,0.4059546847946345,0.4322773773755643,4.64,4.64,4.64,4.64,,,,0.001275846592753918,34.436470884673156,21.481001565991146,33.69214811552487,33.98845650373727,14.872035070312151,15.148529190610823,14.916802299132202,14.89998323649716,-0.8148525030533246,-0.3912131257633311,-0.7583672527479921,-0.7866098779006584,False,False,False,False,-0.25,-0.25,-0.25,-0.25
57,8.633333333,12.74566933092153,10.740819717244463,12.572873995139068,12.62083263923458,2.4023619314892795,0.5815578269807238,1.644641006425126,1.7711432663807005,0.47221199999999997,0.1,0.305018942146805,0.331593340377773,4.64,4.64,4.64,4.64,,,,0.0012841815857702623,34.20563032121815,21.36129262004522,31.92796971153972,32.433361117689316,15.156072566548056,15.457255062817604,15.277289862531724,15.256644054027664,-1.1916420991413765,-0.7104105247853442,-0.9777613994275844,-1.0312315743560325,False,False,False,False,-0.55,-0.55,-0.55,-0.55
57,11.08333333,18.2290143737603,12.345966332089027,18.031737320527984,18.320714315438526,5.116531935527598,1.5395127023303048,4.297732590748792,4.853340820049312,0.37346749999999995,0.1,0.3048946741977851,0.35084047892117975,4.64,4.64,4.64,4.64,,,,0.0014348882941010808,30.34450984542436,18.539169239690985,28.69350742447917,29.795407863612695,21.273447351919256,21.875759972793023,21.405457545034743,21.315509254453286,-1.9669596356038732,-0.9510263119633604,-1.726343848425857,-1.886754373211201,False,True,False,False,-0.55,-0.55,-0.55,-0.55
57,11.18333333,18.18238573668556,12.27879170423459,18.0377327381913,18.318633001619236,4.9140879579806604,1.4852191482433954,4.221051510667953,4.754237629641604,0.37168249999999997,0.1,0.3113159354765509,0.3572969825902394,4.64,4.64,4.64,4.64,,,,0.001438239453193767,30.148506155125403,18.468970516527964,28.70602124310453,29.767898808808575,21.415563533547573,21.995758798656723,21.52770732843837,21.441211757264377,-1.9134894606754251,-0.9510263119633604,-1.699608760961633,-1.860019285746977,False,True,False,False,-0.55,-0.55,-0.55,-0.55
57,11.43333333,18.187810642691375,12.265592542526571,18.314718008661252,18.52986804971469,4.108312068937451,1.2453671860323543,3.9570031293569423,4.3867062360144455,0.37061999999999995,0.1,0.35434880900409976,0.40015596543044024,4.64,4.64,4.64,4.64,,,,0.0014423256649734983,30.12140630282773,18.488014299284533,29.699385090428294,30.556051493099233,21.630902763115266,22.12786641057508,21.655869367937825,21.585447774529747,-1.6064400935708734,-0.8238361249475727,-1.5794537498252423,-1.6873991248077664,False,True,False,False,-0.5,-0.5,-0.5,-0.5
57,11.55,18.199321163865225,12.295735583390417,18.59087356199597,18.74145682950693,4.436698656867901,1.3458444764414046,4.871058937095361,5.311257113958697,0.37027999999999994,0.1,0.41320503433512823,0.4586765436851723,4.64,4.64,4.64,4.64,,,,0.0014384057049545086,30.207038178257022,18.53711821530179,30.863399374807557,31.52179109904133,21.586023059626683,22.11623166507168,21.5161482041144,21.44645884988926,-1.4361902564119817,-0.5889115018319948,-1.5491607570226467,-1.6903738827859778,False,True,False,False,-0.25,-0.25,-0.25,-0.25
57,11.63333333,18.171505984846366,12.249238093721358,18.616519032035335,18.754912804999492,4.151344751159052,1.253655446466789,4.692631869533452,5.0957399161945975,0.3721499999999999,0.1,0.430074053814933,0.4753396651770368,4.64,4.64,4.64,4.64,,,,0.0014368202599514485,30.08106407127691,18.434519773173015,30.95785675104629,31.568313462272467,21.532246188390165,22.034492128724562,21.444441224350147,21.380243915205234,-1.351462380953983,-0.5889115018319948,-1.492675506717314,-1.605646007327979,False,True,False,False,-0.25,-0.25,-0.25,-0.25
57,13.45,19.066036076999843,11.98025554911194,20.08682656723741,20.471381720717517,5.2562443227423845,1.826592527154937,6.115182376768855,6.86386463889515,0.32471999999999995,0.1,0.3919374636723492,0.45079477025509135,4.64,4.64,4.64,4.64,,,,0.0015293983413728913,28.491238636234808,18.90424062589214,29.65101641470152,30.576288123890684,25.191284874577626,25.825486299756264,25.041179099303772,24.914312157049046,-1.6621312576333116,-0.7301246275953259,-1.9163148840073077,-2.1422558852286375,False,True,False,False,-0.25,-0.25,-0.25,-0.25
57,13.51666667,19.135831708353827,12.013303867452928,20.146815786629453,20.51430702739697,5.167383894026161,1.7786664377907058,6.025662927554422,6.747860839811936,0.32828999999999997,0.1,0.3975761715003594,0.45610667358825624,4.64,4.64,4.64,4.64,,,,0.0015239930212558464,28.536014307948005,18.82943907932676,29.720057074534854,30.623198774253908,24.995576129008416,25.624668784229417,24.84497568139116,24.72212623050739,-1.6338886324806452,-0.7018820024426597,-1.8880722588546415,-2.1140132600759713,False,True,False,False,-0.25,-0.25,-0.25,-0.25
57,13.63333333,19.182088436950828,12.066863523450575,19.450272285392685,20.035659532953858,5.299931794772896,1.8304355911703385,5.117863171587463,5.925986163072174,0.32684499999999994,0.1,0.31590770568593046,0.375410598271287,4.64,4.64,4.64,4.64,,,,0.0015304097480280006,28.672854235845,18.944122883507553,28.19619934585481,29.49471933972837,25.0554150906448,25.69585450065157,25.086781543024998,24.945822993696808,-1.9572625622640771,-0.985754187421359,-1.9032898747728149,-2.1461669684834943,False,True,False,False,-0.5,-0.5,-0.5,-0.5
57,13.7,19.100682592668075,11.995095036862937,19.37608991215769,19.963175682374953,5.3033736907796465,1.8326365347757074,5.1293772700370805,5.937024153654001,0.3266325,0.1,0.31629060801167663,0.37570313387817544,4.64,4.64,4.64,4.64,,,,0.0015306614074122643,28.501112076265564,18.853210421180794,28.039925541884134,29.32644966327853,25.065612072300926,25.706077180332578,25.095545118227804,24.954747702207133,-1.9572625622640771,-0.985754187421359,-1.9032898747728149,-2.1731533122291253,False,True,False,False,-0.5,-0.5,-0.5,-0.5
57,13.83333333,19.11483234011371,12.022153076604251,19.14058162404415,19.685582933911288,6.177327377608574,2.1408451541407745,5.777546693827887,6.426637808193819,0.32425249999999994,0.1,0.2968177495430424,0.34094026045014175,4.64,4.64,4.64,4.64,,,,0.0015319836281258265,28.533266720538073,18.91779095372143,27.6330028792615,28.70667345802848,25.030218469062596,25.75167363208282,25.099370824141047,24.987692914300084,-2.3145157726387855,-1.1114368367487044,-2.180840335317665,-2.3947210350314574,False,True,False,False,-0.55,-0.55,-0.55,-0.55
57,13.9,19.15506643481381,12.046842468475571,19.227880157475564,19.878348817807023,5.407122141738716,1.8690854174122138,5.000483809417141,5.840992424413508,0.32633499999999993,0.1,0.29977425301877625,0.35949845394512975,4.64,4.64,4.64,4.64,,,,0.0015316109718894624,28.6225714207955,18.92715600212192,27.741001577630087,29.141463974314433,25.06177534153218,25.711845412586083,25.13264681687791,24.98584631567345,-2.047164897996545,-1.0579666618202563,-1.9402245481396492,-2.180840335317665,False,True,False,False,-0.55,-0.55,-0.55,-0.55
57,15.28333333,18.435813312026283,11.826108784247312,18.39503288786455,19.087267740491065,6.310103048053649,2.2684407986250656,5.722813997547371,6.718875852843253,0.3077625,0.1,0.2750834426712529,0.33139727291070004,4.64,4.64,4.64,4.64,,,,0.0015494737022004705,28.27298094663641,19.13134352881767,27.157776361076575,28.622980447322476,25.57142756732201,26.265956351194635,25.667969132604103,25.505051313856764,-2.3412508601030098,-1.1649070116771525,-2.1541052478534413,-2.4749262974241297,False,True,False,False,-0.55,-0.55,-0.55,-0.55
57,15.35,18.481243350893415,11.860316956770136,18.62128807370406,19.241799910703133,5.774629154574582,2.0643680776944193,5.447629234329155,6.335259452231546,0.30976,0.1,0.2896897688247925,0.345568355614043,4.64,4.64,4.64,4.64,,,,0.0015487242512472912,28.36368542039296,19.13868709574543,27.6204931421892,28.97816826091725,25.560037530695695,26.207442538006173,25.614465618375597,25.467785103886825,-2.180840335317665,-1.0847017492844806,-2.0738999854607694,-2.3412508601030098,False,True,False,False,-0.55,-0.55,-0.55,-0.55
57,15.46666667,18.412570068697175,11.804004759565393,19.56412941376581,19.903092827089413,5.19616370697097,1.855232967191844,6.3558964883923394,7.066489395777946,0.31026999999999993,0.1,0.39420642049134935,0.4487836638150974,4.64,4.64,4.64,4.64,,,,0.0015453865511158966,28.267401632540086,19.081554229180846,29.787961623874544,30.622938002091526,25.645530817235002,26.239926699862497,25.45275583774827,25.338126140965652,-1.6338886324806452,-0.7301246275953259,-2.0010427594653066,-2.226983760686636,False,True,False,False,-0.25,-0.25,-0.25,-0.25
57,15.51666667,18.577409713966308,11.938372466280512,18.951988482605024,19.48945649228303,5.508423286694845,1.9608779452820673,5.4908737755215045,6.313771749924071,0.31124749999999995,0.1,0.3102562960855304,0.3657883340919953,4.64,4.64,4.64,4.64,,,,0.0015467790682638129,28.555273739571845,19.209889385460343,28.32039402291502,29.55336742397631,25.52575968412954,26.150172504244978,25.52866054430603,25.39258205457648,-2.03822159350097,-1.01274053116699,-2.011235249755339,-2.2810986872116494,False,True,False,False,-0.5,-0.5,-0.5,-0.5
57,15.61666667,18.459975093492993,11.861133092301987,19.497579755576844,19.868970524324585,5.579512580173344,2.0014847047231887,6.599676382481107,7.383017561647822,0.3086124999999999,0.1,0.37648630470879973,0.43141199197384283,4.64,4.64,4.64,4.64,,,,0.001546018871632525,28.399948736608387,19.197668027860644,29.65397953118537,30.560403816492332,25.663982079375657,26.291886239867907,25.496307018473367,25.371009573019034,-1.7468591330913101,-0.7866098779006584,-2.057528009770639,-2.311711636144635,False,True,False,False,-0.25,-0.25,-0.25,-0.25
57,15.68333333,18.37505541757793,11.785739661899749,19.58175744534023,19.910503368065356,5.032239279652288,1.800596887118201,6.250395474882433,6.9351030032017125,0.3095474999999999,0.1,0.4006775916752582,0.4552046948449129,4.64,4.64,4.64,4.64,,,,0.001547287392342213,28.249156204520887,19.094923696503557,29.8920549141845,30.703632743998458,25.716105910297024,26.29430923973912,25.512682925405386,25.401873186437548,-1.605646007327979,-0.7301246275953259,-1.97280013431264,-2.1704985103813037,False,True,False,False,-0.25,-0.25,-0.25,-0.25
77,9.583333332999999,18.017189095506893,12.639835923817488,18.041233010194215,18.148642944710524,2.740830931667712,0.7048447456873317,2.5200958710324053,2.7322581833846424,0.44354999999999994,0.1,0.40097475192383164,0.44106148683935076,4.64,4.64,4.64,4.64,,,,0.0013420355149686247,32.14132743611745,18.531283541770776,31.440211388593667,32.05390656907415,17.60691668398096,17.9886747016129,17.646557733224224,17.608543018744477,-1.3845120972394787,-0.8336280243098697,-1.3320469474366585,-1.3845120972394787,False,True,False,False,-0.65,-0.65,-0.65,-0.65
77,9.683333333,18.035644747537827,12.612568833775047,18.10546419435641,18.207854534843108,2.5975525436960427,0.6718832647430398,2.4681900145702986,2.6692135928813854,0.4407875,0.1,0.41414329996677424,0.4544192859339208,4.64,4.64,4.64,4.64,,,,0.0013463296667178258,31.997921330976332,18.480425728265256,31.547627271158397,32.129991105535005,17.793643634928017,18.158591215784135,17.817132237987487,17.78086541204854,-1.3582795223380686,-0.8336280243098697,-1.3058143725352487,-1.3582795223380686,False,True,False,False,-0.65,-0.65,-0.65,-0.65
77,9.783333333,18.055446339203467,12.625784795959781,18.15261470123959,18.250774398928744,2.6834519649669204,0.6966831016712222,2.6001301892772233,2.80774806209266,0.43900249999999996,0.1,0.4220906251617038,0.46246851585242504,4.64,4.64,4.64,4.64,,,,0.0013482158991455916,32.010232523670595,18.505850656641734,31.70717100200167,32.27250020193371,17.880513405860587,18.25438728571337,17.895545172743383,17.858465222495397,-1.3150634419360587,-0.7853868182797189,-1.2885796107532417,-1.3415472731188756,False,True,False,False,-0.6,-0.6,-0.6,-0.6
77,9.866666667,18.044495751815454,12.576949525303288,18.159510276829643,18.257507283440265,2.6505864127284124,0.6909302267171012,2.5989860091920103,2.8046565464353335,0.43709,0.1,0.42619868583747866,0.46668664710821617,4.64,4.64,4.64,4.64,,,,0.0013509848893328055,31.81986014403554,18.419854292481403,31.60502643200151,32.1613694814461,17.997653035371314,18.36728003606681,18.00701647429522,17.970256241452805,-1.3150634419360587,-0.7853868182797189,-1.2885796107532417,-1.3415472731188756,False,True,False,False,-0.6,-0.6,-0.6,-0.6
77,11.21666667,19.90775291289461,12.587193762028743,19.747919808769236,20.22873266481766,4.992212155198942,1.543013407263398,4.335942978442743,4.984857738323497,0.36968499999999993,0.1,0.3156591474596014,0.371475424948701,4.64,4.64,4.64,4.64,,,,0.001466280747872119,29.840338330578525,18.504108530453564,28.441095144419933,29.728882585818646,22.601143248405435,23.24907525714895,22.718785171959738,22.60177109740354,-1.9771592215064833,-0.9972574677422548,-1.7917724032267643,-1.9771592215064833,False,True,False,False,-0.6,-0.6,-0.6,-0.6
77,11.3,19.809646555219697,12.485183277000562,19.713464604749422,20.182140236397995,4.815921763126005,1.4926628415359153,4.256275375505513,4.878787992684295,0.36891999999999997,0.1,0.32162042947273256,0.37736564161456027,4.64,4.64,4.64,4.64,,,,0.0014678168801652892,29.581525487007244,18.38401016572017,28.35838749542734,29.599564910686425,22.674299368988226,23.30328295409306,22.775118004266957,22.66222036673686,-1.9241915591408492,-0.9972574677422548,-1.7652885720439473,-1.9506753903236662,False,True,False,False,-0.6,-0.6,-0.6,-0.6
77,11.45,19.784399947941424,12.452902877105842,19.690852272853157,20.182289659729125,4.449184189036934,1.3966975215845587,3.935244492223885,4.5213090119159425,0.3647039999999999,0.1,0.31862951064622513,0.37496541927116833,4.64,4.64,4.64,4.64,,,,0.0014761192770169202,29.50052039535298,18.442686027442242,28.28354851944598,29.55039016190806,22.991593645651385,23.5800414379501,23.085754406161875,22.977397219066866,-1.8829310203662675,-1.0172560486197393,-1.725535570957808,-1.9091635952676773,False,True,False,False,-0.65,-0.65,-0.65,-0.65
77,11.63333333,19.890861124018173,12.575925859709752,19.591688448194297,20.134295911356197,5.042048384841028,1.572375446522537,4.232223475227668,4.908172362011464,0.36594499999999996,0.1,0.30028349001827753,0.3566658708107571,4.64,4.64,4.64,4.64,,,,0.0014722889247437492,29.802395810656037,18.564486197028156,28.057640642236663,29.453973054997494,22.799932640547926,23.449420676520685,22.945126774125978,22.82317748158659,-2.0665590446761373,-1.0697211984225592,-1.804233295662038,-2.014093894873317,False,True,False,False,-0.65,-0.65,-0.65,-0.65
77,11.7,19.7722816121133,12.442899763033868,19.574206143661954,20.094824589430598,4.3393102397169425,1.35991664534495,3.7366154250589987,4.3112101992542895,0.36562199999999995,0.1,0.3096520790868477,0.36600801722889353,4.64,4.64,4.64,4.64,,,,0.0014755528038715214,29.480592951883736,18.411677545467533,28.01206039606593,29.3323013109866,22.95230314221899,23.529838928319506,23.063718095415414,22.956505763995438,-1.895140656520134,-1.0637384606800406,-1.7132714261801136,-1.895140656520134,False,True,False,False,-0.7,-0.7,-0.7,-0.7
77,11.83333333,19.676699419228402,12.35008912078806,19.53935776643156,20.05314036056924,4.2115887794482845,1.3272419192301008,3.6845705523324948,4.242324132828333,0.3637349999999999,0.1,0.3139911673813169,0.37039688791995595,4.64,4.64,4.64,4.64,,,,0.0014786772578018602,29.24821353049834,18.330519381633852,27.938175496905718,29.223181775195552,23.082112041663123,23.64503880072155,23.17992666703392,23.07530662066347,-1.869159337900131,-1.0637384606800406,-1.7132714261801136,-1.869159337900131,False,True,False,False,-0.7,-0.7,-0.7,-0.7
77,14.11666667,14.718036509951181,10.186029882062012,13.928329130234399,15.319410659882156,5.590089553824261,2.6833627206518216,4.5788434233536135,5.867751124529191,0.22635799999999995,0.1,0.18011252236678124,0.23841163037276752,4.64,4.64,4.64,4.64,,,,0.0017063304000487429,27.885366037714014,22.101530151649023,25.886373670192082,27.941661627032992,30.871456527814935,31.38921487535386,31.047273955905236,30.82442411341899,-2.2848604358201774,-1.4274769213600815,-1.9730846123801427,-2.3887857103001893,True,True,True,True,-0.7,-0.7,-0.7,-0.7
77,14.25,14.85203025907877,10.355055681696628,13.669884091821148,15.299823542007319,6.507845545695409,3.113421434170006,4.882338035866639,6.4482880473138415,0.2245474999999999,0.1,0.16384111236158597,0.22372601907398626,4.64,4.64,4.64,4.64,,,,0.0017049648124884515,28.189308138161707,22.34857193048403,25.443049921921414,27.807718221008983,30.78745790429527,31.373838345870194,31.062116956595034,30.79682566835093,-2.6226175778802157,-1.5314021958400932,-2.0770098868601545,-2.5966362592602126,True,True,True,True,-0.7,-0.7,-0.7,-0.7
77,14.31666667,14.688453435403048,10.188517466677327,13.771136491540174,15.2233348318911,5.7836765894473485,2.791077009076368,4.63245054952333,5.98672511937026,0.22482800000000003,0.1,0.1746354585536677,0.23317802376702174,4.64,4.64,4.64,4.64,,,,0.0017080849317914232,27.94224453800492,22.203374799474066,25.75340695009241,27.88630641288477,30.920470638455406,31.44954619944576,31.119325473757318,30.886314253358254,-2.3628043916801866,-1.4534582399800844,-1.9990659310001455,-2.440748347540195,True,True,True,True,-0.7,-0.7,-0.7,-0.7
