doy,hod,A(obs),A(std),A(pmax),E(obs),E(std),E(pmax),gs(obs),gs(std),gs(pmax),gb(obs),gb(std),gb(pmax),Ci(obs),Ci(std),Ci(pmax),Tleaf(obs),Tleaf(std),Tleaf(pmax),Pleaf(obs),Pleaf(std),Pleaf(pmax),Rublim(obs),Rublim(std),Rublim(pmax),Ps(obs),Ps(std),Ps(pmax)
[-],[h],[umol m-2 s-1],[umol m-2 s-1],[umol m-2 s-1],[mmol m-2 s-1],[mmol m-2 s-1],[mmol m-2 s-1],[mol m-2 s-1],[mol m-2 s-1],[mol m-2 s-1],[mol m-2 s-1],[mol m-2 s-1],[mol m-2 s-1],[Pa],[Pa],[Pa],[degC],[degC],[degC],[MPa],[MPa],[MPa],[-],[-],[-],[MPa],[MPa],[MPa]
20,8.8,14.316054892800187,14.403978035048564,14.270809407366531,2.3297992942157237,2.415961818139369,2.0786521707445216,0.38075,0.3970350565854735,0.33455669260987747,4.64,4.64,4.64,32.92642007755319,33.13285424005813,32.09428585164396,18.590843989526814,18.57710168395988,18.63133179763545,-2.023259242716717,-2.0634403117565343,-1.9428971046370815,False,False,False,-1.3,-1.3,-1.3
20,8.9,14.324605329361306,14.413779538184485,14.382022662714984,2.3292039563099016,2.4184508150342254,2.3328927208026773,0.37925,0.39605851543112913,0.38079858106759307,4.64,4.64,4.64,32.96419905487826,33.1796183833983,32.92568803436311,18.58602687524357,18.571790544399843,18.585417489233663,-2.023259242716717,-2.0634403117565343,-2.023259242716717,False,False,False,-1.3,-1.3,-1.3
20,9.083333332999999,12.263704615795868,14.29333807988526,14.202018689706744,1.151164031236613,2.890546092034136,2.662165438008329,0.1225,0.33568850309785997,0.3058452236427175,4.64,4.64,4.64,23.399439741362038,32.43728688411819,31.790882616803305,20.01303102375252,19.72873792439734,19.76467602726413,-1.7571070082930316,-2.312606798971081,-2.233249686017074,False,False,False,-1.4,-1.4,-1.4
20,9.15,13.961042963636814,14.348363058279709,14.277844372033213,2.0885578595946996,2.7235652617691732,2.5389050530908017,0.26525,0.3586118345071944,0.3312603836764442,4.64,4.64,4.64,30.509216403458204,32.49393955686723,31.974073171677276,19.251942143399464,19.150261091902976,19.179458009150192,-2.0348569036320563,-2.233249686017074,-2.1935711295400706,False,False,False,-1.4,-1.4,-1.4
20,9.316666667,14.034381038669213,14.057425288441344,14.089883257718476,3.3038069250150293,3.1677112023442837,3.2685497730274777,0.32625,0.3106498881786957,0.3220591218715617,4.64,4.64,4.64,32.16800764375212,31.81421811426172,32.0137367065596,21.57229566207289,21.59325823253635,21.577711532174277,-2.2170895400657917,-2.1764059584631603,-2.2170895400657917,False,False,False,-1.2,-1.2,-1.2
20,9.4,14.110802803384715,13.986351149408131,14.021667064297882,3.7232760653700523,3.165332478544013,3.2685497730274777,0.37325,0.3088205433698926,0.32045058724634873,4.64,4.64,4.64,32.94851341936188,31.768749509738182,31.980836606220937,21.912938952902824,21.997860206306807,21.981970766684743,-2.3798238664763183,-2.1764059584631603,-2.2170895400657917,False,False,False,-1.2,-1.2,-1.2
20,10.86666667,15.056201566410621,19.219695615152833,18.098507064874997,3.8961111994307234,7.163567643175048,5.692865523130069,0.16399999999999998,0.32855476619606777,0.2534408476134928,4.64,4.64,4.64,24.320674714839,29.461102854456474,27.430205497985735,28.250482943573505,27.689615316439525,27.935457641210135,-2.5456131402343454,-3.710864142389056,-3.148329175831609,True,False,True,-1.3,-1.3,-1.3
20,10.98333333,17.933446195151873,19.56901338207176,18.590921976850666,4.919201340845609,6.176867611385903,5.125289073518523,0.264,0.3476641484188234,0.2771145514517128,4.64,4.64,4.64,27.873114491652366,29.658151940203016,27.928729211749292,27.61583885424148,27.39695381222791,27.57944114850061,-2.8670616925528862,-3.30905345199088,-2.9474238306325216,True,False,False,-1.3,-1.3,-1.3
20,11.15,16.99970807654412,18.767024926905556,17.998755469190684,5.138058306408578,6.735778635416844,5.686842747196927,0.245,0.3331310582435215,0.27571008800667973,4.64,4.64,4.64,27.726484758614724,29.705728815722242,28.29031132294435,28.762927077550778,28.491316596209234,28.667804613270626,-3.066499372034148,-3.6616777191892007,-3.2648921544191656,True,False,False,-1.4,-1.4,-1.4
20,11.23333333,15.700138707775823,18.45627472705044,17.172752068208986,4.741152758618768,7.020212934384521,5.46850091530258,0.19899999999999998,0.31372983206923555,0.23649398270460414,4.64,4.64,4.64,26.18302986945122,29.271652393874877,27.10371912801192,29.026760972939318,28.63891924126457,28.899564298215175,-2.9474637026031374,-3.7807133886202116,-3.185535041465158,True,False,True,-1.4,-1.4,-1.4
20,11.38333333,15.375557566830018,17.307580823834833,16.616498893795864,5.487239643165183,7.041452317793437,6.147059363373852,0.21075,0.2823116826479118,0.2423972961424732,4.64,4.64,4.64,27.24951587705398,29.03029022312622,27.902067011536648,30.05387270067728,29.792662855706208,29.94100577335417,-2.9493940089131616,-3.518964151350005,-3.193495498528952,True,True,True,-1.2,-1.2,-1.2
20,11.46666667,16.499824259567145,17.785280724171724,16.797417036014227,5.929846120774432,7.032403310478699,5.806468135630169,0.24525,0.29723007832652953,0.23944648134923305,4.64,4.64,4.64,28.007738351594046,29.11151702064292,27.48707680519863,29.517548369957684,29.333864554408784,29.538484498057702,-3.112128335323688,-3.518964151350005,-3.0714447537210567,True,False,True,-1.2,-1.2,-1.2
20,13.45,9.597592599254316,14.605039826491343,14.043003382226427,3.3383247431355554,7.095963968392563,6.458832558996115,0.091775,0.21132162665769919,0.1899236622438393,4.64,4.64,4.64,22.81209945243069,28.236551859923168,27.498211228269227,32.49337500018362,31.842317080903516,31.949075257761947,-2.3447077950352577,-3.670683073349238,-3.4295966591103326,True,True,True,-1.3,-1.3,-1.3
20,13.55,12.662490683065974,14.569609937746163,13.894058261501538,5.0969825999863065,6.667817704488749,5.915232479241721,0.16425,0.22241232769052227,0.1942270101018506,4.64,4.64,4.64,26.898713589861565,28.611320287698216,27.682009361379414,32.27084700330186,32.00061522812279,32.12876303478005,-2.9474238306325216,-3.5099587971899675,-3.2286913139112445,True,True,True,-1.3,-1.3,-1.3
20,13.68333333,10.308723234827088,13.98812042696493,13.585401850337558,3.829057048039152,6.657545332215443,6.220548401987238,0.1105,0.20547168525490586,0.19014708231040423,4.64,4.64,4.64,24.59282909744971,28.440919806082345,27.923739675998775,32.85508643988412,32.3629895665888,32.4369749718201,-2.630035250787109,-3.6219991627121972,-3.463284936804183,True,True,True,-1.4,-1.4,-1.4
20,13.75,12.653784039363126,13.37872970420858,13.273911607417471,5.669287200212544,6.106032317189512,6.009191917494742,0.19025,0.20715406487512705,0.20338995181038497,4.64,4.64,4.64,28.439608076509234,28.65568572544517,28.544976546907108,32.927918442635985,32.85245143600826,32.869107504883026,-3.2648921544191656,-3.4236063803271795,-3.383927823850176,True,True,True,-1.4,-1.4,-1.4
20,13.93333333,10.753061227726544,13.661800344450464,13.560904844505567,4.121062062094003,6.356799181401455,6.259195176291128,0.126,0.20630709518723148,0.20261932545068426,4.64,4.64,4.64,25.813676200303327,28.724404398977658,28.625297590933226,33.07820283961142,32.686865924155924,32.70352921374952,-2.5018746112842134,-3.2748626617342147,-3.2341790801315833,True,True,True,-1.2,-1.2,-1.2
20,14.0,12.720748243722696,13.449767873564781,13.491664984106675,5.637401935250697,6.0831454836509655,6.147059363373852,0.192,0.20949298929024604,0.21205328543029775,4.64,4.64,4.64,28.664015505669084,28.898836617035343,28.99200194013372,32.96161347287715,32.884477980066755,32.8734770964887,-3.0307611721184253,-3.1528119169263205,-3.193495498528952,True,True,True,-1.2,-1.2,-1.2
20,15.85,9.612761707198803,9.531153199743926,10.109316250409226,5.968843308831889,5.256326992662366,6.134820497966967,0.14725,0.12989738395361794,0.15307788445522882,4.64,4.64,4.64,29.033774459524214,27.74175590929257,28.872113823973976,35.04262249111486,35.16318892978693,35.013790378690466,-3.2286913139112445,-2.987604899672339,-3.30905345199088,True,True,True,-1.3,-1.3,-1.3
20,15.93333333,10.680811519737409,9.26742117961663,9.92768605190055,7.589857150089751,5.146249135791797,6.134820497966967,0.1945,0.12691597655967551,0.1530447151043647,4.64,4.64,4.64,30.494228469969997,27.617000772080246,28.896048963063635,34.89493390080251,35.30566876043134,35.13725701985772,-3.871588418548326,-2.9474238306325216,-3.30905345199088,True,True,True,-1.3,-1.3,-1.3
20,16.11666667,8.890862633887558,8.505978287908668,9.36025783293915,6.0423241754646275,5.040264367672381,6.220548401987238,0.128,0.10603029560790905,0.13293794070675244,4.64,4.64,4.64,28.266756359600215,26.614857873502135,28.079550036036174,35.309629927361655,35.4789446010503,35.27929770982847,-3.383927823850176,-3.0268208155571443,-3.463284936804183,True,True,True,-1.4,-1.4,-1.4
20,16.21666667,6.962613779433452,8.060456259672126,8.764313753950173,4.2834247366424005,5.119401424078068,6.115230064718693,0.07905,0.09624365034918089,0.1163029319858874,4.64,4.64,4.64,25.620382352520686,26.2917370154125,27.53691304628275,35.83428935038287,35.69102747428896,35.523586192335564,-2.7887494766951235,-3.066499372034148,-3.4236063803271795,True,True,True,-1.4,-1.4,-1.4
20,16.85,9.278618575874482,7.713865952717223,9.073419242438842,7.673191511548595,4.846071742488331,6.808982221322903,0.1535,0.09372538759540545,0.13519280916837847,4.64,4.64,4.64,29.732528396068282,26.366183273225023,28.680727705782992,35.49403664321202,35.96487017882312,35.63525229790138,-3.763065640965795,-2.7459761009000037,-3.437596988144742,True,True,True,-1.2,-1.2,-1.2
20,18.66666667,9.108864355557095,7.814418594598228,8.738571434256384,7.16960260861446,4.776079584414878,6.134820497966967,0.152,0.09827521820061762,0.12833908956672366,4.64,4.64,4.64,29.82605800573561,26.764958207955175,28.52637357972774,35.61281450240274,35.99816081995589,35.77716646392371,-3.710864142389056,-2.826880623513069,-3.30905345199088,True,True,True,-1.3,-1.3,-1.3
20,18.73333333,7.93157225827837,8.044714877285763,9.152226496159894,5.335889055329415,5.023768767312054,6.671158079169043,0.1045,0.09857598779200302,0.13353362244614225,4.64,4.64,4.64,27.643665804638903,26.730314600130527,28.73405171439103,35.76819772966148,35.81896967056317,35.55330091741863,-3.0277859687121564,-2.9072427615927037,-3.5099587971899675,True,True,True,-1.3,-1.3,-1.3
20,18.85,7.586491566901968,8.002148500718624,8.9098105529266,5.0102036559986685,5.083830129811865,6.428993019598844,0.095225,0.09732090765677122,0.12495092745744114,4.64,4.64,4.64,26.926946107982815,26.501275093466838,28.16997639228651,35.79263708009525,35.780379954718036,35.56322977087097,-3.0268208155571443,-3.066499372034148,-3.5426420497581903,True,True,True,-1.4,-1.4,-1.4
20,18.93333333,5.513204050614432,7.955358210475025,8.810906078379475,2.8543732026675808,4.963679716787982,6.220548401987238,0.054175,0.09776815518960662,0.12428961844106895,4.64,4.64,4.64,23.533240529178954,26.657883895863144,28.272450174292874,36.21604779554168,35.86286463167079,35.65919371395715,-2.312606798971081,-2.987142259080141,-3.463284936804183,True,True,True,-1.4,-1.4,-1.4
20,19.11666667,9.402828979818972,8.34604069032416,9.214771380483754,6.8812799085565945,4.887696167687054,6.147059363373852,0.155,0.10737066521480827,0.13724423097970376,4.64,4.64,4.64,29.81968441019588,27.146600476959016,28.76798897842782,35.40363694649407,35.7256211250745,35.520650717375695,-3.4782805697473735,-2.7459761009000037,-3.193495498528952,True,True,True,-1.2,-1.2,-1.2
20,19.2,9.49641209860035,8.552481639055507,9.496395497083359,6.727679839151245,4.916044376924401,6.259195176291128,0.1555,0.11108340796115196,0.1440279431075421,4.64,4.64,4.64,29.779892990271716,27.28449300791794,29.019757194063928,35.32570955812423,35.61883604746725,35.4003749661399,-3.39691340654211,-2.7459761009000037,-3.2341790801315833,True,True,True,-1.2,-1.2,-1.2
41,8.833333332999999,14.118144647921243,14.143280856185273,14.332541144575906,3.0289916298095774,2.9178061279096,3.5455249519414793,0.3595,0.343970172656704,0.43272633519955045,4.64,4.64,4.64,32.63023053624221,32.33485031787605,33.591567517322616,21.31003637390349,21.327243729979767,21.231500869126915,-1.6071190327507423,-1.5639228883340404,-1.7799036104175505,False,False,False,-0.7,-0.7,-0.7
41,8.916666667000001,14.08318651917502,14.068218385168114,14.229997275670838,3.391144932196514,3.1524195825516808,3.683866559715526,0.35025,0.3216824119676079,0.3853617110221203,4.64,4.64,4.64,32.486890270165745,31.924700594988654,32.974638932152764,21.262009612011514,21.298682301601414,21.217617954608322,-1.7367074660008484,-1.6503151771674442,-1.8230997548342525,False,False,False,-0.7,-0.7,-0.7
41,9.033333333,14.220980939827891,14.183735409423816,14.261445587903095,3.299776424468452,3.006221518919732,3.243554439439334,0.37225,0.33374894957940443,0.36466163777608745,4.64,4.64,4.64,33.06795203132989,32.382576127672024,32.88929661059236,21.254199989572935,21.299367826715248,21.262794872414165,-1.7377324271117847,-1.6518426508411945,-1.7377324271117847,False,False,False,-0.75,-0.75,-0.75
41,9.116666667,14.342069875806752,14.243464703309249,14.20285782394306,3.4119873348097856,2.926047960965428,2.827832546455484,0.4105,0.3424598261314946,0.32956088188982224,4.64,4.64,4.64,33.62698531236938,32.56643671553415,32.29608548181219,21.111027456614455,21.185544534757025,21.200848388502983,-1.7806773152470796,-1.6518426508411945,-1.6088977627058996,False,False,False,-0.75,-0.75,-0.75
41,9.266666667,14.20231534570489,14.197353071798064,14.158286858493716,3.114947546902733,2.920011231660933,2.827832546455484,0.36775,0.3408720495993838,0.32880264369876666,4.64,4.64,4.64,33.048187274942514,32.564060302842535,32.30192338892751,21.091699288597706,21.121834837735882,21.13619523286616,-1.6947875389764897,-1.6518426508411945,-1.6088977627058996,False,False,False,-0.75,-0.75,-0.75
41,9.333333332999999,13.93703016227919,14.190870060868694,14.305381496172647,2.6238089807676026,3.0130852126897656,3.381447490175977,0.28325,0.3316056860292575,0.3792196294817583,4.64,4.64,4.64,31.438305812087194,32.45565150432633,33.226133584819195,21.086528860493324,21.025510636257746,20.96888851834529,-1.5659528745706046,-1.6518426508411945,-1.7806773152470796,False,False,False,-0.75,-0.75,-0.75
41,10.7,20.344313178320014,20.796182081892002,20.69253455313047,5.655026132272308,5.802420798072793,5.706064608180031,0.38925,0.4050911052264853,0.39377155741533915,4.64,4.64,4.64,30.42384327945684,30.55315998479131,30.32819278862508,24.964282649247945,24.937746233559263,24.955334354248684,-2.4710419210847827,-2.514238065501485,-2.4710419210847827,False,False,False,-0.7,-0.7,-0.7
41,10.78333333,20.448631881358338,20.78063029397135,20.604913264110042,5.813169304535384,5.780555169112707,5.5748097919456505,0.4035,0.4043119430540834,0.3837844225834313,4.64,4.64,4.64,30.730951420469328,30.6007589672682,30.21166788787949,25.130323333719716,25.13500207281825,25.171703306071855,-2.514238065501485,-2.514238065501485,-2.4278457766680805,False,False,False,-0.7,-0.7,-0.7
41,10.9,19.72921862734271,20.566033800401815,20.301082361122635,5.380123530649617,5.975792333840681,5.659621472412146,0.341,0.38995809047087326,0.3625158243513916,4.64,4.64,4.64,29.585117372468147,30.371913399253035,29.815944117359173,25.78300347816435,25.678805951067403,25.734203431052073,-2.4248506372765046,-2.5966301898176845,-2.5107404135470945,False,False,False,-0.75,-0.75,-0.75
41,10.98333333,19.83573727165661,20.60434587330648,20.247572965149377,5.322851512707464,5.83129139252648,5.399129045006038,0.35125,0.395642540069691,0.35761749852681024,4.64,4.64,4.64,29.856467813675785,30.528694711522046,29.772864843224056,25.87059080726147,25.78085845395971,25.857083314329664,-2.3819057491412092,-2.553685301682389,-2.4248506372765046,False,False,False,-0.75,-0.75,-0.75
41,11.15,20.221391561213537,20.726270521657867,20.575079322443482,5.6261349948628645,5.82868378667399,5.659621472412146,0.3795,0.3995650154592798,0.38249828745116526,4.64,4.64,4.64,30.349177434341705,30.553867318351113,30.23301803419571,25.34946478712819,25.313357418000827,25.343559904633093,-2.5107404135470945,-2.553685301682389,-2.5107404135470945,False,False,False,-0.75,-0.75,-0.75
41,11.23333333,20.352455154067552,20.806664172950676,20.584116262628203,5.65746730554388,5.806104526823933,5.5296615730633345,0.387,0.402809313135701,0.37674861901033996,4.64,4.64,4.64,30.466203043026564,30.5966217656662,30.085527547716598,24.99809832079829,24.971366721497617,25.020303089754957,-2.5107404135470945,-2.553685301682389,-2.467795525411799,False,False,False,-0.75,-0.75,-0.75
41,13.73333333,17.885938679344736,17.85941151995627,17.657634425268377,6.531379307547281,6.229939342060929,5.836739064948276,0.36225,0.33745460297367097,0.31628251488230863,4.64,4.64,4.64,31.03317465491091,30.42591688594191,29.954267714786745,29.818270433677917,29.87084669378579,29.93664524545886,-2.7302187875849953,-2.643826498751591,-2.514238065501485,False,False,False,-0.7,-0.7,-0.7
41,13.85,17.782537043648432,17.816788367546955,18.03544926825067,6.438159658155275,6.217919423787991,6.35336555209072,0.35475,0.33558951980733365,0.3491702564881737,4.64,4.64,4.64,30.99400512450301,30.477599450360056,30.712321192511293,29.897764952706275,29.936643391924413,29.912084876999717,-2.7302187875849953,-2.643826498751591,-2.6870226431682926,False,False,False,-0.7,-0.7,-0.7
41,13.96666667,17.37378974049255,17.433032914310164,17.310098488933015,6.401096600645768,6.20407254432645,5.917770647751701,0.33899999999999997,0.3226145742446443,0.308560748903205,4.64,4.64,4.64,30.878046657131527,30.38691756877937,30.06077813495404,30.22947410427096,30.264219251359066,30.311800336155994,-2.7684097423588643,-2.6825199660882744,-2.5966301898176845,False,False,False,-0.75,-0.75,-0.75
41,14.06666667,17.04909549904029,17.48767507818152,17.30241081036012,6.015846417609679,6.269557530334623,5.917770647751701,0.31,0.32211393959374485,0.30413397465478115,4.64,4.64,4.64,30.22152323217626,30.276526739245384,29.850363042269223,30.20971449137798,30.167734413462718,30.22646125732861,-2.6395750779529794,-2.7254648542235693,-2.5966301898176845,True,False,False,-0.75,-0.75,-0.75
41,14.2,17.263980370216355,17.10754444817774,17.139079955594433,6.604184971222672,6.1319991100985005,6.045933677499384,0.34975,0.31608889106986354,0.31441152166755487,4.64,4.64,4.64,31.151849311438852,30.350419662726004,30.276747057672306,30.458662186073838,30.539844781800124,30.553222582983086,-2.8113546304941592,-2.6825199660882744,-2.6395750779529794,False,False,False,-0.75,-0.75,-0.75
41,14.28333333,17.191062532920814,16.6704753066066,16.922417303488086,6.946606041219271,5.99451655260438,6.173471601758982,0.3745,0.3094173208205625,0.3242940191615803,4.64,4.64,4.64,31.66645044205638,30.36085975475755,30.644289620068886,30.754785975722005,30.91680551690554,30.884864569446613,-2.940189294900044,-2.6395750779529794,-2.6825199660882744,False,True,False,-0.75,-0.75,-0.75
41,16.38333333,16.304302581016998,16.44103305655445,16.759292648257116,6.56516439657164,6.403645354199143,6.734089476541792,0.2955,0.28496915204067863,0.30458105707548927,4.64,4.64,4.64,30.190045787924895,29.73844781658013,30.143584476822028,30.854021839329462,30.88178279967046,30.825839529562522,-2.773414932001697,-2.6870226431682926,-2.8166110764183987,True,True,True,-0.7,-0.7,-0.7
41,16.45,17.252672611479927,16.72179899668433,16.92450686887943,7.376691299918871,6.327799620284883,6.480937903450455,0.358,0.2951240720790616,0.306172884538998,4.64,4.64,4.64,31.369313931073876,29.99213272833184,30.215703797967915,30.56623721440504,30.74122139941192,30.71457734814475,-3.032591798501909,-2.6870226431682926,-2.7302187875849953,False,True,True,-0.7,-0.7,-0.7
41,16.61666667,16.059167706226184,16.100487919931258,16.55247818514769,6.69704236199999,6.406891276452491,6.924851701221964,0.2925,0.27597394933960195,0.30435823140450197,4.64,4.64,4.64,30.10928861301346,29.51364687965151,30.124404566734448,31.02753123526789,31.076603538251437,30.989749232272704,-2.854299518629454,-2.7684097423588643,-2.940189294900044,True,True,True,-0.75,-0.75,-0.75
41,16.76666667,16.263501012815322,15.61110013580979,15.701722103977843,7.75375648276061,6.483792965674106,6.552205480672292,0.3185,0.2567656108964457,0.2609197983363354,4.64,4.64,4.64,30.932491310372455,29.357701149143086,29.44280939648563,31.205837771441296,31.414521412054125,31.40275595452724,-3.2408035118471092,-2.7684097423588643,-2.8113546304941592,True,True,True,-0.75,-0.75,-0.75
41,16.91666667,14.035620296641218,15.122395593121245,15.564057583110493,5.4489650667020175,6.281169706822827,6.801333713105101,0.2115,0.24838942359901575,0.27353467611943383,4.64,4.64,4.64,28.716546261089768,29.503358642163544,30.117981296717353,31.982064210127007,31.8409082894697,31.75384385114541,-2.4248506372765046,-2.7254648542235693,-2.897244406764749,True,True,True,-0.75,-0.75,-0.75
57,8.966666667,12.673768190805495,12.58985143526127,12.675441528089435,2.738107498764806,2.185784854299122,2.5874524594507506,0.447,0.34423845281663107,0.4179523981369798,4.64,4.64,4.64,34.31948905200786,33.000629214010736,33.972210847436884,15.405207719008546,15.491726268681633,15.428541036209184,-1.833772134565196,-1.6670177076521568,-1.7920835278369363,False,False,False,-1.0,-1.0,-1.0
57,9.05,12.658084478913675,12.594496700924019,12.724628582425206,2.6176884820925266,2.17841979388794,2.8539328060625957,0.4265,0.3448716295484651,0.4715738212667786,4.64,4.64,4.64,34.13870614906067,33.04103867573567,34.54431697382421,15.459435115517767,15.528457609575959,15.42300152597866,-1.7920835278369363,-1.6670177076521568,-1.8754607412934559,False,False,False,-1.0,-1.0,-1.0
57,9.35,12.643130906228189,12.555278786073048,12.630964946106785,2.8702063334181966,2.341581942525553,2.658671434855695,0.41175,0.32557006736198035,0.37634268540985527,4.64,4.64,4.64,33.81169574988693,32.55106797545695,33.31533590998408,16.599696025286963,16.68200697817327,16.63235430577668,-2.041671961087042,-1.8777316045257617,-1.959701782806402,False,False,False,-1.14,-1.14,-1.14
57,9.433333333,12.681879732858066,12.578782199218429,12.5016120445748,2.8506597129437368,2.2234211599309686,1.9881280636548389,0.45225,0.338853851521484,0.2988400756084051,4.64,4.64,4.64,34.23452146218565,32.77797688755948,31.995867047460784,16.030662027295282,16.128404951420208,16.16595367985378,-2.0861443228960876,-1.8824751586015223,-1.801007492883696,False,False,False,-1.19,-1.19,-1.19
57,9.566666667,12.7321141274266,12.592580402717898,12.680599927112604,3.0479187662981486,2.176004252394401,2.5676154422892874,0.5205,0.35018267310364115,0.4239694907234973,4.64,4.64,4.64,34.91453364044232,33.07019474075037,34.02426821772435,16.044557808625456,16.179317428789137,16.11792646001892,-1.6071190327507423,-1.3479421662505302,-1.4775305995006363,False,False,False,-0.7,-0.7,-0.7
57,9.683333333,12.732215981354416,12.584063044355156,12.788526782902371,3.094980196038109,2.178997718575741,3.4068176604312175,0.5295,0.3501506007856705,0.5936693982839732,4.64,4.64,4.64,34.93423783359792,33.02670263537939,35.301280897408155,16.228021405087812,16.36924859402209,16.181654845693124,-1.6503151771674442,-1.3479421662505302,-1.7367074660008484,False,False,False,-0.7,-0.7,-0.7
57,11.65,18.89038278412943,18.910338769888764,18.673110072430127,4.921692250846879,4.560092804350206,4.033507963368007,0.47525,0.43267310186252367,0.3767228804344942,4.64,4.64,4.64,31.914603016931743,31.278390564398126,30.308873749650907,21.622077468725916,21.679790085765354,21.765074778253425,-2.5424784489456127,-2.4174126287608333,-2.250658201847794,False,False,False,-1.0,-1.0,-1.0
57,11.73333333,18.726025256057707,18.843023146033097,18.554287772056004,4.790447433741854,4.659316318321905,4.033507963368007,0.4415,0.42650682257498584,0.36200803569646334,4.64,4.64,4.64,31.28223773654173,30.995602520011623,29.84034849285164,21.63498974664074,21.655974566322815,21.75725325819209,-2.500789842217353,-2.459101235489093,-2.250658201847794,False,False,False,-1.0,-1.0,-1.0
57,11.86666667,18.794997174598542,18.85522012074249,18.605460924280862,4.900161589805811,4.63411006302874,4.083642553877796,0.45575,0.425532791057092,0.36880695433639804,4.64,4.64,4.64,31.553838048594663,31.05910907428569,30.058885787176106,21.760936606935992,21.803368091926206,21.892315102160826,-2.6731620305482444,-2.5497545018207517,-2.3852111301840946,False,False,False,-1.11,-1.11,-1.11
57,11.95,18.78007645338656,18.885593100514637,18.474232603009863,4.763793525531419,4.6088138028036445,3.783838014713856,0.44299999999999995,0.42521035803123447,0.33935143022853725,4.64,4.64,4.64,31.486226917905803,31.15884684154768,29.53627879643258,21.79706107229612,21.82187524618872,21.956182729396705,-2.689011112262196,-2.648227028147001,-2.3627384393406397,False,False,False,-1.18,-1.18,-1.18
57,12.03333333,18.754044246731645,18.856281890905688,18.561687557143323,4.847195778966211,4.67784043015103,4.054671811900926,0.43925,0.42038091011213385,0.35734564334693386,4.64,4.64,4.64,31.38963218268055,31.040346750810702,29.878108860838893,21.930509023008828,21.95753652537224,22.05823353263404,-2.664589001709432,-2.623654163825393,-2.4189799744051994,False,False,False,-1.15,-1.15,-1.15
57,12.25,18.707930590282114,18.754764628975217,18.890528231620127,4.778289996928662,4.5153423386039275,4.7758491127061395,0.47475,0.4423916593561211,0.47903649886056643,4.64,4.64,4.64,31.83147054986216,31.35018256720499,31.791945866659383,24.709414458316292,24.75123806890372,24.709417674046563,-2.1686689101678684,-2.0822766213344646,-2.1686689101678684,False,False,False,-0.7,-0.7,-0.7
57,12.35,17.030108451039045,18.64272775261847,18.64502551578058,2.852008493052064,4.41981941232374,4.369628553593753,0.26425,0.4439863088728119,0.4431537941048128,4.64,4.64,4.64,28.05621584193274,31.61799207832771,31.578612343948137,25.87376690903241,25.61161257174404,25.619115747744196,-1.5639228883340404,-2.0390804769177624,-2.0390804769177624,False,False,False,-0.7,-0.7,-0.7
57,14.06666667,19.753274026704823,20.495314873376472,19.876680688362057,5.599970902544573,6.0972565718759295,5.298509178838818,0.34725,0.3872894926774744,0.3254444363418227,4.64,4.64,4.64,29.33533063026766,29.94354654656842,28.61329561439354,25.34208775000216,25.255724877060395,25.394561487685696,-2.7509214825869117,-2.9593645162282107,-2.667544269130392,False,False,False,-1.0,-1.0,-1.0
57,14.15,20.24293216763368,20.342911772255352,19.85984611509767,6.453693147278257,6.0342014690993215,5.421923327129772,0.42200000000000004,0.39178342207278727,0.3421857015467011,4.64,4.64,4.64,30.32340614598506,29.681027085044988,28.677054526076958,25.37735314537838,25.447989355538198,25.55468681100462,-3.08443033641299,-2.917675909499951,-2.709232875858652,False,False,False,-1.0,-1.0,-1.0
57,14.3,20.0785919013186,20.215141678739307,19.21304771373351,6.58329175949395,6.208853602843913,5.0074681786499635,0.402,0.37702203990294125,0.2905857090113303,4.64,4.64,4.64,30.158286967122706,29.560489706881334,27.571142718364122,25.6661424545708,25.728778741786968,25.937384130907617,-3.341556458105307,-3.178420121644529,-2.7705792804925844,False,False,False,-1.18,-1.18,-1.18
57,14.36666667,20.134261334890557,20.204364821943503,19.72240226113089,6.687731041202294,6.207513479846728,5.603400827660049,0.41700000000000004,0.383552952402535,0.3370847212749305,4.64,4.64,4.64,30.28318773683906,29.571571433418413,28.607586954116723,25.70966231614285,25.790075878855685,25.894523257229512,-2.942169029880327,-2.7715955074899004,-2.558378604501868,False,False,False,-0.81,-0.81,-0.81
57,14.51666667,19.372063379131042,20.28381752892678,19.971213621634167,5.677457075784609,6.362288072520804,5.966819736903408,0.327,0.3769294365126363,0.3469548954150687,4.64,4.64,4.64,28.8692417135901,29.707225730829528,29.075788230877585,25.827461072126468,25.709835937546863,25.777706814293584,-2.4710419210847827,-2.6870226431682926,-2.5574342099181866,False,False,False,-0.7,-0.7,-0.7
57,14.58333333,20.343248987142054,20.31004465939591,20.07228677407654,6.769835494810799,6.118446676204233,5.836739064948276,0.4385,0.39035815100413834,0.3661962058961742,4.64,4.64,4.64,30.646359171304155,29.738488158583667,29.26415730520975,25.553094275615255,25.66247126212201,25.711545801691404,-2.8166110764183987,-2.6006303543348888,-2.514238065501485,False,False,False,-0.7,-0.7,-0.7
57,16.11666667,18.096079880542323,19.724292165622995,19.210771793771283,4.962331726454876,6.5301569328093665,5.666913331104842,0.26825,0.3702623922600119,0.31579565876370713,4.64,4.64,4.64,27.65056110252802,29.874869851729112,28.67531340060992,26.29605531043495,26.036510450371154,26.177297139611515,-2.5424784489456127,-3.08443033641299,-2.7926100893151715,False,False,False,-1.0,-1.0,-1.0
57,16.25,19.875736702830306,19.67257413622302,19.040050225848397,7.326918287777061,6.374056705725405,5.373318300473847,0.45125,0.3806862118946768,0.313938915383933,4.64,4.64,4.64,31.02301490253631,29.806406497266867,28.35894052778815,25.9552941555277,26.10765334842881,26.27209459538429,-3.453366325917461,-3.0804301718957854,-2.7489313683209637,False,False,False,-1.05,-1.05,-1.05
57,16.31666667,19.752492770949335,19.720830202019783,18.80642628160599,6.964155657301334,6.349081415053537,5.016858818275898,0.42525,0.3801713632930012,0.29079365146814745,4.64,4.64,4.64,30.7327746754725,29.864685036557532,27.81700715499469,25.931860060391497,26.03082249838244,26.2512996587893,-3.4567227808026493,-3.211716768573794,-2.7625390794875595,False,False,False,-1.17,-1.17,-1.17
57,16.51666667,18.999387170341006,19.691444632665352,19.25962897732963,6.053785540164307,6.580393124330637,5.836739064948276,0.3375,0.3730088955949151,0.3263328980338387,4.64,4.64,4.64,29.291658170170116,29.832454381873593,28.815410874829034,26.175667527554484,26.08995329775787,26.21075831646075,-2.6006303543348888,-2.773414932001697,-2.514238065501485,False,False,False,-0.7,-0.7,-0.7
77,9.916666667000001,18.3542090312725,18.508573630284538,18.50794165532389,3.615147821923796,3.7039329487545314,3.738528220465394,0.4885,0.5021782336978766,0.5139338752755866,4.64,4.64,4.64,32.132785571373944,32.24397401353647,32.33875839324275,18.167502352773802,18.15268220791453,18.146392094905288,-1.6924664244879022,-1.7361650814674183,-1.7361650814674183,False,False,False,-0.6,-0.6,-0.6
77,9.983333333,18.245199778550454,18.396765102681844,18.31989856517697,3.737820663502894,3.807759993453949,3.597844103436468,0.4795,0.4895005584829775,0.46198910092868434,4.64,4.64,4.64,31.828601773080383,31.900023619836634,31.53911295350296,17.996405679282034,17.98480567055799,18.019520853738538,-1.7361650814674183,-1.7361650814674183,-1.6924664244879022,False,False,False,-0.6,-0.6,-0.6
77,10.13333333,17.71817904494391,18.461327928871448,18.45719209643521,2.8878555536596626,3.9892374009930847,4.001680295571765,0.31625,0.4602014048083388,0.46586568424421154,4.64,4.64,4.64,29.382415049646188,31.91883074352256,31.973952880123598,18.4052064635956,18.2191570956419,18.216796791941444,-1.7412898870220992,-2.0808288916019464,-2.0808288916019464,False,False,False,-0.85,-0.85,-0.85
77,10.2,18.3011039904704,18.50280996005358,18.350235731727487,3.689984655659942,3.8710279683772026,3.4651124531529356,0.455,0.48118607138860775,0.42574185334981385,4.64,4.64,4.64,31.591150017048246,31.870411651031144,31.10275442422952,18.44398643055802,18.41387307592388,18.481469235875537,-1.9959441404569849,-2.0383865160294654,-1.911059389312023,False,False,False,-0.85,-0.85,-0.85
77,10.36666667,18.101854113148043,18.491966975022425,18.528107771817126,3.31380142143308,3.90842104986071,4.077068527962141,0.39175,0.47570873091599003,0.5054036321894071,4.64,4.64,4.64,30.9726235748656,32.14088580520551,32.453504747818144,18.254206540047424,18.15440324692865,18.126186740824213,-1.5166268994735936,-1.6934315776429143,-1.7376327471852444,False,False,False,-0.5,-0.5,-0.5
77,10.43333333,18.349988202362685,18.74095280008706,18.701802749895045,3.471721308838375,4.0298488054842805,3.934776602084941,0.39925,0.47629202879476223,0.467328103352507,4.64,4.64,4.64,31.006894173104673,32.05919301809285,31.91098677628209,19.33331471436195,19.240281792050737,19.25559192103906,-1.5608280690159237,-1.7376327471852444,-1.6934315776429143,False,False,False,-0.5,-0.5,-0.5
77,11.78333333,20.173950883549313,20.722956338928366,20.540648401064487,5.585307333042321,5.945553684694768,5.6639994985556505,0.37799999999999995,0.41036433529240374,0.38455623457463184,4.64,4.64,4.64,29.627835934197652,30.06785904826441,29.578266520109807,23.37414491827156,23.311177551529422,23.360440554178,-2.304247622201127,-2.4353435931396756,-2.3479462791806434,False,False,False,-0.6,-0.6,-0.6
77,11.86666667,20.443395746994447,20.56065806933742,20.2869543659983,6.589447448924383,6.201182901497451,5.797828045907897,0.42625,0.39858997391269907,0.36548516740961706,4.64,4.64,4.64,30.28358921087129,29.693673466418304,29.039836074833577,23.995721174637595,24.060799301346577,24.13044582172953,-2.6538368780372563,-2.522740907098708,-2.3916449361601595,False,False,False,-0.6,-0.6,-0.6
77,12.01666667,19.66126895683747,20.41256517821902,19.698339272087356,5.730839686356282,6.279455581287582,5.310333398077454,0.34725,0.38975856753833954,0.3176186796707531,4.64,4.64,4.64,28.79922943701199,29.454202519277057,27.89314396645187,24.680958183274026,24.586512969245334,24.75384062255095,-2.6325797740441983,-2.8447916519066028,-2.505252647326756,False,False,False,-0.85,-0.85,-0.85
77,12.1,20.47720739791313,20.445030530626788,19.82720707526387,6.644623180711663,5.996790996500361,5.181824484763303,0.45325,0.40281801688085517,0.3358209874973704,4.64,4.64,4.64,30.522597579846874,29.622642169380597,28.279561395299886,24.733946238915237,24.84328589123474,24.985792372961463,-2.9721187786240457,-2.7174645251891603,-2.462810271754275,False,False,False,-0.85,-0.85,-0.85
77,12.21666667,20.608972047393095,20.488360574535623,20.35578869404387,6.861118581099339,6.035921844393276,5.888081465475818,0.47275,0.40693228280960553,0.3920063456695364,4.64,4.64,4.64,30.80051079907279,29.714108725915192,29.430817245279755,24.65001267265054,24.788908832579658,24.81508673034279,-2.6216561380318475,-2.3564491207778664,-2.3122479512355367,False,False,False,-0.5,-0.5,-0.5
77,12.28333333,19.591867386541267,20.56674329070505,20.31909480955114,5.400868606062667,6.224290740777299,5.888081465475818,0.33025,0.39377883292417754,0.36602615953967504,4.64,4.64,4.64,28.804003331953282,29.908480641331014,29.352126967599858,24.92238506442183,24.779937903194853,24.838041665488365,-2.135443273066216,-2.400650290320197,-2.3122479512355367,False,False,False,-0.5,-0.5,-0.5
77,14.58333333,16.457143453048626,15.809860497645921,16.175870248177812,7.829885223898837,6.559199319457266,6.975031760801663,0.33525,0.27032183653266145,0.29192434892996777,4.64,4.64,4.64,30.568528588032223,29.035655868291965,29.51786907595018,30.917760645270505,31.126307073599598,31.056948434366024,-3.0908234478324172,-2.6538368780372563,-2.7849328489758047,True,True,True,-0.6,-0.6,-0.6
77,14.78333333,16.716350010630197,15.83439345862318,16.27314477027318,7.890505356710329,6.315330855825492,6.804350557682464,0.37175,0.2824732767074637,0.3106076478780539,4.64,4.64,4.64,30.800859741078412,29.001538301129592,29.5743372740253,30.823043387048436,31.082854900711425,31.00041434729026,-3.396542534348855,-2.8447916519066028,-3.0145611541965267,True,True,True,-0.85,-0.85,-0.85
77,14.93333333,16.96096926960559,16.006913645722797,16.254047349589314,8.181167359808795,6.447769697374541,6.694180998322569,0.37925,0.28290851665210304,0.2975289768958837,4.64,4.64,4.64,31.101778447132464,29.183171027817565,29.476590828419543,30.73415412429037,31.01794356279029,30.97618726607715,-3.107869002997479,-2.489052629404857,-2.5774549684895174,False,True,True,-0.5,-0.5,-0.5
