site_spp,A(Const0.01),A(Const0.1),A(Const0.2),A(Const0.3),A(Const0.4),A(Const0.5),E(Const0.01),E(Const0.1),E(Const0.2),E(Const0.3),E(Const0.4),E(Const0.5),gs(Const0.01),gs(Const0.1),gs(Const0.2),gs(Const0.3),gs(Const0.4),gs(Const0.5),gb(Const0.01),gb(Const0.1),gb(Const0.2),gb(Const0.3),gb(Const0.4),gb(Const0.5),Ci(Const0.01),Ci(Const0.1),Ci(Const0.2),Ci(Const0.3),Ci(Const0.4),Ci(Const0.5),Tleaf(Const0.01),Tleaf(Const0.1),Tleaf(Const0.2),Tleaf(Const0.3),Tleaf(Const0.4),Tleaf(Const0.5),Pleaf(Const0.01),Pleaf(Const0.1),Pleaf(Const0.2),Pleaf(Const0.3),Pleaf(Const0.4),Pleaf(Const0.5),Rublim(Const0.01),Rublim(Const0.1),Rublim(Const0.2),Rublim(Const0.3),Rublim(Const0.4),Rublim(Const0.5),PPFD,VPD,Patm,Tref,Ps,Tair,CO2,doy,hod,E,gs,gb,Pleaf,Tleaf
E_crebra_HW2,2.1619251545543747,15.800964364369811,20.494685712918837,21.892638423865446,22.4740247826162,22.762386015356952,0.3427918017577142,3.1877143425112813,5.922887422633328,8.305292045586826,10.471598623404848,12.424357203728066,0.01,0.1,0.2,0.3,0.4,0.5,2.92139875,2.92139875,2.92139875,2.92139875,2.92139875,2.92139875,11.388832971084266,19.902157948945177,28.43485884867878,33.017433046412435,35.644196446167165,37.310234104421255,26.041742281510786,25.269631897539067,24.580653922775728,24.023285963092107,23.550173460285748,23.150274958845486,-1.2272517676406405,-1.7223917925860848,-2.2175318175315293,-2.654420074836332,-3.062182448320816,-3.469944821805299,True,False,False,False,False,False,1173.0,3.10358225,100.2925,29.225,-1.169,24.23,45.532795,306,12.07694444,3.00424525,0.09697925,2.92139875,-2.366,31.6075
E_crebra_HW2,1.8838121188838208,7.2791100406340625,8.110553353363901,8.407203210263972,8.60564314647059,8.795199290061243,0.27071252176736804,2.4231861113153714,4.348233855536547,6.106491987422569,7.628224064460282,8.837242311579198,0.01,0.1,0.2,0.3,0.4,0.5,2.9213815,2.9213815,2.9213815,2.9213815,2.9213815,2.9213815,15.31537745799202,33.54587473249602,38.67445058268104,40.648426157686146,41.677484274248904,42.30577662861587,40.43720073347696,39.90326290759818,39.49524983610113,39.173373054169204,38.9313059615797,38.76732012763146,-0.435975130051476,-0.8316766906691881,-1.1614279911839482,-1.4911792916987086,-1.7549803321105166,-1.952831112419373,False,False,False,False,False,False,310.0,2.55984725,101.8575,35.6225,-0.40299999999999997,39.92,45.530302500000005,311,12.264375,1.37454875,0.05358725,2.9213815,-2.116,32.815
E_crebra_HW2,2.3206860956918964,14.054342852251274,17.978765046845734,19.84904240194151,21.024558731524092,21.85212761865778,0.4258526760497445,3.840609280625425,6.941653529529471,9.607102949409189,11.972558754733912,14.112007383105857,0.01,0.1,0.2,0.3,0.4,0.5,2.92187175,2.92187175,2.92187175,2.92187175,2.92187175,2.92187175,14.405624827396965,28.425651930764108,36.373421013369175,40.0811175353154,42.18698523918177,43.550814770782054,38.25695757901252,37.34484235548418,36.61550205292351,36.062896565420616,35.62585606829595,35.269842345235354,-0.7896939786959168,-1.4166337656550854,-1.9495325845703784,-2.4510844141377133,-2.8899422650091315,-3.2974531265325906,True,False,False,False,False,False,1049.25,3.7484835,101.765,35.355,-0.727,36.55,51.594854999999995,312,12.22104167,2.031698,0.0548795,2.92187175,-2.299,36.215
E_crebra_HW2,2.353081634112932,14.460693998560467,16.728082046042378,17.381041476623828,17.676028467668406,17.84843423391622,0.21190284018483452,1.971657235984192,3.6636805518510593,5.135596010195901,6.499618393003316,7.714342930288676,0.01,0.1,0.2,0.3,0.4,0.5,2.9206585,2.9206585,2.9206585,2.9206585,2.9206585,2.9206585,12.178725737847786,25.887257432095247,35.383870937094436,39.40242187394523,41.5539950364959,42.88283485667528,25.62439040033495,25.15823659290655,24.74396022865193,24.410609880734402,24.122799571352786,23.883433453624573,-0.5563670898504711,-0.8800379883551809,-1.1713417970094198,-1.430278515813188,-1.6568481447664851,-1.8834177737197817,True,False,False,False,False,False,604.0,1.97385175,100.265,28.55,-0.524,24.8,49.33038,306,11.645,2.371673,0.12231600000000001,2.9206585,-2.613,27.4975
E_crebra_HW2,2.4893055837248066,11.337527203808813,13.330346865263948,14.456768132313615,14.946702538256336,15.400564200493154,0.3289684728149848,2.944833739661072,5.284906209735516,7.200431973106912,9.068614420333247,10.677447392328336,0.01,0.1,0.2,0.3,0.4,0.5,2.92162,2.92162,2.92162,2.92162,2.92162,2.92162,16.410813675269736,37.65065637026346,45.06840185854908,48.00558462951477,49.66734400211687,50.687445952281024,40.47414060214869,39.7777151514504,39.237008255967076,38.85223212705925,38.51973404240911,38.26608543145461,-0.2996688530677761,-0.7395163980083209,-1.179363942948866,-1.5177082082877469,-1.8222180470927396,-2.126727885897732,True,False,False,False,False,False,702.75,2.8702520000000002,101.93,35.7325,-0.23199999999999998,39.22,56.367290000000004,311,11.66458333,2.061449,0.073837,2.92162,-2.3480000000000003,34.285
E_crebra_HW2,2.149626646212534,12.449847992082688,15.118880418960053,16.178552563873392,16.829601882297958,17.27068592622745,0.3330220246875754,3.0132609244847037,5.460298129034326,7.614558912744477,9.510817055216343,11.230149375026867,0.01,0.1,0.2,0.3,0.4,0.5,2.92148125,2.92148125,2.92148125,2.92148125,2.92148125,2.92148125,14.09877184524003,28.053817330846964,35.7710609859401,39.168866872883896,41.026711414948906,42.20375492285589,37.120619527457606,36.425139112530545,35.867039987930845,35.433953913209585,35.09458021094658,34.81734999940532,-0.6105130741733038,-1.0621045933864304,-1.5136961125995567,-1.90077455763938,-2.2233399285058986,-2.545905299372418,True,False,False,False,False,False,672.5,3.0529105,101.795,34.38,-0.546,36.09,48.556215,312,11.61069444,2.01221825,0.0671215,2.92148125,-2.301,33.275
E_crebra_HW2,2.3758645856683174,15.580274058340812,18.481337261051127,19.294700411968837,19.652412966715367,19.85232017024341,0.2499943721819821,2.324744824752807,4.3180783882358815,6.051661347379409,7.65534726111536,9.085276372720283,0.01,0.1,0.2,0.3,0.4,0.5,2.92134725,2.92134725,2.92134725,2.92134725,2.92134725,2.92134725,11.920347961244696,24.173510075104065,34.02492969296734,38.41234957787847,40.78930160611947,42.2641252240639,25.949995617022605,25.399007527312875,24.909843002214608,24.516431400215005,24.17751456089505,23.895321491208787,-0.6180555320615262,-1.0027219167998416,-1.3553327694766304,-1.643832558030367,-1.9323323465841036,-2.188776603076313,True,False,False,False,False,False,722.0,2.31937375,100.275,29.405,-0.586,24.94,49.435575,306,11.79131944,2.1505330000000002,0.0932835,2.92134725,-2.14,29.2675
E_crebra_HW2,2.3218085364662184,10.501535530671644,12.902668376322888,14.464458900641125,15.232933057868586,16.135722654712705,0.4175541792861977,3.721186190559164,6.654699919007835,9.044163776532288,11.331183548351698,13.161223429875953,0.01,0.1,0.2,0.3,0.4,0.5,2.92219425,2.92219425,2.92219425,2.92219425,2.92219425,2.92219425,16.649281272318646,36.54996768379646,42.962651370440035,45.55054306565604,47.08159029855271,48.000619955864074,41.846079152112274,40.952766829599625,40.26577420786876,39.78025363240996,39.37072976270787,39.08353441363034,-0.8995784008064696,-1.4845732084679308,-2.007989615322922,-2.43903842096821,-2.8700872266134976,-3.239557631452316,True,False,False,False,False,False,986.0,3.540786,101.9175,36.2375,-0.838,40.09,53.914357499999994,311,11.80805556,1.485965,0.04233825,2.92219425,-1.476,36.47
E_crebra_HW2,1.955362405514504,11.74112224788721,15.46337696567817,17.745035215633443,19.156933292265386,20.182864133019446,0.454452850855233,4.049818670319151,7.376976248008192,10.095879551287434,12.542259950360483,14.744799472252105,0.01,0.1,0.2,0.3,0.4,0.5,2.92178675,2.92178675,2.92178675,2.92178675,2.92178675,2.92178675,14.157923104458694,26.19434914973336,32.35724186204565,35.20872533914629,36.936948821683934,38.07751717536188,38.991437196843506,37.98998475552339,37.17119497045449,36.57739674686758,36.09979328722983,35.711687591553066,-0.7501263951795537,-1.3843023630432447,-1.9550607341205668,-2.4624015084115203,-2.9063246859161036,-3.350247863420688,True,False,False,False,False,False,1383.5,3.7787879999999996,101.8025,34.6325,-0.655,36.58,45.505717499999996,312,11.74777778,2.218121,0.058490999999999994,2.92178675,-2.4,35.655
E_crebra_HW2,2.2440067012541247,15.631890090949428,19.776170616023,21.08019266256429,21.67457362383492,22.000378177415215,0.26948301692412546,2.5024337718247134,4.641715179311212,6.4973328696238974,8.12656881266278,9.571799635250617,0.01,0.1,0.2,0.3,0.4,0.5,2.92066525,2.92066525,2.92066525,2.92066525,2.92066525,2.92066525,13.399695082373276,23.478408823834855,32.33533585996618,36.78499239126703,39.29169213832217,40.8811469959904,26.65296630588529,26.02968403383579,25.475283197997356,25.02847886632244,24.66229673020502,24.35781166216809,-0.9362065415099872,-1.3034457905699104,-1.7012883103848273,-2.037924288689757,-2.313353725484699,-2.5887831622796416,True,False,False,False,False,False,1111.75,2.34838125,100.2775,25.8475,-0.875,24.81,48.835142499999996,306,11.32652778,0.7290705,0.031170499999999997,2.92066525,-1.9,28.2125
E_crebra_HW2,2.323265001526375,13.927645403361426,18.023727523588366,20.055250572953717,21.346439447010827,22.4355764272697,0.4829248527412297,4.366728273815654,7.913280946727727,10.965484517406335,13.677940693781936,16.004064191903744,0.01,0.1,0.2,0.3,0.4,0.5,2.9219075,2.9219075,2.9219075,2.9219075,2.9219075,2.9219075,14.897750972886124,29.185654419080723,36.90372380800353,40.538791116779635,42.623430191090854,43.961637170021675,37.507628632622094,36.46881932885874,35.628953560766455,34.98837441809488,34.4786614293312,34.08581905363867,-0.5954932293504079,-1.2779458348032635,-1.8954029540225141,-2.4478645870081586,-2.9678284768770014,-3.422796880512238,True,False,False,False,False,False,1242.75,4.27305225,101.9375,33.6825,-0.498,35.53,52.192,311,11.38888889,0.607394,0.01450525,2.9219075,-2.375,37.7
E_crebra_HW2,2.28575202429846,13.527568958204816,17.756447354813215,20.021051885466328,21.45265635629061,22.783294941491853,0.4767082724852455,4.255509391781566,7.691644623225014,10.604688440100064,13.199656892745756,15.342000938626228,0.01,0.1,0.2,0.3,0.4,0.5,2.921603,2.921603,2.921603,2.921603,2.921603,2.921603,15.478783707498904,29.87912108153153,37.118042438017724,40.53099072270799,42.519550806039355,43.79347766078933,37.53081108678553,36.43211674677072,35.531199392973825,34.84324595536568,34.28816459482167,33.869154851415736,-1.2573625760840763,-1.9271423260619944,-2.5386803586505287,-3.091976673849678,-3.616152130354136,-4.111206728163902,True,False,False,False,False,False,1883.0,3.75990625,101.8125,32.4775,-1.17,34.13,52.128,312,11.34291667,0.79152,0.0220745,2.9216029999999997,-2.63,34.975
E_crebra_HW2,2.01839050524404,13.691280278029852,16.979390099538932,18.132579321774763,18.668024504356804,19.023238815595988,0.27733285055265283,2.5495196395725737,4.685680789035408,6.508999332308912,8.227557817190025,9.736180907493617,0.01,0.1,0.2,0.3,0.4,0.5,2.92083225,2.92083225,2.92083225,2.92083225,2.92083225,2.92083225,12.459168846936686,22.13185489258241,30.183982224819513,33.99410325279285,36.12924073697891,37.46960777289552,31.022700734194153,30.42373141058457,29.91410286533876,29.52004447268048,29.179747686540654,28.905810600858963,-0.4628394516595162,-0.8897523232332271,-1.2509862914879055,-1.5793808080830676,-1.8749358730187136,-2.1376514862948435,True,False,False,False,False,False,698.75,2.53781725,100.3425,31.615,-0.43,30.01,44.351385,306,12.69986111,2.897853,0.11819849999999998,2.92083225,-2.262,31.145
E_crebra_HW2,2.3037256211524717,12.322787377031482,15.540742883565233,17.130530700337733,18.216394681286605,19.286013660472552,0.4504690647157584,4.0188269706185284,7.196372921672153,9.960556779409627,12.396104926184409,14.394525564036556,0.01,0.1,0.2,0.3,0.4,0.5,2.9218572,2.9218572,2.9218572,2.9218572,2.9218572,2.9218572,14.993291697879512,31.608985589077264,38.79143708380528,41.98601126855712,43.766671376261044,44.87679535772342,41.54419298129103,40.607964432186506,39.88936084442896,39.349132346233866,38.93231740421554,38.63391053521049,-0.5164678480426506,-1.1711463284691561,-1.7276230368316854,-2.2186318971515644,-2.6769068334501185,-3.0369799976846963,True,False,False,False,False,False,918.8,3.9756896,101.84,37.766,-0.451,40.02,51.9384,311,12.68261111,2.3040276,0.0619706,2.9218572,-2.255,37.638000000000005
E_crebra_HW2,2.171916515276488,15.215608544062302,21.425474496661387,24.659867449092086,26.918790888251728,28.47288877698,0.4924523571721279,4.375120977922415,7.888454103989577,10.897046529465673,13.486206353431676,15.841317010001127,0.01,0.1,0.2,0.3,0.4,0.5,2.9221115,2.9221115,2.9221115,2.9221115,2.9221115,2.9221115,13.323366345688667,23.107485110683346,30.011002441661862,33.79147779631429,36.086795970531774,37.64753442672721,39.52388800158066,38.43053237896912,37.553803118690794,36.88900936216765,36.377373500736624,35.9571436862696,-0.7649002645262875,-1.4292021162102988,-2.0618705463855482,-2.5996387120345097,-3.1057734561747092,-3.580274778806145,True,False,False,False,False,False,1574.25,4.016118,101.7175,37.865,-0.67,36.75,48.1123775,312,12.61972222,4.00406225,0.10104475,2.9221115,-2.27,37.6925
E_fibrosa_HW2,2.0372606921612717,11.329752543709969,12.921075479589113,13.425481375142635,13.697976744100352,13.869730547897591,0.2591358083287401,2.391574468935247,4.411554326456732,6.234638234280336,7.844601727154255,9.30830515144936,0.01,0.1,0.2,0.3,0.4,0.5,2.92179575,2.92179575,2.92179575,2.92179575,2.92179575,2.92179575,12.661746532392357,26.473284638360962,34.07671905450681,37.17373918227024,38.8150211746654,39.830733806165846,29.42166097957268,28.885763832187905,28.426619736763865,28.050232756185412,27.746918135781087,27.492880688164217,-0.7804559727532254,-1.2299276457919308,-1.6419433460774109,-1.97904710085644,-2.316150855635469,-2.6157986376612725,False,False,False,False,False,False,426.75,2.5118985,100.33,30.715,-0.743,29.01,44.84751,306,12.56944444,0.33650775,0.01328325,2.92179575,-1.9509999999999998,30.205
E_fibrosa_HW2,2.097929587345975,5.032882483730622,5.221053343771506,5.284822161578694,5.318382023521587,5.336800257089374,0.3825582900767822,3.4320822495853216,6.32931354857455,8.839653355122927,10.930190973488088,12.871859079785994,0.01,0.1,0.2,0.3,0.4,0.5,2.9218416,2.9218416,2.9218416,2.9218416,2.9218416,2.9218416,18.295535364242184,43.65545430933381,47.517379428735076,48.87163028566469,49.56125293703861,49.97966871988296,39.95827113031824,39.26329347611337,38.70429639060543,38.29178596144003,38.00059801505818,37.760331671273406,-0.7812838048029332,-1.3835542432264,-1.9858246816498664,-2.475169412868933,-2.926872241686533,-3.3032912657012004,False,False,False,False,False,False,164.0,3.9337164,101.838,37.28,-0.706,40.02,51.93738,311,12.62561111,0.5341798000000001,0.013455000000000002,2.9218416,-2.4,37.214
E_fibrosa_HW2,2.1648026595479006,12.468605548627446,14.464196681818212,15.203385944882667,15.659906414680586,15.947014243422744,0.4132438785108644,3.7398716235195155,6.875260061781755,9.598287411989883,11.927164755760955,14.058327333402586,0.01,0.1,0.2,0.3,0.4,0.5,2.9220386,2.9220386,2.9220386,2.9220386,2.9220386,2.9220386,13.440384827469211,27.62162714578605,35.88271567525242,39.30095228037671,41.13051737811679,42.27700854998879,37.16853560250628,36.36369124777846,35.705161525677454,35.206315737543896,34.83240806542361,34.52551211888104,-0.8743390811848429,-1.5433908118484287,-2.1752730019195927,-2.732816110805915,-3.216020138507393,-3.6620546256164506,False,False,False,False,False,False,469.8,4.0742502,101.728,37.508,-0.8,36.75,48.117344,312,12.56183333,1.0746066,0.0252866,2.9220386,-2.448,37.836
E_fibrosa_HW2,2.3397609766046807,11.206194169782808,12.219970264878024,12.525578506583194,12.685490516113127,12.784913754947635,0.2143422026758943,1.9966867867762959,3.7146702840785317,5.267332281489043,6.648977616111655,7.9068383565359435,0.01,0.1,0.2,0.3,0.4,0.5,2.9214315,2.9214315,2.9214315,2.9214315,2.9214315,2.9214315,12.389990714669556,31.170144171747197,39.14943958090765,42.17751394438899,43.74988997441987,44.71204183622327,25.07877791622643,24.628921984026114,24.229741066885538,23.896633686913624,23.621867932051483,23.388346312917665,-0.4869383848135269,-0.8373838481352696,-1.1878293114570122,-1.4993363899652281,-1.7719050836599166,-2.0444737773546056,False,False,False,False,False,False,363.5,2.103822,100.2675,28.735,-0.44799999999999995,24.8,49.33161,306,11.68555556,1.39183275,0.065446,2.9214314999999997,-2.35,27.9725
E_fibrosa_HW2,2.493173561871026,11.775606351958695,14.164539598792073,15.337726014795338,16.138453781878074,16.920451176927905,0.3907452348268272,3.497412784286741,6.278470555144298,8.695000102701346,10.82540008670063,12.584289490384315,0.01,0.1,0.2,0.3,0.4,0.5,2.9216175,2.9216175,2.9216175,2.9216175,2.9216175,2.9216175,16.34894741487262,36.92899956069443,44.37329390403836,47.45246064711524,49.12776693576183,50.165252765987034,40.564807509766425,39.748495450513595,39.115583311146885,38.63814555680525,38.26810924358754,38.00016635433288,-0.6288315434964007,-1.243483891467606,-1.819720467690611,-2.2807097286690152,-2.741698989647418,-3.0874409353812218,True,False,False,False,False,False,802.0,3.46531275,101.9325,35.8375,-0.552,39.22,56.368672499999995,311,11.69152778,1.096892,0.03119525,2.9216175,-2.316,36.0375
E_fibrosa_HW2,2.0308253784672035,12.14029463276292,15.845596627979395,17.874940556765768,18.962425320812144,19.81413280263238,0.4203365859978875,3.789715284965399,6.846993573377953,9.38266526694942,11.745171656336689,13.829951935331195,0.01,0.1,0.2,0.3,0.4,0.5,2.9213465,2.9213465,2.9213465,2.9213465,2.9213465,2.9213465,14.168790774440524,26.688793545348066,33.284070433718504,36.3784769150583,38.2366614460135,39.42740545276564,38.35382405259647,37.43852099009166,36.70506253934407,36.167071398490684,35.718855491650245,35.362880422546574,-0.8980978751546922,-1.5649787515469211,-2.194810690361804,-2.7134958164446488,-3.195132004950148,-3.6397192558783,True,False,False,False,False,False,1136.25,3.62063575,101.79,34.4,-0.8240000000000001,36.44,46.72161,312,11.64326389,0.93517325,0.0233355,2.9213465,-2.09,34.6775
E_fibrosa_HW2,2.2158063302795377,10.2260600164779,11.20474732909385,11.516866370691496,11.686303669157205,11.79433431378421,0.2003933563893752,1.8665979747310284,3.4721603117952866,4.921692791895273,6.211553325539081,7.3854807126852675,0.01,0.1,0.2,0.3,0.4,0.5,2.920826833,2.920826833,2.920826833,2.920826833,2.920826833,2.920826833,13.844796637723384,32.2552864022431,39.49234444361615,42.24953876663618,43.68518951012843,44.56539174209247,25.094667348563515,24.673098974296398,24.29908186335544,23.987306592733532,23.73011219936347,23.511589812865658,-0.7317022039090044,-1.0710220390900436,-1.3726396703620782,-1.6742573016341131,-1.9381727289971435,-2.1643859524511697,False,False,False,False,False,False,352.6666667,1.9622161669999998,100.2616667,25.44,-0.6940000000000001,24.81,48.82743167,306,11.29796296,0.9018815,0.045546333,2.920826833,-2.164,26.3
E_fibrosa_HW2,2.343957508584089,12.505580732942644,14.495246955692654,15.193312829519368,15.63237019561667,16.00100111981287,0.3405205558132464,3.0901905424718614,5.615574109456525,7.896965253180344,9.890735607556037,11.564817571443465,0.01,0.1,0.2,0.3,0.4,0.5,2.921585,2.921585,2.921585,2.921585,2.921585,2.921585,14.567440195766954,31.58507345503952,39.92921230014379,43.363768646599695,45.189563386598884,46.319763594072754,36.193962056532136,35.50545146259354,34.950661348887685,34.50798156934105,34.16414352684995,33.90850106657676,-0.9505652118381092,-1.5023043006239285,-2.017260783490693,-2.458652054519348,-2.8632607196289483,-3.2310867788194946,True,False,False,False,False,False,529.5,3.2663005000000003,101.9375,34.1125,-0.877,35.53,52.192,311,11.41291667,1.0997385,0.033638,2.921585,-2.636,34.88
E_fibrosa_HW2,2.337584468935068,14.32372059296316,17.986569107030988,19.68835104815816,20.635691044707187,21.30231690907769,0.3518935212572929,3.1953246727780003,5.807825132429112,7.995114348323233,9.977251256560367,11.752053025781796,0.01,0.1,0.2,0.3,0.4,0.5,2.92114375,2.92114375,2.92114375,2.92114375,2.92114375,2.92114375,14.649930191237672,28.50071755822331,36.868675331659276,40.708809952269284,42.901447186485186,44.29915147977447,35.96240065108905,35.17930238480923,34.53568498248168,34.0530235906699,33.658234738547904,33.33664079469732,-1.072329030933587,-1.6509612784022791,-2.1572644949373854,-2.627403196005698,-3.0252128661404245,-3.3868580208083574,True,False,False,False,False,False,1076.25,3.0194259999999997,101.81,32.745,-1.0,34.13,52.12672,312,11.36673611,1.3649434999999999,0.04600175,2.92114375,-2.29,32.73
E_fibrosa_HW2,2.103010752271536,9.34676639357427,10.154381190437483,10.40947174944009,10.5516734129797,10.643284126672985,0.20928017420915102,1.9457290324010088,3.61318790438002,5.126798603375548,6.469041085996606,7.691285800992702,0.01,0.1,0.2,0.3,0.4,0.5,2.92093675,2.92093675,2.92093675,2.92093675,2.92093675,2.92093675,12.420302599951329,30.48041291907444,37.16931410120181,39.68269120422775,40.98533073596132,41.782314752931974,26.037415197969214,25.60467755759893,25.22415080736889,24.906531914668825,24.64670749243828,24.42665412347923,-0.4948981838085018,-0.8449818380850185,-1.195065492361535,-1.4673527790210477,-1.7396400656805606,-2.0119273523400736,False,False,False,False,False,False,300.5,2.07259625,100.285,29.2525,-0.456,25.87,45.629675,306,12.13854167,1.1721555000000001,0.055901,2.92093675,-1.722,27.4375
E_fibrosa_HW2,1.655851407874412,3.6022553200321603,3.7323766849039046,3.7766697276389856,3.79885272828672,3.8135216849296376,0.2414173409040097,2.163586038046061,3.964237063369055,5.5196982379167245,6.915925765394603,8.00231194247379,0.01,0.1,0.2,0.3,0.4,0.5,2.922297,2.922297,2.922297,2.922297,2.922297,2.922297,18.972814827345218,39.60129763207409,42.371142275518814,43.34019613146676,43.83357072321068,44.13221296152703,40.08865900620797,39.63447049695681,39.272920203012255,39.00587125874569,38.797007663177965,38.661751275709356,-0.3774911486326224,-0.7724026349588468,-1.127822972652449,-1.4437521617134284,-1.7201902021417852,-1.9571370939375201,False,False,False,False,False,False,130.0,2.40054025,101.86,35.655,-0.33799999999999997,39.92,45.531420000000004,311,12.23354167,0.695457,0.0287675,2.922297,-1.946,32.33
E_fibrosa_HW2,2.181877215829163,13.354152566534422,17.372730828726652,19.711986497529768,21.049314512617634,22.058282174735016,0.44765047592700813,3.9970426076878103,7.276016289914223,9.963145425166532,12.425906721727356,14.619919636509952,0.01,0.1,0.2,0.3,0.4,0.5,2.92130925,2.92130925,2.92130925,2.92130925,2.92130925,2.92130925,14.287629511259956,27.29432000492812,34.50572040742006,37.834869276449844,39.83678712463892,41.13401648465261,38.752593778095395,37.77573877642253,36.979324926672675,36.40122195820897,35.92774251221424,35.54759512610081,-0.8901782771647423,-1.631961048812166,-2.2624764047124764,-2.8188134834480443,-3.3380614236012405,-3.8202202251720667,True,False,False,False,False,False,1286.25,3.787156,101.7575,35.2825,-0.816,36.55,49.25063,312,12.19236111,2.03266,0.05594325,2.92130925,-2.211,35.71
E_fibrosa_HW2,2.055244361368461,14.976316893837893,19.78732111824702,21.469590192689928,22.2762489966076,22.708621186844887,0.3345930306568841,3.0924841746947944,5.712658902927218,7.970602081563536,9.943694631055207,11.835405764119127,0.01,0.1,0.2,0.3,0.4,0.5,2.92164075,2.92164075,2.92164075,2.92164075,2.92164075,2.92164075,12.370960515696638,20.528369883094626,28.31390147451472,32.55540752075752,35.02402774284017,36.624148702842994,28.84578452270637,28.08734459249072,27.42416651688724,26.897768340111885,26.471868429830323,26.09078435697319,-0.7387159656069533,-1.2687277248556272,-1.7987394841043014,-2.253035277746022,-2.6694730885842657,-3.0480529166190333,True,False,False,False,False,False,1196.25,2.9410905,100.29,29.2275,-0.6629999999999999,26.91,44.82963,306,12.21736111,0.83077475,0.0282735,2.92164075,-0.9890000000000001,31.22
E_fibrosa_HW2,1.7374895022730017,3.785363748084495,3.925505590360161,3.9751996117612127,4.0031082375641045,4.018976065552,0.28930211299092073,2.589266339844704,4.754026114578483,6.625091722143669,8.17298826752207,9.606748739605305,0.01,0.1,0.2,0.3,0.4,0.5,2.9213240000000003,2.9213240000000003,2.9213240000000003,2.9213240000000003,2.9213240000000003,2.9213240000000003,19.192227551660245,40.83038014401027,43.737473508400925,44.75485909732897,45.272671237201045,45.58698455398035,40.538958721540645,40.00460258547239,39.579338842914865,39.266522759291455,39.04725263454229,38.86722263761415,-2.6483290309335867,-3.1271257938690726,-3.577758041337765,-4.000225773339665,-4.366364474407978,-4.732503175476292,False,False,False,False,False,False,134.25,2.9168865000000004,101.865,35.8075,-2.592,40.44,47.06163,311,12.155625,0.49219075,0.01661775,2.9213240000000003,-3.033,33.845
E_fibrosa_HW2,1.9553823166835365,12.178657856316619,15.46008842494936,16.823878665001892,17.666264237090843,18.371922724749943,0.3678822470247559,3.3213289453325703,6.007738846545102,8.368513668192449,10.446850380914297,12.192915414464998,0.01,0.1,0.2,0.3,0.4,0.5,2.922464,2.922464,2.922464,2.922464,2.922464,2.922464,13.33957412155894,24.619519264485483,31.603537926609317,34.91287597816902,36.76863667347874,37.94444797408711,37.87052269777384,37.102897161758776,36.49102109289457,36.01847819066569,35.649064867993204,35.373681507679755,-1.5673039053054458,-2.1730390530544588,-2.711470295498026,-3.21624958528887,-3.653724969774269,-4.057548401606944,True,False,False,False,False,False,751.5,3.35071,101.76,35.46,-1.5,36.71,44.67264,312,12.09972222,1.0924365,0.032639499999999995,2.9224639999999997,-2.83,33.965
E_moluccana_HW2,2.1166111832335384,13.899093252969847,16.81172160986477,17.714088006078104,18.12089466531395,18.361583367602325,0.28328228082633256,2.633786092070745,4.892075940120202,6.857113538986334,8.697579455957326,10.32879891000841,0.01,0.1,0.2,0.3,0.4,0.5,2.92188275,2.92188275,2.92188275,2.92188275,2.92188275,2.92188275,12.702868715977207,23.58702697217773,32.10481106881637,36.00407579037757,38.147824921824544,39.48694854375304,26.082240010858534,25.467954120651626,24.923806833759944,24.486918386520195,24.105974704988267,23.791458587877038,-8.633293781699662,-8.633293781699662,-8.633293781699662,-8.633293781699662,-8.633293781699662,-8.633293781699662,True,False,False,False,False,False,704.0,2.67310075,100.26,26.4825,,25.18,46.1196,306,11.37555556,-0.84421775,-0.030026,2.92188275,,29.5525
E_moluccana_HW2,2.2229069124323737,5.309380781525262,5.511486113040446,5.588385610314775,5.631749592779751,5.669204367880602,0.25837879574947026,2.349750781153737,4.345723888927699,6.082963126185503,7.6427463701024605,8.930878002648829,0.01,0.1,0.2,0.3,0.4,0.5,2.9212135,2.9212135,2.9212135,2.9212135,2.9212135,2.9212135,19.365867136286518,46.30124448359722,50.376890445251114,51.80197384979945,52.52744437933647,52.96610881251875,35.42673919944445,34.9332481415624,34.5220800475631,34.20842957570089,33.95804783536041,33.778007895225755,-8.633293781699662,-8.633293781699662,-8.633293781699662,-8.633293781699662,-8.633293781699662,-8.633293781699662,False,False,False,False,False,False,172.25,2.634388,101.94,32.645,,35.4,55.0476,311,11.30861111,0.36635650000000003,0.01544,2.9212135,,32.58
E_moluccana_HW2,2.460708982177721,13.252897180832775,15.167156922806795,15.825601327411698,16.206798320240672,16.456592462177994,0.2843432178501416,2.5977711446601357,4.747722368529591,6.6623357123256275,8.348568878177062,9.878394203653864,0.01,0.1,0.2,0.3,0.4,0.5,2.92102125,2.92102125,2.92102125,2.92102125,2.92102125,2.92102125,14.813921856558876,32.4458365162978,41.43189831701655,45.079640478016884,47.01463705159957,48.21567838193785,33.725452718867146,33.132954274891766,32.64227064907564,32.25154926416417,31.941555940301658,31.685491487912532,-8.633293781699662,-8.633293781699662,-8.633293781699662,-8.633293781699662,-8.633293781699662,-8.633293781699662,True,False,False,False,False,False,546.75,2.691837,101.8,31.915,,32.99,54.2594,312,11.28409722,0.8797905,0.03244325,2.92102125,,31.3875
E_moluccana_HW2,2.0211074136882283,14.01483955946452,17.609441034600504,18.860994208125845,19.49886132281578,19.92151774485498,0.4439625402653565,4.0860417841662615,7.571437042158166,10.631030489267447,13.375257505593769,15.775427179055212,0.01,0.1,0.2,0.3,0.4,0.5,2.921126,2.921126,2.921126,2.921126,2.921126,2.921126,12.415594540799,21.615970826781158,29.659062848815037,33.564678374020964,35.757802492209656,37.14900647476559,30.748691652717056,29.83365251924473,29.045092996016432,28.42017952445198,27.909679718355605,27.502645502788766,-0.9975205405195946,-1.733965675455743,-2.470410810391892,-3.0905751345486494,-3.710739458705405,-4.292143512602365,True,False,False,False,False,False,737.0,4.2853645,100.335,31.37,-0.92,30.01,44.34807,306,12.66222222,0.200272,0.0046134999999999995,2.9211259999999997,-1.021,36.3475
E_moluccana_HW2,2.3347385403533085,13.34750359490456,16.523308587889876,18.091709433798812,19.305601545943848,20.092077977564426,0.5857329905982175,5.242626735263952,9.573963544611116,13.321613032320425,16.48530200895392,19.394326353908642,0.01,0.1,0.2,0.3,0.4,0.5,2.92162075,2.92162075,2.92162075,2.92162075,2.92162075,2.92162075,14.494892213399892,29.980940717877626,37.92933167952534,41.405817346933176,43.31597994429524,44.57582875461417,40.77281918726581,39.64618720480207,38.75409033062567,38.092692482726676,37.6122800079739,37.22045131645036,-4.200797802463306,-5.601742127506921,-8.633293781699662,-8.633293781699662,-8.633293781699662,-8.633293781699662,True,False,False,False,False,False,715.0,5.680103,101.8225,38.065,-4.063,40.02,51.929475,311,12.70625,0.12397675,0.00218725,2.92162075,-2.249,42.0375
E_moluccana_HW2,2.041560262112177,14.626103837247172,18.506602490081686,19.985608769961573,20.876987275771057,21.431352574622537,0.570695579816231,5.177645107534767,9.547485378067213,13.355325867661762,16.640698113753885,19.65281455976363,0.01,0.1,0.2,0.3,0.4,0.5,2.92172775,2.92172775,2.92172775,2.92172775,2.92172775,2.92172775,12.665987603860245,21.329877065675788,29.70955619830957,33.77145283071756,36.05155032196896,37.51717287521554,36.51050420092131,35.40298495208992,34.4880524571167,33.79045040477575,33.26080742101968,32.8240471709399,-2.66149836747135,-3.672109899109988,-4.774595206352139,-6.122077248536987,-8.633293781699662,-8.633293781699662,True,False,False,False,False,False,639.5,5.6810694999999996,101.7125,37.9775,-2.539,36.08,45.363775,312,12.64159722,0.67490175,0.01234075,2.92172775,-2.085,42.0
E_moluccana_HW2,2.178023147876686,14.045793957419296,16.507684088009,17.18109129221677,17.46762217254502,17.613499042443088,0.4257007485028256,3.971368866642553,7.440650600977036,10.52469616045014,13.310663833410091,15.855090216010527,0.01,0.1,0.2,0.3,0.4,0.5,2.9211515,2.9211515,2.9211515,2.9211515,2.9211515,2.9211515,11.135599377739196,22.76134328497837,31.76875912347332,35.71616391479847,37.84493808256612,39.168235725738654,24.576523580923997,23.68827452803325,22.886661359353234,22.228340394661856,21.675425441377648,21.203156699943182,-0.7767617465497454,-1.4946174654974536,-2.212473184445161,-2.850567156843125,-3.448780255966214,-4.046993355089305,True,False,False,False,False,False,600.25,4.22017775,100.2875,29.0325,-0.6970000000000001,24.23,45.530525,306,12.05048611,0.8843700000000001,0.02086825,2.9211515,-1.3,35.245
E_moluccana_HW2,2.234338084531177,10.114014911791577,12.602388783525234,14.266076274438035,15.076627807907947,16.056114605101794,0.4503344669162768,4.015106661939659,7.184524027250442,9.77040639207572,12.254009890523275,14.239397867018852,0.01,0.1,0.2,0.3,0.4,0.5,2.92175975,2.92175975,2.92175975,2.92175975,2.92175975,2.92175975,16.718304973654476,35.841892699224275,41.87013957605394,44.32167957009197,45.79804949063195,46.67941713584557,41.7312349511648,40.77003424591592,40.029416981606055,39.504835528258106,39.060320534069206,38.748874968258136,-2.0024918660557742,-2.7129349284461908,-3.4233779908366078,-3.9984985651526586,-4.641280383505894,-5.250231579840536,True,False,False,False,False,False,1068.25,3.83565725,101.86,35.6875,-1.901,39.87,52.55976,311,12.29798611,0.50206475,0.01313725,2.92175975,-1.962,36.53
E_moluccana_HW2,2.2684556962153506,13.363430035557972,18.353188447249366,21.394538439815268,23.65042424229816,25.306602432722286,0.6530320470654961,5.796116418123376,10.453048106718166,14.428439619987895,17.897518611265337,21.037854013689124,0.01,0.1,0.2,0.3,0.4,0.5,2.92185325,2.92185325,2.92185325,2.92185325,2.92185325,2.92185325,15.23693612075832,29.62337437011807,36.07977324758656,39.16655828697054,41.00895112359371,42.266615374368136,40.10048275220765,38.66125126425775,37.50618442441557,36.632568475601055,35.950724467963404,35.39326561515209,-3.2556003462738614,-4.475283393483837,-6.027607271751077,-8.633293781699662,-8.633293781699662,-8.633293781699662,True,False,False,False,False,False,2071.0,5.36200375,101.7475,35.535,-3.117,36.55,51.5859825,312,12.25354167,0.70796875,0.013396000000000002,2.92185325,-1.546,40.1625
E_moluccana_HW2,1.9214386388777032,6.133900439760227,6.510032914469951,6.636252549332085,6.719110960381157,6.77593819375354,0.21951997148175167,2.0279343072631817,3.743750743136824,5.322052578628954,6.707837331736357,7.971105253021986,0.01,0.1,0.2,0.3,0.4,0.5,2.9212905,2.9212905,2.9212905,2.9212905,2.9212905,2.9212905,14.491687173503617,34.902846261890694,39.423492161662075,41.05282812733043,41.8867210982237,42.39461436390256,28.98979853738174,28.55319681693264,28.180075566338786,27.86824042846206,27.619461504132452,27.41084463630619,-0.7010617777974857,-1.0616177779748577,-1.4221737781522292,-1.7426680005321151,-2.023100445114516,-2.26347111189943,False,False,False,False,False,False,197.25,2.21463175,100.3275,30.6075,-0.6609999999999999,29.01,44.8463925,306,12.54416667,0.5118835,0.02307775,2.9212905,-0.937,28.96
E_moluccana_HW2,1.96654666082078,5.077057442539903,5.293210786579632,5.366756882508368,5.406304900080618,5.428772448433811,0.3995306159038587,3.591487345426712,6.6323743070294805,9.270033139167428,11.477360278600091,13.525797658158323,0.01,0.1,0.2,0.3,0.4,0.5,2.9214285,2.9214285,2.9214285,2.9214285,2.9214285,2.9214285,17.244870575791825,40.424670845625656,44.29794173839483,45.66565222029754,46.36362023260821,46.78759230954858,39.376056509699815,38.650007368258905,38.06248515269018,37.627185460960476,37.31717778061062,37.06117295421257,-3.117426539422608,-3.8491232144185443,-4.608962069222017,-5.42508528364056,-6.353777217289248,-8.605151601892128,False,False,False,False,False,False,169.25,4.12658725,101.835,37.0975,-3.033,39.49,48.778965,311,12.60013889,0.22558275,0.00539575,2.9214285,-2.9130000000000003,37.725
E_moluccana_HW2,2.2085899584377264,14.99707854528135,19.048955555355658,20.72780085542476,21.81512639040375,22.511842463753585,0.5279961881979731,4.774114240604726,8.754927360149281,12.212567826814096,15.182716102891359,17.89609104061272,0.01,0.1,0.2,0.3,0.4,0.5,2.92226775,2.92226775,2.92226775,2.92226775,2.92226775,2.92226775,13.246636241957448,23.96951466350761,32.5081450064314,36.59608176862436,38.89341326474426,40.38291912114453,37.55695259366396,36.5127456299581,35.66154101257935,35.01569234298072,34.52797980085103,34.1282254434867,-1.283496891181402,-2.145973056905484,-2.9709502589024317,-3.7209295334451116,-4.470908807987791,-5.258387046257606,True,False,False,False,False,False,741.75,5.11589075,101.7225,37.265,-1.171,36.77,48.623355,312,12.53013889,1.4189530000000001,0.02940875,2.92226775,-2.39,40.7675
E_moluccana_HW2,2.3674942900060687,14.371125881104328,16.51597980378494,17.11362320301615,17.390863656030287,17.546362096174672,0.3120877227458084,2.9053415650270025,5.404055323206703,7.65569326766593,9.663205129446565,11.491371021686245,0.01,0.1,0.2,0.3,0.4,0.5,2.9208255000000003,2.9208255000000003,2.9208255000000003,2.9208255000000003,2.9208255000000003,2.9208255000000003,12.051778966500905,26.137075990884927,35.665841558966406,39.65660224987032,41.779534845611174,43.09226350305809,25.489097073082377,24.828930549662537,24.24324949949525,23.756094759210143,23.35336334334374,23.010981218618568,-2.736862249062308,-3.305553615154236,-3.874244981246164,-4.4130052228069365,-4.981696588898865,-5.6102502040530995,True,False,False,False,False,False,576.25,3.034573,100.265,28.875,-2.677,24.94,49.430645,306,11.71777778,0.43392700000000006,0.01508825,2.9208255000000003,-2.8989999999999996,31.3825
E_moluccana_HW2,2.461455490720978,10.35489810003303,11.72218716912466,12.251001763274456,12.61638118242292,12.975568896134384,0.31305975731342306,2.805654464254815,5.040948376054379,7.052106069668567,8.802935689831584,10.217471982209203,0.01,0.1,0.2,0.3,0.4,0.5,2.9218315,2.9218315,2.9218315,2.9218315,2.9218315,2.9218315,16.24465593401355,38.683186079757654,45.83400933531053,48.62691736603779,50.09165739482994,50.98764823120889,40.12542588999499,39.49626171086936,39.01121188827508,38.633292658757256,38.345845950167494,38.14531133758765,-0.9747516962984892,-1.4412618740894234,-1.9077720518803583,-2.335406381522048,-2.6852890148652486,-2.996295800059205,True,False,False,False,False,False,458.0,2.9127355,101.9125,35.94,-0.897,39.39,55.7461375,311,11.72180556,0.9727024999999999,0.034015,2.9218314999999997,-3.18,34.31
E_moluccana_HW2,2.0233660686460224,11.983876599313094,15.381333744397535,17.33300772493059,18.731156386963765,19.425392821951988,0.388182259577495,3.4601532668372963,6.3105605993019545,8.637320835596578,10.603233550861528,12.570355200969264,0.01,0.1,0.2,0.3,0.4,0.5,2.92095075,2.92095075,2.92095075,2.92095075,2.92095075,2.92095075,14.287579896708962,27.011869279229032,33.644187768709386,36.65426923935895,38.3820500051036,39.5786963284578,38.62168175675807,37.75803029529983,37.04901467652306,36.534316663896384,36.14486641751722,35.79124694832834,-4.191121483049239,-5.0339952012547045,-6.104672627083268,-8.041004141879608,-8.633293781699662,-8.633293781699662,True,False,False,False,False,False,1221.75,3.1929865,101.7875,34.405,-4.1,36.44,46.7204625,312,11.6725,1.05261825,0.032729,2.92095075,-3.286,33.63
E_sideroxylon_HW2,2.166984261789785,13.14304690950311,15.113078905008248,15.67098390551053,15.936621295723064,16.08929200841902,0.3030565128189534,2.8240565485969578,5.257645795321394,7.4582047032341245,9.419806139028182,11.207416675681241,0.01,0.1,0.2,0.3,0.4,0.5,2.92089725,2.92089725,2.92089725,2.92089725,2.92089725,2.92089725,11.208724212131626,24.121789265361663,32.830833074029606,36.47519091089233,38.41414041537918,39.61343462352922,24.998525822780074,24.361633354713,23.795168559633552,23.32184953977136,22.930400221896697,22.59712787166559,-0.8694249173608829,-1.289536714928388,-1.7096485124958931,-2.080335392702516,-2.4263098142286963,-2.7475717770744352,True,False,False,False,False,False,503.25,2.97467975,100.28,29.6125,-0.82,24.6,45.426840000000006,306,11.85548611,2.5066580000000003,0.08828775,2.92089725,-1.989,31.4075
E_sideroxylon_HW2,2.2622264998348243,8.327780429881457,9.222000842745107,9.538921542610638,9.763894534560377,9.993645324828043,0.2987388728354744,2.668288236961676,4.779905990548311,6.717071484130896,8.39063081210019,9.709855682035275,0.01,0.1,0.2,0.3,0.4,0.5,2.92187775,2.92187775,2.92187775,2.92187775,2.92187775,2.92187775,16.384310515906982,38.97041367740746,44.891647907560056,47.14458765331131,48.31235064791925,49.022381542179154,41.109412293176774,40.524068383990816,40.08036556448175,39.72990605435165,39.467809746914064,39.29287236226058,-0.7724098419839985,-1.1756885778559871,-1.5285574717439767,-1.8562214446399672,-2.1334755755519588,-2.385524785471952,False,False,False,False,False,False,336.5,2.82818475,101.91,36.5475,-0.722,40.56,52.68747,311,11.91048611,1.1251125,0.040454500000000004,2.92187775,-2.138,34.515
E_sideroxylon_HW2,2.348053018072913,13.780401737175126,17.782303337683523,19.82859560217791,21.14820722787216,22.29823578081411,0.4755358178045308,4.28589032478649,7.743858041015995,10.70936632368091,13.344257988110774,15.588632922980453,0.01,0.1,0.2,0.3,0.4,0.5,2.92152125,2.92152125,2.92152125,2.92152125,2.92152125,2.92152125,14.88527240723814,29.786782433691577,37.45805685603342,41.01579775776428,43.05271510250519,44.354656758662045,38.50911199050459,37.48825932259117,36.67218860714177,36.05509161243535,35.56633567418018,35.19398843022928,-0.8882278283026309,-1.5315356735920995,-2.125358300013147,-2.669695707565775,-3.1645478962499816,-3.6841426943683984,True,False,False,False,False,False,1202.75,4.16729375,101.785,34.84,-0.8140000000000001,36.56,52.52106,312,11.84361111,1.49961575,0.03716925,2.92152125,-2.655,36.6325
E_sideroxylon_HW2,2.0700592014030916,7.771261537910683,8.296245531260709,8.467960426482069,8.56892372775529,8.635844739980023,0.18281334817501493,1.699843520144286,3.156547308873645,4.482150155159076,5.6563603501447135,6.725796946650809,0.01,0.1,0.2,0.3,0.4,0.5,2.92068775,2.92068775,2.92068775,2.92068775,2.92068775,2.92068775,12.941381949627496,33.036457906317466,38.72016272422029,40.79379914721911,41.859951481676006,42.509841320561705,25.959492331021515,25.58378813880498,25.253613690712328,24.97734515918397,24.751738745262827,24.560680629997385,-0.5880089410925018,-0.8480983520175196,-1.0821788218500357,-1.3162592916825515,-1.5243308204225658,-1.6803844669775767,False,False,False,False,False,False,240.5,1.8219185000000002,100.29,29.18,-0.562,25.87,45.63195,306,12.17208333,1.37206625,0.07582375,2.92068775,-1.8,26.4575
E_sideroxylon_HW2,1.476458771252232,2.6638241793210953,2.7224303473316933,2.7358510595021155,2.7399594607550237,2.73540377942702,0.25750757471166424,2.308765113084015,4.243692640571202,5.916919567074954,7.421892742672463,8.587822727965156,0.01,0.1,0.2,0.3,0.4,0.5,2.92136825,2.92136825,2.92136825,2.92136825,2.92136825,2.92136825,21.849683436538022,41.144325135273654,43.225487000967036,43.94355123373214,44.30659317619385,44.52632576981527,39.98463164381035,39.50866374546639,39.127804765396036,38.846718831516455,38.626600107857186,38.48594083058666,-0.3793997917327423,-0.7057985421291959,-1.0321972925256493,-1.3041962511893606,-1.5761952098530718,-1.76659448091767,False,False,False,False,False,False,100.25,2.60629225,101.8575,35.6775,-0.325,39.92,45.530302500000005,311,12.21118056,1.3221829999999999,0.05129125,2.92136825,-1.982,32.865
E_sideroxylon_HW2,2.201660381019215,12.64690800952401,15.070419533918047,16.069896174360675,16.65404045579463,17.16277014898207,0.4060911083177032,3.6740742870016168,6.730432950849737,9.381739798621457,11.751181574336842,13.724880039222533,0.01,0.1,0.2,0.3,0.4,0.5,2.921519,2.921519,2.921519,2.921519,2.921519,2.921519,13.972583451209026,28.45068885680991,36.49846518478161,39.92587323801371,41.798401425147645,42.9648575217943,37.234784733245114,36.425168954010296,35.76546079228534,35.26468847073981,34.867830275699184,34.57764182363246,-0.8409514463930832,-1.3905953866090268,-1.8902716958962484,-2.364964189719109,-2.789689052613247,-3.1894301000430243,True,False,False,False,False,False,583.25,3.91157775,101.7575,35.31,-0.7659999999999999,36.55,49.25063,312,12.16805556,1.52232325,0.0388695,2.921519,-2.099,36.225
E_sideroxylon_HW2,2.3619319803854086,16.61859059274353,20.79201457320012,21.99511316856751,22.510337638882174,22.782565104555818,0.2922781148295309,2.714321509427776,5.035796731081455,7.051046892644223,8.822243453496007,10.510561481833294,0.01,0.1,0.2,0.3,0.4,0.5,2.921008,2.921008,2.921008,2.921008,2.921008,2.921008,12.138664342792374,22.481781250805536,32.09069926356348,36.86262389187977,39.52225577788908,41.203002095430286,26.6291974967938,25.96543706673737,25.37596064794751,24.90147601953595,24.512954369073647,24.165476649831614,-0.6565857213809835,-1.0692714924288511,-1.4561644027862268,-1.7914715917626196,-2.1009859200485206,-2.384707387643929,True,False,False,False,False,False,1064.25,2.60686075,100.2675,29.12,-0.605,24.94,49.4318775,306,11.75805556,2.304769,0.08898049999999999,2.921008,-1.706,30.8225
E_sideroxylon_HW2,2.4719690335405264,11.606969551808614,13.766578012293994,14.709322444000126,15.371914463735454,16.033889195094634,0.3808289694483739,3.4099709282314885,6.1239806178050875,8.53335360308364,10.64149025477956,12.362085209305098,0.01,0.1,0.2,0.3,0.4,0.5,2.92236275,2.92236275,2.92236275,2.92236275,2.92236275,2.92236275,16.075667255073142,36.608127665627705,44.10761665281347,47.19619032868046,48.8508744616292,49.870264491330616,40.449680387442335,39.67274841432621,39.07273789177575,38.61134286839659,38.257787742092965,38.00692630983357,-0.9817956674986108,-1.491365339988887,-1.9524045674800892,-2.3649133499722184,-2.753156909964809,-3.0928700249583265,True,False,False,False,False,False,664.75,3.475374,101.915,36.0875,-0.909,39.39,55.747505000000004,311,11.775,1.8838700000000002,0.054475,2.92236275,-2.39,36.3625
E_sideroxylon_HW2,1.96782376600949,11.910337309071288,15.638377481168535,17.48963916539951,18.667635102036012,19.676351624809953,0.4353424367411533,3.925591160579813,7.094662443614559,9.820194455128693,12.238605944968073,14.293667379951374,0.01,0.1,0.2,0.3,0.4,0.5,2.9214976000000004,2.9214976000000004,2.9214976000000004,2.9214976000000004,2.9214976000000004,2.9214976000000004,13.9571177575921,25.857277985663586,32.25539134492696,35.350817977835085,37.14194571462448,38.292548882846816,38.31529016934946,37.38352542019405,36.63877014685805,36.074269452184794,35.62796778071402,35.289102287346566,-0.6390418986543898,-1.2113491554532485,-1.7576424460339766,-2.225893837960315,-2.668131263668524,-3.0583407569404724,True,False,False,False,False,False,1070.2,3.835147,101.788,34.446,-0.561,36.58,45.499235999999996,312,11.71127778,1.741434,0.0478608,2.9214976000000004,-2.079,35.75
E_sideroxylon_HW2,2.1053947748102715,10.348213234635393,11.449355184638419,11.795478463957815,11.979494990874038,12.095300353933391,0.2012606508243225,1.873174714795167,3.4817515018354417,4.9324197820444695,6.222671599594393,7.39655848564744,0.01,0.1,0.2,0.3,0.4,0.5,2.921071,2.921071,2.921071,2.921071,2.921071,2.921071,12.880014283930599,29.347744199796352,36.578420639925206,39.38082241465907,40.84652317436123,41.74694996274683,25.492511174743253,25.068830217325075,24.693999599460888,24.38230055845531,24.12558525795368,23.907771810281343,-0.5462199963688837,-0.8346399564266043,-1.0968399201154413,-1.3590398838042783,-1.5687998547553477,-1.7523398293375336,False,False,False,False,False,False,363.0,1.9643451669999998,100.255,26.93833333,-0.52,25.18,46.1173,306,11.41574074,1.4371173330000002,0.072860667,2.921071,-1.9909999999999999,26.825
E_sideroxylon_HW2,2.4204668153802897,7.157991003746536,7.52816359177027,7.672960324574213,7.756579656008968,7.829572802013294,0.280398410755668,2.558712137990979,4.7374638795526645,6.637673155975229,8.343254047703669,9.77381975251403,0.01,0.1,0.2,0.3,0.4,0.5,2.920923,2.920923,2.920923,2.920923,2.920923,2.920923,17.722824519387817,44.78392066504155,50.194159577888136,52.1172351552141,53.102226162274285,53.699560668301935,34.2311844127611,33.688463510885136,33.23195844267452,32.880511139974914,32.59843491548218,32.389826966463914,-0.7922088369588729,-1.1687751141504197,-1.5453413913419665,-1.8716988315746408,-2.1478474348484413,-2.3988916196428063,False,False,False,False,False,False,228.5,2.8495939999999997,101.935,31.7675,-0.742,34.17,56.573925,311,11.24208333,0.972506,0.03485425,2.920923,-2.158,33.32
E_sideroxylon_HW2,2.4532442544244546,14.16881447196624,16.747439916185378,17.660058240266952,18.20491198686535,18.564332589876575,0.3639110608372755,3.3243161441462403,6.077604666721624,8.539959571509717,10.707962842666694,12.676653190297436,0.01,0.1,0.2,0.3,0.4,0.5,2.92163675,2.92163675,2.92163675,2.92163675,2.92163675,2.92163675,14.933409392125471,30.938070652034774,40.10320470048353,44.013633120389365,46.118533626634026,47.43792596644407,33.853422622350934,33.09981480662779,32.475672341903504,31.976628348947674,31.58101667974165,31.253983249672928,-0.6684651183659079,-1.183116302024989,-1.6463023673181616,-2.0580233142454265,-2.4440117019897367,-2.8042675305510936,True,False,False,False,False,False,680.25,3.46680825,101.8,31.3125,-0.617,32.99,54.2594,312,11.23,1.82024275,0.05496925,2.92163675,-2.1,33.9375
E_sideroxylon_HW2,1.951323080025709,6.549125808205716,6.96076034526534,7.124826340931093,7.22225288606269,7.289662442523199,0.2734220057544224,2.5268511574897645,4.716361631938022,6.6440951864670525,8.379488745325316,9.962871581906606,0.01,0.1,0.2,0.3,0.4,0.5,2.9213145000000003,2.9213145000000003,2.9213145000000003,2.9213145000000003,2.9213145000000003,2.9213145000000003,14.019708663842206,34.23113674446407,39.04042408508385,40.773200798141424,41.664624398830426,42.20813837163929,28.896137450336266,28.356407652607537,27.883689006879724,27.507691961888682,27.19898622344772,26.939924475772226,-1.1852188872101292,-1.554969984891163,-1.9478305261772608,-2.271362736648165,-2.594894947119069,-2.8953177139849093,False,False,False,False,False,False,207.25,2.77901325,100.3275,31.09,-1.139,29.01,44.8463925,306,12.62118056,0.35275525,0.01283325,2.9213145000000003,-1.724,31.365
E_sideroxylon_HW2,2.155800100502014,5.72109893835999,5.976451031014378,6.067853436395874,6.121009306859517,6.1511930573108025,0.3982692648270745,3.572979031612161,6.587641781696083,9.19986851756318,11.377425887726044,13.399314704537193,0.01,0.1,0.2,0.3,0.4,0.5,2.921427,2.921427,2.921427,2.921427,2.921427,2.921427,17.366147951735996,42.520648150737145,46.87385768242231,48.413023464017094,49.19892458381968,49.67722965163775,39.972378749732535,39.24750747064795,38.6646906139252,38.234503938763325,37.930328459681675,37.67944176628343,-0.7178358685036359,-1.2300749918612093,-1.7423141152187824,-2.203329326240598,-2.5875086687587787,-2.9716880112769593,False,False,False,False,False,False,185.33333330000002,4.088354,101.83,37.55666667,-0.6409999999999999,40.02,51.9333,311,12.65851852,0.689457667,0.016624667,2.921427,-1.736,37.59
E_sideroxylon_HW2,2.1802679201257726,15.462581244827176,21.58528478819205,24.645286523950357,26.527426970824852,28.078105691789826,0.5014172821821576,4.5146600027390535,8.151005588219283,11.263322933360513,14.030521651376104,16.387374788649517,0.01,0.1,0.2,0.3,0.4,0.5,2.921562333,2.921562333,2.921562333,2.921562333,2.921562333,2.921562333,13.19047915107984,22.62887622205216,29.8342656005016,33.823789947969665,36.24657778402274,37.836241607024384,38.83044459987954,37.75316392863301,36.89397510989448,36.24607299392889,35.73293147465685,35.34224865062365,-0.7424589840815253,-1.4305898408152542,-2.042261713467458,-2.602960930065312,-3.1381738186359893,-3.6733867072066673,True,False,False,False,False,False,1281.0,4.372882333,101.72,37.72333333,-0.6659999999999999,36.75,48.11356,312,12.59388889,1.236306,0.027831667,2.9215623330000002,-1.9769999999999999,38.37666667
E_tereticornis_HW2,2.2420955153127338,10.591856209205837,11.616349195014648,11.954987550732213,12.10862250031606,12.216150232157455,0.19088310674256334,1.7778136840624776,3.3064858588584864,4.6384219762445005,5.908796391419624,7.023706579571216,0.01,0.1,0.2,0.3,0.4,0.5,2.921055,2.921055,2.921055,2.921055,2.921055,2.921055,13.429497109016175,31.661213388255078,39.14758615595977,42.00469728035691,43.49894362461533,44.41261840658642,25.13940260100119,24.735594896441718,24.377278697334297,24.089489123710234,23.83325088743602,23.624264182219463,-0.726816914504764,-1.0218029740571692,-1.3167890336095742,-1.5581412641524508,-1.7994934946953278,-2.0408457252382046,False,False,False,False,False,False,363.5,1.85797175,100.26,26.205,-0.7,24.81,48.82662,306,11.35354167,0.97254725,0.05223725,2.921055,-1.726,26.1625
E_tereticornis_HW2,2.4798949454720045,13.509624900326493,15.974350087791164,16.967264373932846,17.577745105600876,17.995062746373502,0.32290067217098745,2.9273273158911293,5.31331288615743,7.400658529253435,9.243277825048036,10.912149963047614,0.01,0.1,0.2,0.3,0.4,0.5,2.92080275,2.92080275,2.92080275,2.92080275,2.92080275,2.92080275,15.239352067295025,32.76561918446657,41.51515377653095,45.18982466831781,47.17405544893507,48.42174841994543,36.49430286451617,35.812269972745646,35.260385218590976,34.83305660403481,34.49585344970098,34.21986793795668,-0.6843373465974679,-1.173373465974679,-1.635240912053156,-2.015602338235431,-2.3959637644177065,-2.749156517301248,True,False,False,False,False,False,703.25,2.9441490000000003,101.94,33.2775,-0.63,35.4,55.0476,311,11.36222222,1.27275675,0.04374025,2.92080275,-1.791,33.67
E_tereticornis_HW2,2.3290451795007017,13.020224090288401,15.321366544919579,16.18222792914541,16.68981613471755,17.028512128894047,0.29542472702442196,2.688954011104697,4.897701777187517,6.84072115591743,8.555509283623028,10.10902520451258,0.01,0.1,0.2,0.3,0.4,0.5,2.9210700000000003,2.9210700000000003,2.9210700000000003,2.9210700000000003,2.9210700000000003,2.9210700000000003,14.787860978511427,30.686062640928274,39.1642128482515,42.73846104927568,44.663423877876596,45.869279543350636,35.075181572874165,34.45193854331899,33.941190585332336,33.541272944506225,33.22429051784794,32.963689641347216,-0.6378097084065131,-1.076287375658618,-1.4873601887074663,-1.871028147553058,-2.199886397992137,-2.5287446484312155,True,False,False,False,False,False,632.25,2.7275885,101.81,32.1875,-0.583,34.13,52.12672,312,11.31631944,1.29880925,0.04752725,2.9210700000000003,-1.618,31.72
E_tereticornis_HW2,1.955191648176992,6.619675135724767,7.0348095773681205,7.1733980004986915,7.2588514982839225,7.3163605053228435,0.18408657396183767,1.7033781477170358,3.148732227941436,4.469545147686971,5.6326219475065,6.691795949167003,0.01,0.1,0.2,0.3,0.4,0.5,2.92126625,2.92126625,2.92126625,2.92126625,2.92126625,2.92126625,13.857308627157533,34.01194166994904,38.88202928824085,40.643812805012814,41.54715359858511,42.09741032948347,28.22514900892849,27.85314712959257,27.53270895526267,27.265819631874233,27.051248268967782,26.870928138298996,-0.522847065258533,-0.8013177178438623,-1.0797883704291915,-1.330411957755988,-1.5531884798242517,-1.748117936633982,False,False,False,False,False,False,210.0,1.83856375,100.3225,30.485,-0.495,28.16,44.743835,306,12.50472222,1.96509975,0.1127785,2.92126625,-2.003,27.4375
E_tereticornis_HW2,2.1013016817520964,8.165218611245951,8.955627328251179,9.219562355359953,9.389213958200925,9.542855207191517,0.27911938888606913,2.50271383995074,4.498132176339051,6.333915160757245,7.919738584031683,9.182919431926326,0.01,0.1,0.2,0.3,0.4,0.5,2.921719,2.921719,2.921719,2.921719,2.921719,2.921719,15.085002105585394,35.34356874945518,41.21224118760818,43.432151997279895,44.582911574805905,45.28469825288397,39.94458660341434,39.39857375580404,38.97952416013836,38.6456360914722,38.39487954692184,38.22459552229807,-0.5754428742356589,-0.9912644310031002,-1.3516431135348828,-1.7120217960666653,-2.0169576043627893,-2.266450538423254,False,False,False,False,False,False,300.5,2.67434675,101.845,37.015,-0.52,39.49,48.783755,311,12.578125,2.79321325,0.11216325,2.921719,-1.722,33.5975
E_tereticornis_HW2,2.1910066693645605,14.697435680142375,19.623136014288484,22.35086133586489,23.977038468265395,25.124334823700014,0.4268173105215591,3.8019705764753664,6.923789284355163,9.471622950221468,11.762628123014645,13.825681326854284,0.01,0.1,0.2,0.3,0.4,0.5,2.9216195,2.9216195,2.9216195,2.9216195,2.9216195,2.9216195,13.529227145022896,24.471039041868448,31.967087284859037,35.668811585465505,37.916037795682286,39.395801561783706,39.03643157653149,38.09559001247893,37.32750854966591,36.77167283331212,36.32526028311061,35.96268701970153,-0.8129532560771063,-1.4525793046939572,-2.0389031825927373,-2.545273804414411,-3.0782955115951203,-3.6113172187758287,True,False,False,False,False,False,1289.5,3.54128025,101.74,37.1075,-0.733,36.77,48.63172,312,12.50402778,4.84075125,0.1382465,2.9216195,-2.086,36.73
E_tereticornis_HW2,2.1477711125863426,15.848972137077675,20.843878627403942,22.415453419216586,23.092110122265506,23.43827304906794,0.3031918778532514,2.8153131462910497,5.2224294619558576,7.311384722305276,9.146820385330956,10.776408517932268,0.01,0.1,0.2,0.3,0.4,0.5,2.9216955,2.9216955,2.9216955,2.9216955,2.9216955,2.9216955,11.509448283306464,19.71582845038233,28.03377575136731,32.610594412829926,35.255116501562796,36.94720341000929,26.724387780490407,26.02171181106069,25.39597355784388,24.89095660322633,24.47640690759257,24.13111409335727,-0.7090860903160608,-1.1688178580025779,-1.6285496256890954,-2.0341953030595517,-2.412797935271977,-2.737314477168342,True,False,False,False,False,False,1271.0,2.6333925,100.2725,29.5425,-0.655,24.6,45.4234425,306,11.82965278,1.4074965,0.05356275,2.9216955000000002,-1.645,29.9
E_tereticornis_HW2,2.341306851001673,10.96520674634336,13.556614593628456,14.962111888945401,15.929833518343886,16.89915118139544,0.4391862357094553,3.915951341586129,7.007730307068418,9.666093941963547,12.017777318946722,13.955244276832815,0.01,0.1,0.2,0.3,0.4,0.5,2.92182725,2.92182725,2.92182725,2.92182725,2.92182725,2.92182725,16.337477512179948,35.799070145419215,42.428427637611684,45.218299515332994,46.76517148865833,47.72402434673789,41.71381032516058,40.790905362310404,40.082316919001045,39.55538886812007,39.14675039883525,38.85205622686215,-0.6829432058258499,-1.3384888524326506,-1.9120912932136007,-2.4583793320526017,-2.9500385670077023,-3.441697801962803,True,False,False,False,False,False,949.625,3.8192150000000002,101.92125,36.48875,-0.601,40.09,53.91634125,311,11.86666667,0.833411375,0.02345125,2.92182725,-2.282,37.27125
E_tereticornis_HW2,2.3626715729768253,13.283748369192473,16.023640487732102,17.107425561923748,17.80687845018471,18.41864967909504,0.3759942884513044,3.397761777551152,6.151860587080479,8.600208115765552,10.748160495645456,12.548237322794867,0.01,0.1,0.2,0.3,0.4,0.5,2.921496,2.921496,2.921496,2.921496,2.921496,2.921496,14.652781756055775,30.652335789751174,38.98451250281343,42.59421460306439,44.55247876800192,45.775145410653664,37.576114308412144,36.801919335754654,36.18437368190335,35.70186365166705,35.32636061538627,35.047861430359156,-1.0719884319565034,-1.6292369329708611,-2.1611559566663843,-2.667745503043073,-3.1743350494197617,-3.6302656411587817,True,False,False,False,False,False,699.0,3.488829,101.788,34.802,-0.996,36.56,52.522608,312,11.81905556,1.4203073999999998,0.0418966,2.921496,-2.13,34.62
E_tereticornis_HW2,2.1368510305736104,14.414039394693846,17.55391596948772,18.50780987831769,18.934678806303246,19.185314209506547,0.2764127330341005,2.565843723660371,4.758569309437667,6.6610284940147455,8.438665090154176,10.014212252054106,0.01,0.1,0.2,0.3,0.4,0.5,2.9213935,2.9213935,2.9213935,2.9213935,2.9213935,2.9213935,11.887125557870226,22.259223524417852,30.996820291173226,35.063455312406056,37.3042195062582,38.70435798636364,26.82988945369051,26.22841919994504,25.698422133362644,25.275021620280963,24.907558822234172,24.60467245038668,-0.6249403616728447,-1.0369930742191804,-1.4490457867655162,-1.8336283184754296,-2.1632704885124983,-2.492912658549567,True,False,False,False,False,False,717.25,2.58673775,100.3025,29.145,-0.57,25.87,45.6376375,306,12.19722222,1.85010975,0.0729085,2.9213935,-1.949,29.595
E_tereticornis_HW2,1.6838467131367851,3.4372915141059988,3.5493043676110343,3.5874266559039745,3.6064412366210763,3.618844050230321,0.23080293145760195,2.0644411246521868,3.7746530483061664,5.2503983164496155,6.574453879664596,7.597045766191631,0.01,0.1,0.2,0.3,0.4,0.5,2.921954,2.921954,2.921954,2.921954,2.921954,2.921954,20.052155402046388,41.40170042618462,44.055126705789846,44.97900008565816,45.44859673415004,45.732632425130575,40.64330522281941,40.20762159392193,39.86327774333122,39.60983852028028,39.41214240108598,39.285569094642455,-0.3148973165148144,-0.6616651146925866,-0.9795355963555444,-1.268508761503688,-1.4996872936222028,-1.7019685092259031,False,False,False,False,False,False,123.0,2.2763185,101.8625,35.7325,-0.28600000000000003,40.44,47.060475,311,12.18201389,1.85808925,0.085016,2.921954,-1.9,32.085
E_tereticornis_HW2,2.202997779605912,13.092456764492102,16.047547137008422,17.195399832996404,17.91917362002298,18.53759560806624,0.3751985856164628,3.3908521591125917,6.139816302689946,8.586223602528744,10.731763641700065,12.529198050484721,0.01,0.1,0.2,0.3,0.4,0.5,2.92194075,2.92194075,2.92194075,2.92194075,2.92194075,2.92194075,13.951183418332255,27.70334206644857,35.69633584804639,39.27559837679465,41.234465896508745,42.46255153686288,37.54748714297217,36.776055793822366,36.16071889145304,35.679423268754675,35.305043526456934,35.02756218118228,-0.8779582812027346,-1.4306662496218758,-1.9570547909734397,-2.4571239052574243,-2.9045541654062528,-3.3519844255550817,True,False,False,False,False,False,690.25,3.486407,101.76,35.36,-0.799,36.55,49.25184,312,12.12833333,3.3023165,0.0924305,2.92194075,-1.86,35.0525
E_tereticornis_HW2,2.2708412548802586,9.735869189182942,10.563189669056145,10.85151544511347,10.980489644402946,11.076882122318887,0.18929967326784855,1.7626585774744532,3.277598014540932,4.5970738070250405,5.8627726631169335,6.970089538971688,0.01,0.1,0.2,0.3,0.4,0.5,2.9208105,2.9208105,2.9208105,2.9208105,2.9208105,2.9208105,14.480358063687724,34.55517019433292,41.5325750042477,44.14242836517463,45.50110724689022,46.32997426527778,25.255284644216584,24.857938061453304,24.50599025428028,24.223810323674755,23.97109345013338,23.76598240318264,-0.5238420401329048,-0.8301044815948575,-1.1085248829239056,-1.3591032441200488,-1.581839565183287,-1.804575886246525,False,False,False,False,False,False,327.5,1.8557854999999999,100.265,25.125,-0.496,25.0,50.33303,306,11.27027778,1.000173,0.0548645,2.9208105,-1.767,25.495
E_tereticornis_HW2,2.352629149271226,14.598521000300961,18.7394673122288,20.84090369466655,21.870284312866893,22.70468871025408,0.4329538650975371,3.916540745028049,7.098317481031318,9.753075058924264,12.264776832543063,14.462440211641061,0.01,0.1,0.2,0.3,0.4,0.5,2.92099525,2.92099525,2.92099525,2.92099525,2.92099525,2.92099525,14.426584650924518,28.08556292369822,36.296086497708885,40.127278540322685,42.39075313523982,43.82326205644018,37.31415731154045,36.38148513019526,35.627237274527914,35.069320738012344,34.59520276814518,34.22136825866509,-0.2860185827102722,-0.9314881892522682,-1.5182787406540827,-2.046390236915716,-2.5451622056072583,-3.01459464672871,True,False,False,False,False,False,1109.5,3.82985675,101.935,34.54,-0.198,35.53,52.19072,311,11.44180556,2.84385075,0.07350075,2.92099525,-2.199,37.1925
E_tereticornis_HW2,2.2796768231562328,13.072722821838214,15.892320668516321,17.032020503517803,17.742023575803035,18.22704102808296,0.3609918587851755,3.274078702968197,5.946444375062544,8.300095373692127,10.374583146225698,12.255204693206053,0.01,0.1,0.2,0.3,0.4,0.5,2.92184825,2.92184825,2.92184825,2.92184825,2.92184825,2.92184825,14.76276388327634,29.776068579746717,37.867773583369576,41.422932510413496,43.36766021691305,44.60110378944878,36.364028364596074,35.60766718616336,34.99507475325121,34.517464913884766,34.141269836318244,33.83304006140644,-0.596231818959277,-1.1485500085520464,-1.6456363791855386,-2.1151068403393927,-2.5293454825339694,-2.9435841247285466,True,False,False,False,False,False,755.75,3.3214175000000004,101.7975,32.9225,-0.541,35.24,51.30594,312,11.38680556,2.726049,0.089362,2.92184825,-2.128,33.93
